Time,actual,predicted,error
2024-01-01 00:00:00-05:00,22.4,21.218863,1.1811374664306626
2024-01-01 01:00:00-05:00,22.05,20.37645,1.6735504150390632
2024-01-01 02:00:00-05:00,21.45,19.433622,2.016377639770507
2024-01-01 03:00:00-05:00,20.96,18.897871,2.062128982543946
2024-01-01 04:00:00-05:00,21.33,20.77392,0.5560799407958967
2024-01-01 05:00:00-05:00,21.99,22.711746,-0.7217462158203141
2024-01-01 06:00:00-05:00,24.17,24.443697,-0.2736969757080061
2024-01-01 07:00:00-05:00,25.59,26.140356,-0.5503560638427736
2024-01-01 08:00:00-05:00,26.23,26.464964,-0.23496391296386676
2024-01-01 09:00:00-05:00,25.02,26.109873,-1.0898728179931645
2024-01-01 10:00:00-05:00,24.93,25.849035,-0.9190352630615237
2024-01-01 11:00:00-05:00,24.02,25.976532,-1.9565319824218754
2024-01-01 12:00:00-05:00,23.35,25.676584,-2.3265842437744126
2024-01-01 13:00:00-05:00,22.09,25.436136,-3.346136245727539
2024-01-01 14:00:00-05:00,21.31,24.943136,-3.633136215209962
2024-01-01 15:00:00-05:00,21.53,24.94784,-3.4178397369384754
2024-01-01 16:00:00-05:00,23.53,26.831196,-3.301195831298827
2024-01-01 17:00:00-05:00,29.6,29.783907,-0.1839069366455064
2024-01-01 18:00:00-05:00,31.47,29.629467,1.840532989501952
2024-01-01 19:00:00-05:00,26.04,27.90022,-1.8602208709716805
2024-01-01 20:00:00-05:00,24.42,25.888435,-1.4684353637695295
2024-01-01 21:00:00-05:00,20.99,25.45001,-4.460010299682619
2024-01-01 22:00:00-05:00,20.06,24.328308,-4.268308105468751
2024-01-01 23:00:00-05:00,18.57,24.328308,-5.75830810546875
2024-01-02 00:00:00-05:00,19.44,24.01502,-4.575020370483397
2024-01-02 01:00:00-05:00,18.42,23.181494,-4.761493759155272
2024-01-02 02:00:00-05:00,17.84,22.673677,-4.833677444458008
2024-01-02 03:00:00-05:00,17.94,22.178684,-4.238684234619139
2024-01-02 04:00:00-05:00,19.23,22.577106,-3.3471064758300777
2024-01-02 05:00:00-05:00,21.27,24.041313,-2.771313171386719
2024-01-02 06:00:00-05:00,24.06,25.874138,-1.81413787841797
2024-01-02 07:00:00-05:00,31.54,27.516344,4.023655929565429
2024-01-02 08:00:00-05:00,27.85,28.783604,-0.9336036682128892
2024-01-02 09:00:00-05:00,24.05,27.840588,-3.790587615966796
2024-01-02 10:00:00-05:00,23.52,27.358444,-3.838444213867188
2024-01-02 11:00:00-05:00,22.26,26.197903,-3.937902679443358
2024-01-02 12:00:00-05:00,22.41,26.989662,-4.579662170410156
2024-01-02 13:00:00-05:00,21.91,26.168541,-4.258540954589844
2024-01-02 14:00:00-05:00,22.31,26.097965,-3.787965240478517
2024-01-02 15:00:00-05:00,21.89,26.363182,-4.473182067871093
2024-01-02 16:00:00-05:00,25.98,28.394253,-2.414252777099609
2024-01-02 17:00:00-05:00,35.12,32.89136,2.228638763427732
2024-01-02 18:00:00-05:00,33.87,33.04377,0.8262301635742162
2024-01-02 19:00:00-05:00,29.44,29.273407,0.16659301757812628
2024-01-02 20:00:00-05:00,28.24,27.079628,1.1603720092773422
2024-01-02 21:00:00-05:00,27.5,26.022839,1.4771614074707031
2024-01-02 22:00:00-05:00,26.01,25.443804,0.5661962127685563
2024-01-02 23:00:00-05:00,25.17,24.513586,0.6564139556884783
2024-01-03 00:00:00-05:00,25.79,21.48954,4.300459899902343
2024-01-03 01:00:00-05:00,25.83,20.690067,5.139932708740233
2024-01-03 02:00:00-05:00,24.06,20.664492,3.395508346557616
2024-01-03 03:00:00-05:00,23.93,20.678576,3.2514244842529294
2024-01-03 04:00:00-05:00,24.85,21.415377,3.4346233367919936
2024-01-03 05:00:00-05:00,27.46,24.027727,3.4322728729248055
2024-01-03 06:00:00-05:00,32.69,27.46452,5.225480499267576
2024-01-03 07:00:00-05:00,42.98,33.522594,9.4574055480957
2024-01-03 08:00:00-05:00,40.66,30.317453,10.342546615600583
2024-01-03 09:00:00-05:00,35.76,28.299036,7.4609639739990214
2024-01-03 10:00:00-05:00,35.64,28.414518,7.225481643676758
2024-01-03 11:00:00-05:00,32.59,27.90903,4.680969085693363
2024-01-03 12:00:00-05:00,30.67,27.932032,2.737968368530275
2024-01-03 13:00:00-05:00,27.28,27.196766,0.08323410034179801
2024-01-03 14:00:00-05:00,27.39,27.101906,0.2880941772460943
2024-01-03 15:00:00-05:00,26.63,26.533901,0.09609878540038963
2024-01-03 16:00:00-05:00,32.6,28.293194,4.3068061828613295
2024-01-03 17:00:00-05:00,39.64,34.151173,5.488827362060547
2024-01-03 18:00:00-05:00,39.04,32.841064,6.198935546874999
2024-01-03 19:00:00-05:00,34.69,29.551252,5.138747634887693
2024-01-03 20:00:00-05:00,32.71,27.139307,5.570692977905274
2024-01-03 21:00:00-05:00,29.39,26.686884,2.703116073608399
2024-01-03 22:00:00-05:00,28.56,26.204792,2.3552079772949206
2024-01-03 23:00:00-05:00,28.66,25.524862,3.135137710571289
2024-01-04 00:00:00-05:00,29.12,24.611559,4.508441085815431
2024-01-04 01:00:00-05:00,27.79,24.410252,3.3797483825683585
2024-01-04 02:00:00-05:00,27.93,23.761461,4.168538742065429
2024-01-04 03:00:00-05:00,28.42,24.049122,4.370878143310549
2024-01-04 04:00:00-05:00,29.66,25.21921,4.440790328979492
2024-01-04 05:00:00-05:00,33.08,27.71703,5.362970428466795
2024-01-04 06:00:00-05:00,37.48,31.140532,6.339468460083005
2024-01-04 07:00:00-05:00,51.93,37.528538,14.401462249755859
2024-01-04 08:00:00-05:00,45.95,36.193005,9.756995391845706
2024-01-04 09:00:00-05:00,40.18,33.697975,6.4820248413085935
2024-01-04 10:00:00-05:00,37.19,33.78494,3.4050611877441384
2024-01-04 11:00:00-05:00,35.48,30.795214,4.684786300659177
2024-01-04 12:00:00-05:00,32.04,29.345383,2.6946173095703116
2024-01-04 13:00:00-05:00,30.72,27.536,3.1840007019042957
2024-01-04 14:00:00-05:00,29.97,27.403418,2.5665824127197254
2024-01-04 15:00:00-05:00,29.96,27.787682,2.172318420410157
2024-01-04 16:00:00-05:00,36.4,31.067715,5.332285308837889
2024-01-04 17:00:00-05:00,46.16,35.987957,10.172042999267575
2024-01-04 18:00:00-05:00,46.2,38.804817,7.395182800292972
2024-01-04 19:00:00-05:00,39.42,33.266308,6.153692169189455
2024-01-04 20:00:00-05:00,35.96,31.441114,4.518885574340821
2024-01-04 21:00:00-05:00,35.22,28.717598,6.502402038574218
2024-01-04 22:00:00-05:00,32.69,27.450794,5.239205780029295
2024-01-04 23:00:00-05:00,28.77,27.69644,1.0735602569580074
2024-01-05 00:00:00-05:00,29.23,26.911018,2.318981628417969
2024-01-05 01:00:00-05:00,26.86,25.85313,1.0068696594238276
2024-01-05 02:00:00-05:00,27.01,25.85313,1.1568696594238297
2024-01-05 03:00:00-05:00,27.05,25.085363,1.9646366119384773
2024-01-05 04:00:00-05:00,27.69,25.989386,1.7006143951416028
2024-01-05 05:00:00-05:00,28.7,29.058252,-0.3582523345947273
2024-01-05 06:00:00-05:00,35.41,32.804504,2.6054956054687466
2024-01-05 07:00:00-05:00,49.59,43.332115,6.25788482666016
2024-01-05 08:00:00-05:00,42.77,42.863228,-0.09322784423827812
2024-01-05 09:00:00-05:00,36.83,36.335533,0.49446685791015454
2024-01-05 10:00:00-05:00,34.75,33.864014,0.885986328125
2024-01-05 11:00:00-05:00,33.61,33.17556,0.4344400024414057
2024-01-05 12:00:00-05:00,30.29,29.91806,0.37193969726562415
2024-01-05 13:00:00-05:00,30.68,29.463417,1.2165829467773435
2024-01-05 14:00:00-05:00,31.82,27.952896,3.867103881835938
2024-01-05 15:00:00-05:00,33.13,27.900583,5.2294167327880885
2024-01-05 16:00:00-05:00,39.58,32.85631,6.723688201904295
2024-01-05 17:00:00-05:00,42.01,42.75783,-0.7478315734863301
2024-01-05 18:00:00-05:00,40.37,42.956356,-2.586356048583987
2024-01-05 19:00:00-05:00,37.53,35.510372,2.0196278381347668
2024-01-05 20:00:00-05:00,36.33,33.66221,2.667791442871092
2024-01-05 21:00:00-05:00,34.48,32.553646,1.9263539123535125
2024-01-05 22:00:00-05:00,33.33,29.537683,3.7923165130615217
2024-01-05 23:00:00-05:00,31.07,28.016607,3.053392715454102
2024-01-06 00:00:00-05:00,33.25,25.814653,7.435346603393555
2024-01-06 01:00:00-05:00,30.47,24.19897,6.2710292053222645
2024-01-06 02:00:00-05:00,29.45,23.877462,5.572537612915038
2024-01-06 03:00:00-05:00,28.67,24.14257,4.527429504394533
2024-01-06 04:00:00-05:00,28.39,23.267723,5.122276916503907
2024-01-06 05:00:00-05:00,30.69,25.629145,5.0608553314209
2024-01-06 06:00:00-05:00,30.91,32.30807,-1.3980711364746092
2024-01-06 07:00:00-05:00,34.21,42.47602,-8.26602081298828
2024-01-06 08:00:00-05:00,38.1,40.47689,-2.3768905639648423
2024-01-06 09:00:00-05:00,36.81,34.415375,2.3946252441406273
2024-01-06 10:00:00-05:00,39.6,35.64002,3.959981536865236
2024-01-06 11:00:00-05:00,37.97,32.123898,5.8461024475097645
2024-01-06 12:00:00-05:00,35.17,29.26197,5.9080294799804705
2024-01-06 13:00:00-05:00,33.0,27.753849,5.246150970458984
2024-01-06 14:00:00-05:00,30.97,28.018255,2.9517447662353504
2024-01-06 15:00:00-05:00,29.13,27.908009,1.2219914245605459
2024-01-06 16:00:00-05:00,33.8,33.05655,0.7434509277343722
2024-01-06 17:00:00-05:00,42.06,40.405945,1.6540551757812523
2024-01-06 18:00:00-05:00,39.39,38.603065,0.7869345092773443
2024-01-06 19:00:00-05:00,34.71,33.355637,1.3543634033203134
2024-01-06 20:00:00-05:00,33.99,33.443146,0.546854248046877
2024-01-06 21:00:00-05:00,30.24,31.521072,-1.281072387695314
2024-01-06 22:00:00-05:00,27.93,29.251879,-1.3218787384033206
2024-01-06 23:00:00-05:00,26.79,27.229586,-0.43958564758300867
2024-01-07 00:00:00-05:00,27.22,28.51919,-1.2991898345947277
2024-01-07 01:00:00-05:00,26.22,26.756605,-0.5366051483154308
2024-01-07 02:00:00-05:00,26.71,25.80679,0.9032106018066415
2024-01-07 03:00:00-05:00,23.72,25.599121,-1.8791210937500011
2024-01-07 04:00:00-05:00,22.79,25.474766,-2.6847657775878915
2024-01-07 05:00:00-05:00,24.29,26.8535,-2.5635003662109384
2024-01-07 06:00:00-05:00,24.57,28.708317,-4.138316802978515
2024-01-07 07:00:00-05:00,25.9,31.811445,-5.911445236206056
2024-01-07 08:00:00-05:00,27.23,35.058018,-7.82801773071289
2024-01-07 09:00:00-05:00,29.24,34.645943,-5.405942687988283
2024-01-07 10:00:00-05:00,30.01,33.562756,-3.5527555847167953
2024-01-07 11:00:00-05:00,26.96,32.72292,-5.762919464111327
2024-01-07 12:00:00-05:00,26.86,30.0508,-3.1908003234863287
2024-01-07 13:00:00-05:00,27.61,28.187359,-0.5773588562011724
2024-01-07 14:00:00-05:00,26.78,26.38323,0.3967697906494152
2024-01-07 15:00:00-05:00,27.0,25.584517,1.4154834747314453
2024-01-07 16:00:00-05:00,33.68,31.01817,2.661830596923828
2024-01-07 17:00:00-05:00,46.94,38.247284,8.692716064453123
2024-01-07 18:00:00-05:00,43.48,36.182568,7.29743240356445
2024-01-07 19:00:00-05:00,37.12,32.738026,4.381974334716794
2024-01-07 20:00:00-05:00,35.08,32.87851,2.2014904785156233
2024-01-07 21:00:00-05:00,30.57,28.499554,2.0704463195800784
2024-01-07 22:00:00-05:00,29.14,27.624699,1.515301361083985
2024-01-07 23:00:00-05:00,26.3,26.493034,-0.19303436279296804
2024-01-08 00:00:00-05:00,26.33,26.784615,-0.45461456298828296
2024-01-08 01:00:00-05:00,25.32,24.847204,0.47279579162597685
2024-01-08 02:00:00-05:00,24.48,24.592768,-0.11276771545410114
2024-01-08 03:00:00-05:00,24.13,24.05974,0.07025993347167869
2024-01-08 04:00:00-05:00,25.62,24.996136,0.6238642883300791
2024-01-08 05:00:00-05:00,27.21,26.52211,0.6878900146484384
2024-01-08 06:00:00-05:00,35.22,31.741322,3.4786784362792957
2024-01-08 07:00:00-05:00,45.06,35.265373,9.794626770019534
2024-01-08 08:00:00-05:00,39.44,35.166325,4.273675384521482
2024-01-08 09:00:00-05:00,32.14,34.278942,-2.1389421081542963
2024-01-08 10:00:00-05:00,31.2,33.93699,-2.736988830566407
2024-01-08 11:00:00-05:00,30.67,32.442966,-1.772966461181639
2024-01-08 12:00:00-05:00,29.13,30.917744,-1.7877436828613291
2024-01-08 13:00:00-05:00,27.11,31.113182,-4.003182067871094
2024-01-08 14:00:00-05:00,27.27,30.512238,-3.2422375488281254
2024-01-08 15:00:00-05:00,26.66,31.132868,-4.472867813110351
2024-01-08 16:00:00-05:00,30.93,37.41838,-6.488380737304688
2024-01-08 17:00:00-05:00,33.16,46.28983,-13.129829254150394
2024-01-08 18:00:00-05:00,32.42,47.568436,-15.14843566894531
2024-01-08 19:00:00-05:00,30.07,37.649487,-7.579486541748047
2024-01-08 20:00:00-05:00,27.16,35.16656,-8.006561126708984
2024-01-08 21:00:00-05:00,25.03,32.200226,-7.170225830078124
2024-01-08 22:00:00-05:00,22.99,30.443533,-7.4535329437255875
2024-01-08 23:00:00-05:00,22.17,27.678205,-5.508205490112303
2024-01-09 00:00:00-05:00,20.95,26.7731,-5.823099899291993
2024-01-09 01:00:00-05:00,19.15,25.738087,-6.5880867004394545
2024-01-09 02:00:00-05:00,18.74,24.88551,-6.145509490966798
2024-01-09 03:00:00-05:00,15.67,24.727354,-9.057354049682617
2024-01-09 04:00:00-05:00,17.17,24.942629,-7.772628860473631
2024-01-09 05:00:00-05:00,19.49,26.656054,-7.166053543090822
2024-01-09 06:00:00-05:00,21.73,32.156593,-10.426593322753906
2024-01-09 07:00:00-05:00,26.29,40.948734,-14.658734283447266
2024-01-09 08:00:00-05:00,26.09,36.053654,-9.963653717041016
2024-01-09 09:00:00-05:00,24.8,31.664083,-6.86408348083496
2024-01-09 10:00:00-05:00,24.41,31.500704,-7.090703811645508
2024-01-09 11:00:00-05:00,24.23,31.54285,-7.312850494384765
2024-01-09 12:00:00-05:00,24.36,29.73192,-5.371920242309571
2024-01-09 13:00:00-05:00,24.05,27.983313,-3.9333126068115227
2024-01-09 14:00:00-05:00,24.44,27.825039,-3.385038909912108
2024-01-09 15:00:00-05:00,23.63,26.95522,-3.325219268798829
2024-01-09 16:00:00-05:00,24.79,30.015352,-5.225352249145509
2024-01-09 17:00:00-05:00,29.23,39.702473,-10.472472686767578
2024-01-09 18:00:00-05:00,30.4,38.973106,-8.573106384277345
2024-01-09 19:00:00-05:00,29.13,33.57564,-4.445641632080079
2024-01-09 20:00:00-05:00,25.73,33.588127,-7.858127136230468
2024-01-09 21:00:00-05:00,24.49,31.373716,-6.883716354370119
2024-01-09 22:00:00-05:00,23.65,30.445597,-6.7955966949462905
2024-01-09 23:00:00-05:00,23.17,27.371044,-4.201044158935545
2024-01-10 00:00:00-05:00,21.11,25.067188,-3.9571882629394537
2024-01-10 01:00:00-05:00,19.29,23.593956,-4.303955993652345
2024-01-10 02:00:00-05:00,18.38,23.29735,-4.917349929809571
2024-01-10 03:00:00-05:00,20.35,21.350689,-1.0006889343261705
2024-01-10 04:00:00-05:00,20.64,22.37724,-1.7372392272949213
2024-01-10 05:00:00-05:00,23.89,24.27464,-0.3846391296386713
2024-01-10 06:00:00-05:00,29.61,27.49188,2.1181195831298822
2024-01-10 07:00:00-05:00,37.23,32.19388,5.036121826171872
2024-01-10 08:00:00-05:00,33.25,31.453339,1.796661376953125
2024-01-10 09:00:00-05:00,28.82,29.01725,-0.19725006103515597
2024-01-10 10:00:00-05:00,29.2,29.668816,-0.46881561279296946
2024-01-10 11:00:00-05:00,30.08,28.369875,1.7101250457763655
2024-01-10 12:00:00-05:00,29.42,28.286987,1.1330126953125017
2024-01-10 13:00:00-05:00,30.19,28.293398,1.8966020965576185
2024-01-10 14:00:00-05:00,31.02,28.000086,3.019914169311523
2024-01-10 15:00:00-05:00,32.05,27.835825,4.214175033569333
2024-01-10 16:00:00-05:00,38.18,29.797255,8.38274543762207
2024-01-10 17:00:00-05:00,49.61,36.285133,13.324866638183593
2024-01-10 18:00:00-05:00,45.01,38.915756,6.0942437744140605
2024-01-10 19:00:00-05:00,36.49,34.263733,2.226267089843752
2024-01-10 20:00:00-05:00,31.83,33.82957,-1.9995707702636736
2024-01-10 21:00:00-05:00,29.2,31.922848,-2.722847747802735
2024-01-10 22:00:00-05:00,26.68,31.275072,-4.595072097778321
2024-01-10 23:00:00-05:00,24.99,30.34798,-5.35798049926758
2024-01-11 00:00:00-05:00,26.28,29.783531,-3.5035311889648426
2024-01-11 01:00:00-05:00,24.08,29.207733,-5.127733154296877
2024-01-11 02:00:00-05:00,24.41,28.491184,-4.0811842346191405
2024-01-11 03:00:00-05:00,23.5,28.32527,-4.82526969909668
2024-01-11 04:00:00-05:00,24.83,29.710052,-4.880052490234377
2024-01-11 05:00:00-05:00,26.17,32.64601,-6.476011352539061
2024-01-11 06:00:00-05:00,33.02,39.751465,-6.731464843749997
2024-01-11 07:00:00-05:00,45.65,47.169807,-1.5198074340820327
2024-01-11 08:00:00-05:00,43.69,44.170517,-0.4805169677734398
2024-01-11 09:00:00-05:00,39.14,40.15027,-1.0102685546874994
2024-01-11 10:00:00-05:00,38.69,38.960854,-0.2708535766601585
2024-01-11 11:00:00-05:00,41.79,38.214382,3.5756178283691398
2024-01-11 12:00:00-05:00,43.64,34.778164,8.861836090087891
2024-01-11 13:00:00-05:00,41.48,34.249702,7.230297546386716
2024-01-11 14:00:00-05:00,39.07,36.023632,3.0463679504394534
2024-01-11 15:00:00-05:00,38.11,35.740143,2.3698571777343744
2024-01-11 16:00:00-05:00,43.49,44.02811,-0.5381105041503886
2024-01-11 17:00:00-05:00,50.97,55.195087,-4.225087432861329
2024-01-11 18:00:00-05:00,48.56,51.30902,-2.7490209960937477
2024-01-11 19:00:00-05:00,44.43,41.0592,3.3707997131347653
2024-01-11 20:00:00-05:00,37.85,36.512856,1.3371444702148452
2024-01-11 21:00:00-05:00,34.21,35.238464,-1.0284643554687491
2024-01-11 22:00:00-05:00,29.38,32.832813,-3.452813262939454
2024-01-11 23:00:00-05:00,26.87,29.641144,-2.771143798828124
2024-01-12 00:00:00-05:00,24.54,28.865057,-4.325056991577149
2024-01-12 01:00:00-05:00,22.52,26.696482,-4.1764817047119145
2024-01-12 02:00:00-05:00,21.7,25.765512,-4.065512466430665
2024-01-12 03:00:00-05:00,21.45,25.498497,-4.0484970092773445
2024-01-12 04:00:00-05:00,21.4,28.790108,-7.390107727050783
2024-01-12 05:00:00-05:00,20.28,31.417137,-11.137137145996093
2024-01-12 06:00:00-05:00,21.68,36.82142,-15.141418762207032
2024-01-12 07:00:00-05:00,24.18,49.628223,-25.448223419189453
2024-01-12 08:00:00-05:00,24.72,46.198772,-21.478772430419923
2024-01-12 09:00:00-05:00,23.23,40.211384,-16.981383819580078
2024-01-12 10:00:00-05:00,23.03,40.100334,-17.070334167480468
2024-01-12 11:00:00-05:00,23.27,41.422997,-18.152996520996094
2024-01-12 12:00:00-05:00,22.44,40.70057,-18.26056915283203
2024-01-12 13:00:00-05:00,22.51,39.18732,-16.677320709228514
2024-01-12 14:00:00-05:00,22.54,38.464237,-15.924237213134766
2024-01-12 15:00:00-05:00,22.18,38.927822,-16.74782211303711
2024-01-12 16:00:00-05:00,24.57,44.59435,-20.024348907470703
2024-01-12 17:00:00-05:00,27.21,49.55049,-22.34049133300781
2024-01-12 18:00:00-05:00,27.33,47.395073,-20.06507293701172
2024-01-12 19:00:00-05:00,25.97,43.667107,-17.69710662841797
2024-01-12 20:00:00-05:00,25.26,40.825912,-15.565912475585936
2024-01-12 21:00:00-05:00,23.52,38.601295,-15.081295471191407
2024-01-12 22:00:00-05:00,22.19,34.725693,-12.535692749023436
2024-01-12 23:00:00-05:00,21.97,32.545216,-10.575215606689454
2024-01-13 00:00:00-05:00,25.97,28.213709,-2.2437088775634777
2024-01-13 01:00:00-05:00,22.32,27.005013,-4.685012512207031
2024-01-13 02:00:00-05:00,23.65,25.49675,-1.846749877929689
2024-01-13 03:00:00-05:00,22.78,25.00412,-2.224119873046874
2024-01-13 04:00:00-05:00,24.13,24.382471,-0.25247108459472756
2024-01-13 05:00:00-05:00,23.98,24.20756,-0.22755958557128864
2024-01-13 06:00:00-05:00,22.3,26.338139,-4.038138580322265
2024-01-13 07:00:00-05:00,27.31,28.964735,-1.654735031127931
2024-01-13 08:00:00-05:00,29.93,29.642523,0.2874771881103513
2024-01-13 09:00:00-05:00,31.96,28.247967,3.712033233642579
2024-01-13 10:00:00-05:00,39.96,28.729237,11.230763397216798
2024-01-13 11:00:00-05:00,37.83,28.663303,9.166696624755858
2024-01-13 12:00:00-05:00,37.35,26.26358,11.086419677734376
2024-01-13 13:00:00-05:00,36.46,26.049772,10.410227737426759
2024-01-13 14:00:00-05:00,37.48,26.731966,10.748033981323239
2024-01-13 15:00:00-05:00,37.85,25.89737,11.952630615234376
2024-01-13 16:00:00-05:00,43.29,28.566633,14.723366775512694
2024-01-13 17:00:00-05:00,59.12,33.93696,25.183041687011716
2024-01-13 18:00:00-05:00,71.05,34.85986,36.19014053344726
2024-01-13 19:00:00-05:00,63.43,32.160233,31.269767456054687
2024-01-13 20:00:00-05:00,58.73,31.24767,27.482330780029294
2024-01-13 21:00:00-05:00,55.67,27.917187,27.752813262939455
2024-01-13 22:00:00-05:00,54.98,24.707165,30.2728352355957
2024-01-13 23:00:00-05:00,51.23,24.313923,26.91607711791992
2024-01-14 00:00:00-05:00,69.76,27.125294,42.63470626831055
2024-01-14 01:00:00-05:00,64.0,24.063019,39.936981201171875
2024-01-14 02:00:00-05:00,62.59,25.999285,36.59071525573731
2024-01-14 03:00:00-05:00,63.88,24.947163,38.932837371826174
2024-01-14 04:00:00-05:00,62.85,25.112965,37.73703536987305
2024-01-14 05:00:00-05:00,62.95,24.661972,38.288027954101565
2024-01-14 06:00:00-05:00,59.97,29.799547,30.17045280456543
2024-01-14 07:00:00-05:00,67.91,35.284668,32.62533203125
2024-01-14 08:00:00-05:00,74.87,36.638172,38.2318278503418
2024-01-14 09:00:00-05:00,86.0,42.171394,43.82860565185547
2024-01-14 10:00:00-05:00,88.62,42.75091,45.86908828735352
2024-01-14 11:00:00-05:00,78.08,39.6781,38.4018994140625
2024-01-14 12:00:00-05:00,72.33,38.096973,34.233026580810545
2024-01-14 13:00:00-05:00,76.04,36.735447,39.304553070068366
2024-01-14 14:00:00-05:00,74.9,37.036945,37.86305465698243
2024-01-14 15:00:00-05:00,77.27,38.513546,38.75645401000976
2024-01-14 16:00:00-05:00,92.57,43.908108,48.661892242431634
2024-01-14 17:00:00-05:00,122.66,54.23432,68.42567840576172
2024-01-14 18:00:00-05:00,156.96,61.73921,95.22079177856446
2024-01-14 19:00:00-05:00,154.0,54.20724,99.79275894165039
2024-01-14 20:00:00-05:00,138.15,47.42172,90.7282814025879
2024-01-14 21:00:00-05:00,124.57,45.50882,79.06118041992187
2024-01-14 22:00:00-05:00,122.73,44.110165,78.61983535766602
2024-01-14 23:00:00-05:00,101.83,43.319454,58.510545806884764
2024-01-15 00:00:00-05:00,103.73,58.840538,44.88946197509766
2024-01-15 01:00:00-05:00,95.61,50.93787,44.672129974365234
2024-01-15 02:00:00-05:00,96.33,47.654747,48.675252990722655
2024-01-15 03:00:00-05:00,95.71,50.847305,44.86269470214843
2024-01-15 04:00:00-05:00,96.75,51.125496,45.62450408935547
2024-01-15 05:00:00-05:00,119.16,59.867317,59.292682800292965
2024-01-15 06:00:00-05:00,158.77,58.681828,100.088172454834
2024-01-15 07:00:00-05:00,176.5,77.43979,99.06021118164062
2024-01-15 08:00:00-05:00,169.79,78.682106,91.10789398193359
2024-01-15 09:00:00-05:00,169.04,82.05986,86.9801397705078
2024-01-15 10:00:00-05:00,166.77,80.75025,86.01974822998048
2024-01-15 11:00:00-05:00,153.7,68.741394,84.95860595703124
2024-01-15 12:00:00-05:00,132.3,65.33815,66.96184997558595
2024-01-15 13:00:00-05:00,127.73,65.75187,61.97813079833985
2024-01-15 14:00:00-05:00,122.02,66.421906,55.59809448242187
2024-01-15 15:00:00-05:00,119.58,65.971344,53.60865600585937
2024-01-15 16:00:00-05:00,131.63,75.158844,56.47115600585937
2024-01-15 17:00:00-05:00,189.8,102.358986,87.4410140991211
2024-01-15 18:00:00-05:00,198.88,119.297775,79.58222473144531
2024-01-15 19:00:00-05:00,194.0,113.64938,80.35061645507812
2024-01-15 20:00:00-05:00,185.84,99.17565,86.66434844970703
2024-01-15 21:00:00-05:00,175.0,93.99369,81.00630950927734
2024-01-15 22:00:00-05:00,160.18,89.75558,70.42442291259766
2024-01-15 23:00:00-05:00,122.74,82.663605,40.07639526367187
2024-01-16 00:00:00-05:00,140.09,83.61169,56.478313293457035
2024-01-16 01:00:00-05:00,126.42,66.89809,59.52191345214844
2024-01-16 02:00:00-05:00,135.48,66.89809,68.58191345214843
2024-01-16 03:00:00-05:00,120.81,66.89809,53.91191345214844
2024-01-16 04:00:00-05:00,123.09,68.318535,54.771465148925785
2024-01-16 05:00:00-05:00,127.91,90.2196,37.69040313720703
2024-01-16 06:00:00-05:00,185.51,91.5263,93.98370147705077
2024-01-16 07:00:00-05:00,228.26,88.657196,139.60280395507812
2024-01-16 08:00:00-05:00,221.46,88.857445,132.6025552368164
2024-01-16 09:00:00-05:00,204.65,86.16236,118.48763885498047
2024-01-16 10:00:00-05:00,193.72,86.32169,107.39830657958984
2024-01-16 11:00:00-05:00,181.73,88.20111,93.52888916015624
2024-01-16 12:00:00-05:00,162.68,87.6225,75.05750244140626
2024-01-16 13:00:00-05:00,142.36,87.80243,54.557570800781264
2024-01-16 14:00:00-05:00,132.03,89.2938,42.736199645996095
2024-01-16 15:00:00-05:00,124.75,83.2202,41.52980041503906
2024-01-16 16:00:00-05:00,140.52,90.76878,49.75121643066407
2024-01-16 17:00:00-05:00,180.91,90.41902,90.49097839355468
2024-01-16 18:00:00-05:00,209.01,90.34055,118.66944671630858
2024-01-16 19:00:00-05:00,206.9,87.13821,119.76179351806641
2024-01-16 20:00:00-05:00,201.21,89.3259,111.88410278320313
2024-01-16 21:00:00-05:00,192.55,86.122955,106.42704467773439
2024-01-16 22:00:00-05:00,172.77,85.44207,87.32792999267579
2024-01-16 23:00:00-05:00,140.06,80.97501,59.084986267089846
2024-01-17 00:00:00-05:00,97.82,100.84645,-3.0264508056640693
2024-01-17 01:00:00-05:00,75.51,95.7289,-20.218897094726557
2024-01-17 02:00:00-05:00,66.75,93.477715,-26.72771453857422
2024-01-17 03:00:00-05:00,66.99,95.855316,-28.86531616210938
2024-01-17 04:00:00-05:00,66.87,98.70954,-31.839541320800777
2024-01-17 05:00:00-05:00,75.8,106.80151,-31.001513671875003
2024-01-17 06:00:00-05:00,127.29,91.5184,35.77159790039063
2024-01-17 07:00:00-05:00,169.86,115.07472,54.78527770996095
2024-01-17 08:00:00-05:00,202.77,113.4639,89.30610229492189
2024-01-17 09:00:00-05:00,141.66,122.98522,18.674778137207028
2024-01-17 10:00:00-05:00,96.86,122.98522,-26.12522186279297
2024-01-17 11:00:00-05:00,79.54,122.143036,-42.60303588867187
2024-01-17 12:00:00-05:00,72.4,104.746666,-32.34666595458984
2024-01-17 13:00:00-05:00,62.59,120.13691,-57.54690948486328
2024-01-17 14:00:00-05:00,61.03,107.495735,-46.46573516845703
2024-01-17 15:00:00-05:00,62.28,98.11414,-35.83414337158203
2024-01-17 16:00:00-05:00,76.66,127.41838,-50.75838073730469
2024-01-17 17:00:00-05:00,107.25,145.615,-38.36500549316406
2024-01-17 18:00:00-05:00,138.73,148.06293,-9.33292724609376
2024-01-17 19:00:00-05:00,135.12,139.18852,-4.068522338867183
2024-01-17 20:00:00-05:00,128.58,133.42252,-4.8425158691406125
2024-01-17 21:00:00-05:00,116.19,129.80125,-13.61125427246094
2024-01-17 22:00:00-05:00,98.61,119.96883,-21.358826293945313
2024-01-17 23:00:00-05:00,80.49,110.85699,-30.366986999511724
2024-01-18 00:00:00-05:00,78.85,88.176544,-9.32654418945313
2024-01-18 01:00:00-05:00,62.75,73.942,-11.192001342773438
2024-01-18 02:00:00-05:00,55.84,59.82972,-3.989719543457028
2024-01-18 03:00:00-05:00,53.65,60.35513,-6.705129241943361
2024-01-18 04:00:00-05:00,56.46,60.20901,-3.7490110778808585
2024-01-18 05:00:00-05:00,59.38,74.612885,-15.232884521484372
2024-01-18 06:00:00-05:00,78.09,124.31514,-46.22513977050781
2024-01-18 07:00:00-05:00,106.22,132.4364,-26.2164013671875
2024-01-18 08:00:00-05:00,101.78,140.41496,-38.634962768554686
2024-01-18 09:00:00-05:00,86.01,133.0854,-47.07540344238281
2024-01-18 10:00:00-05:00,65.49,75.21672,-9.726720581054693
2024-01-18 11:00:00-05:00,62.08,67.7749,-5.694902343750002
2024-01-18 12:00:00-05:00,54.05,58.6412,-4.591201019287112
2024-01-18 13:00:00-05:00,48.84,47.54192,1.2980802917480503
2024-01-18 14:00:00-05:00,39.77,50.88661,-11.116608123779294
2024-01-18 15:00:00-05:00,36.92,50.483036,-13.563036041259764
2024-01-18 16:00:00-05:00,39.37,69.46624,-30.09623992919922
2024-01-18 17:00:00-05:00,43.59,84.96604,-41.3760415649414
2024-01-18 18:00:00-05:00,53.15,118.322716,-65.17271575927734
2024-01-18 19:00:00-05:00,44.8,117.61296,-72.81296081542969
2024-01-18 20:00:00-05:00,46.91,100.65924,-53.74924072265625
2024-01-18 21:00:00-05:00,41.6,92.60555,-51.00555267333984
2024-01-18 22:00:00-05:00,40.67,88.71113,-48.04112823486328
2024-01-18 23:00:00-05:00,34.96,73.07027,-38.11026672363281
2024-01-19 00:00:00-05:00,29.32,68.90466,-39.5846630859375
2024-01-19 01:00:00-05:00,26.57,51.38169,-24.811690979003906
2024-01-19 02:00:00-05:00,26.23,53.259228,-27.029227752685546
2024-01-19 03:00:00-05:00,25.31,50.492405,-25.182404937744142
2024-01-19 04:00:00-05:00,25.42,56.128304,-30.70830352783203
2024-01-19 05:00:00-05:00,26.67,55.213715,-28.543714599609373
2024-01-19 06:00:00-05:00,34.05,70.40628,-36.35628051757813
2024-01-19 07:00:00-05:00,43.94,78.1042,-34.164202270507815
2024-01-19 08:00:00-05:00,44.0,83.71797,-39.71797180175781
2024-01-19 09:00:00-05:00,39.3,74.36393,-35.06392974853516
2024-01-19 10:00:00-05:00,37.54,58.528927,-20.988926849365235
2024-01-19 11:00:00-05:00,34.32,52.838375,-18.518375091552734
2024-01-19 12:00:00-05:00,31.92,49.2563,-17.33630187988281
2024-01-19 13:00:00-05:00,31.02,46.7683,-15.748299102783204
2024-01-19 14:00:00-05:00,30.34,41.019493,-10.679493103027344
2024-01-19 15:00:00-05:00,29.6,39.16799,-9.567991638183592
2024-01-19 16:00:00-05:00,32.5,39.970196,-7.470195770263672
2024-01-19 17:00:00-05:00,45.65,44.06778,1.5822204589843736
2024-01-19 18:00:00-05:00,54.73,47.72577,7.004230957031247
2024-01-19 19:00:00-05:00,46.84,44.022903,2.817096557617191
2024-01-19 20:00:00-05:00,43.11,45.742226,-2.632225646972657
2024-01-19 21:00:00-05:00,42.4,44.936493,-2.5364929199218764
2024-01-19 22:00:00-05:00,41.96,43.801643,-1.8416433715820304
2024-01-19 23:00:00-05:00,38.71,39.158764,-0.448763885498046
2024-01-20 00:00:00-05:00,34.88,31.687302,3.192698364257815
2024-01-20 01:00:00-05:00,33.26,32.734207,0.5257928466796855
2024-01-20 02:00:00-05:00,33.94,33.526245,0.4137548828124977
2024-01-20 03:00:00-05:00,35.04,32.785797,2.254202880859374
2024-01-20 04:00:00-05:00,35.83,30.459053,5.370946960449217
2024-01-20 05:00:00-05:00,39.06,29.869553,9.190447387695315
2024-01-20 06:00:00-05:00,43.76,33.192905,10.567094573974607
2024-01-20 07:00:00-05:00,50.64,37.156578,13.483421936035157
2024-01-20 08:00:00-05:00,52.99,37.904255,15.085745086669924
2024-01-20 09:00:00-05:00,51.12,35.95823,15.161770935058591
2024-01-20 10:00:00-05:00,47.12,35.43136,11.688641662597654
2024-01-20 11:00:00-05:00,45.42,36.415157,9.004842681884767
2024-01-20 12:00:00-05:00,40.82,37.24865,3.5713504028320315
2024-01-20 13:00:00-05:00,35.12,35.97163,-0.8516300964355494
2024-01-20 14:00:00-05:00,33.63,35.73009,-2.1000910949707006
2024-01-20 15:00:00-05:00,31.62,35.808563,-4.188563232421874
2024-01-20 16:00:00-05:00,35.34,38.039173,-2.6991731262206997
2024-01-20 17:00:00-05:00,44.92,45.079258,-0.15925796508788892
2024-01-20 18:00:00-05:00,57.97,51.12738,6.842619628906249
2024-01-20 19:00:00-05:00,49.51,45.55512,3.9548814392089824
2024-01-20 20:00:00-05:00,41.05,44.45463,-3.4046318054199247
2024-01-20 21:00:00-05:00,40.09,43.683556,-3.5935556030273403
2024-01-20 22:00:00-05:00,39.21,43.57428,-4.364279785156249
2024-01-20 23:00:00-05:00,36.09,40.839695,-4.749694976806637
2024-01-21 00:00:00-05:00,36.34,38.598186,-2.2581864929199185
2024-01-21 01:00:00-05:00,35.46,38.610474,-3.150473632812499
2024-01-21 02:00:00-05:00,35.94,39.923912,-3.983912048339846
2024-01-21 03:00:00-05:00,34.77,40.524178,-5.754177551269528
2024-01-21 04:00:00-05:00,34.21,40.85759,-6.647589721679687
2024-01-21 05:00:00-05:00,34.8,41.046062,-6.246062469482425
2024-01-21 06:00:00-05:00,33.99,42.685547,-8.695546874999998
2024-01-21 07:00:00-05:00,39.02,46.546097,-7.526096801757809
2024-01-21 08:00:00-05:00,39.47,48.028366,-8.558366088867189
2024-01-21 09:00:00-05:00,32.82,46.64092,-13.820918731689453
2024-01-21 10:00:00-05:00,30.42,44.9052,-14.485200958251951
2024-01-21 11:00:00-05:00,27.91,43.83684,-15.926841583251953
2024-01-21 12:00:00-05:00,24.97,42.37881,-17.40881088256836
2024-01-21 13:00:00-05:00,24.53,38.656273,-14.126272888183593
2024-01-21 14:00:00-05:00,23.46,37.71115,-14.251151123046874
2024-01-21 15:00:00-05:00,24.55,35.17044,-10.620440673828124
2024-01-21 16:00:00-05:00,26.85,36.69546,-9.845461273193358
2024-01-21 17:00:00-05:00,29.73,46.236794,-16.506793518066406
2024-01-21 18:00:00-05:00,31.56,53.45661,-21.896611633300783
2024-01-21 19:00:00-05:00,29.7,49.267292,-19.56729202270508
2024-01-21 20:00:00-05:00,24.9,42.34826,-17.44825897216797
2024-01-21 21:00:00-05:00,24.55,40.828793,-16.278792572021484
2024-01-21 22:00:00-05:00,21.61,39.861694,-18.2516943359375
2024-01-21 23:00:00-05:00,21.9,36.777782,-14.877782440185548
2024-01-22 00:00:00-05:00,17.22,34.472565,-17.252564697265626
2024-01-22 01:00:00-05:00,16.9,34.3283,-17.42830047607422
2024-01-22 02:00:00-05:00,16.58,34.194965,-17.61496536254883
2024-01-22 03:00:00-05:00,16.67,33.866257,-17.196256713867186
2024-01-22 04:00:00-05:00,16.84,33.811268,-16.971267852783203
2024-01-22 05:00:00-05:00,17.69,37.99367,-20.303671417236327
2024-01-22 06:00:00-05:00,23.65,39.89672,-16.24672088623047
2024-01-22 07:00:00-05:00,35.81,46.30817,-10.498170318603513
2024-01-22 08:00:00-05:00,32.62,45.107956,-12.48795593261719
2024-01-22 09:00:00-05:00,29.27,41.4517,-12.181698303222657
2024-01-22 10:00:00-05:00,28.76,42.081783,-13.321783294677733
2024-01-22 11:00:00-05:00,28.75,40.035194,-11.285194396972656
2024-01-22 12:00:00-05:00,29.73,36.37767,-6.647670288085937
2024-01-22 13:00:00-05:00,31.21,34.76703,-3.557028808593749
2024-01-22 14:00:00-05:00,31.59,35.550945,-3.960945281982422
2024-01-22 15:00:00-05:00,29.66,34.078312,-4.4183119201660155
2024-01-22 16:00:00-05:00,36.34,37.889393,-1.5493928527831997
2024-01-22 17:00:00-05:00,44.66,44.430954,0.2290460205078091
2024-01-22 18:00:00-05:00,50.91,46.512383,4.397617492675778
2024-01-22 19:00:00-05:00,43.02,46.680984,-3.6609844970703094
2024-01-22 20:00:00-05:00,35.89,39.336926,-3.4469255065917963
2024-01-22 21:00:00-05:00,33.74,39.002254,-5.262254486083982
2024-01-22 22:00:00-05:00,34.81,37.729664,-2.919663848876951
2024-01-22 23:00:00-05:00,32.08,37.147255,-5.067254943847658
2024-01-23 00:00:00-05:00,36.38,30.66531,5.714690093994143
2024-01-23 01:00:00-05:00,30.81,30.62497,0.18503051757812372
2024-01-23 02:00:00-05:00,30.16,30.62497,-0.46496948242187486
2024-01-23 03:00:00-05:00,30.48,31.191065,-0.7110648345947261
2024-01-23 04:00:00-05:00,32.34,31.375484,0.964515533447269
2024-01-23 05:00:00-05:00,34.69,33.686497,1.003503265380857
2024-01-23 06:00:00-05:00,41.63,37.03449,4.595511322021487
2024-01-23 07:00:00-05:00,48.39,44.979588,3.41041244506836
2024-01-23 08:00:00-05:00,47.45,43.315327,4.134673309326175
2024-01-23 09:00:00-05:00,43.42,39.273254,4.146745605468752
2024-01-23 10:00:00-05:00,42.76,38.89265,3.867349395751951
2024-01-23 11:00:00-05:00,40.89,37.83621,3.053791656494141
2024-01-23 12:00:00-05:00,38.87,37.53785,1.3321505737304662
2024-01-23 13:00:00-05:00,38.18,35.465477,2.714523010253906
2024-01-23 14:00:00-05:00,36.03,35.17952,0.8504803466796886
2024-01-23 15:00:00-05:00,35.4,35.15426,0.24574127197265483
2024-01-23 16:00:00-05:00,37.74,38.968143,-1.2281434631347636
2024-01-23 17:00:00-05:00,41.9,46.38232,-4.482320404052736
2024-01-23 18:00:00-05:00,44.12,53.472538,-9.352537994384768
2024-01-23 19:00:00-05:00,39.99,47.53012,-7.540120849609373
2024-01-23 20:00:00-05:00,36.34,41.312508,-4.972507629394528
2024-01-23 21:00:00-05:00,33.4,38.914883,-5.514882659912111
2024-01-23 22:00:00-05:00,32.64,38.260128,-5.620128021240234
2024-01-23 23:00:00-05:00,31.19,34.899998,-3.7099977111816393
2024-01-24 00:00:00-05:00,28.52,39.449867,-10.929867248535157
2024-01-24 01:00:00-05:00,25.0,36.34477,-11.344768524169922
2024-01-24 02:00:00-05:00,23.57,35.05253,-11.482528381347656
2024-01-24 03:00:00-05:00,23.7,35.573555,-11.873554992675782
2024-01-24 04:00:00-05:00,24.62,36.02068,-11.400679473876952
2024-01-24 05:00:00-05:00,27.27,38.618683,-11.348682861328125
2024-01-24 06:00:00-05:00,31.09,47.259243,-16.16924301147461
2024-01-24 07:00:00-05:00,38.02,50.378265,-12.358265380859372
2024-01-24 08:00:00-05:00,35.14,50.335587,-15.195586547851562
2024-01-24 09:00:00-05:00,30.76,46.87117,-16.11117004394531
2024-01-24 10:00:00-05:00,30.28,47.513844,-17.233843536376952
2024-01-24 11:00:00-05:00,28.73,43.23981,-14.509810943603515
2024-01-24 12:00:00-05:00,28.51,40.572624,-12.062624206542967
2024-01-24 13:00:00-05:00,28.97,40.506523,-11.53652313232422
2024-01-24 14:00:00-05:00,29.05,37.80954,-8.759539794921874
2024-01-24 15:00:00-05:00,28.36,37.27316,-8.91315902709961
2024-01-24 16:00:00-05:00,29.8,40.34362,-10.543620300292968
2024-01-24 17:00:00-05:00,36.42,46.85104,-10.431039886474608
2024-01-24 18:00:00-05:00,35.59,49.433907,-13.843906555175778
2024-01-24 19:00:00-05:00,31.18,44.285694,-13.105694122314453
2024-01-24 20:00:00-05:00,28.07,36.52096,-8.450961761474609
2024-01-24 21:00:00-05:00,26.91,32.88205,-5.972049560546875
2024-01-24 22:00:00-05:00,25.46,32.323727,-6.8637266540527335
2024-01-24 23:00:00-05:00,27.2,32.739376,-5.539376068115235
2024-01-25 00:00:00-05:00,27.78,30.712101,-2.9321009826660145
2024-01-25 01:00:00-05:00,23.74,27.887098,-4.147098312377931
2024-01-25 02:00:00-05:00,23.82,26.862562,-3.0425621795654294
2024-01-25 03:00:00-05:00,24.03,27.2066,-3.1766001892089832
2024-01-25 04:00:00-05:00,24.82,27.420671,-2.600671463012695
2024-01-25 05:00:00-05:00,27.41,31.000162,-3.590162124633789
2024-01-25 06:00:00-05:00,34.87,36.26883,-1.3988293457031276
2024-01-25 07:00:00-05:00,41.23,45.85994,-4.629939575195316
2024-01-25 08:00:00-05:00,38.38,44.04739,-5.667389984130857
2024-01-25 09:00:00-05:00,34.75,41.036644,-6.286643981933594
2024-01-25 10:00:00-05:00,34.21,40.56642,-6.356421508789062
2024-01-25 11:00:00-05:00,32.99,39.093285,-6.103284606933592
2024-01-25 12:00:00-05:00,31.91,39.934174,-8.024173583984375
2024-01-25 13:00:00-05:00,32.29,41.047085,-8.75708480834961
2024-01-25 14:00:00-05:00,30.07,41.583263,-11.513263397216797
2024-01-25 15:00:00-05:00,29.75,38.764236,-9.014236450195312
2024-01-25 16:00:00-05:00,32.29,44.038643,-11.748642883300782
2024-01-25 17:00:00-05:00,35.01,48.33574,-13.32573913574219
2024-01-25 18:00:00-05:00,33.68,50.36004,-16.68003875732422
2024-01-25 19:00:00-05:00,30.21,48.82526,-18.615260162353515
2024-01-25 20:00:00-05:00,27.35,45.53838,-18.18837966918945
2024-01-25 21:00:00-05:00,26.33,43.429,-17.09900085449219
2024-01-25 22:00:00-05:00,24.3,42.92274,-18.622740936279296
2024-01-25 23:00:00-05:00,24.82,42.156246,-17.336246185302734
2024-01-26 00:00:00-05:00,24.21,39.099617,-14.88961700439453
2024-01-26 01:00:00-05:00,20.75,34.99322,-14.243221282958984
2024-01-26 02:00:00-05:00,19.49,35.147057,-15.657056579589845
2024-01-26 03:00:00-05:00,19.41,35.432533,-16.022533264160156
2024-01-26 04:00:00-05:00,19.99,36.180347,-16.190347442626955
2024-01-26 05:00:00-05:00,20.82,38.42569,-17.605689697265625
2024-01-26 06:00:00-05:00,26.68,51.15559,-24.475590057373047
2024-01-26 07:00:00-05:00,34.94,53.83984,-18.899839935302737
2024-01-26 08:00:00-05:00,33.64,52.77617,-19.136168823242187
2024-01-26 09:00:00-05:00,30.29,49.718662,-19.42866226196289
2024-01-26 10:00:00-05:00,31.86,49.511166,-17.651165618896485
2024-01-26 11:00:00-05:00,32.01,47.516403,-15.50640319824219
2024-01-26 12:00:00-05:00,30.02,45.03868,-15.018681030273438
2024-01-26 13:00:00-05:00,29.8,43.31699,-13.51698989868164
2024-01-26 14:00:00-05:00,29.02,39.9171,-10.897098999023438
2024-01-26 15:00:00-05:00,28.7,39.425724,-10.725724029541016
2024-01-26 16:00:00-05:00,32.85,42.466915,-9.616915130615233
2024-01-26 17:00:00-05:00,35.72,46.569824,-10.849824218750001
2024-01-26 18:00:00-05:00,37.48,46.949013,-9.46901275634766
2024-01-26 19:00:00-05:00,33.2,43.28533,-10.085331726074216
2024-01-26 20:00:00-05:00,31.52,41.50276,-9.982761840820313
2024-01-26 21:00:00-05:00,32.03,39.936897,-7.90689727783203
2024-01-26 22:00:00-05:00,27.9,39.470715,-11.570714569091798
2024-01-26 23:00:00-05:00,26.69,38.387844,-11.697844085693358
2024-01-27 00:00:00-05:00,24.73,32.41846,-7.688460845947265
2024-01-27 01:00:00-05:00,23.25,26.570911,-3.320911407470703
2024-01-27 02:00:00-05:00,22.36,26.953058,-4.593058242797852
2024-01-27 03:00:00-05:00,22.41,26.912632,-4.5026319885253905
2024-01-27 04:00:00-05:00,22.29,27.802113,-5.512112579345704
2024-01-27 05:00:00-05:00,23.26,27.740309,-4.480308761596678
2024-01-27 06:00:00-05:00,25.45,32.173935,-6.723934936523438
2024-01-27 07:00:00-05:00,28.62,38.37163,-9.751631622314452
2024-01-27 08:00:00-05:00,29.69,38.226852,-8.536852416992186
2024-01-27 09:00:00-05:00,29.74,35.023052,-5.283052215576173
2024-01-27 10:00:00-05:00,30.13,35.00632,-4.876320953369142
2024-01-27 11:00:00-05:00,28.09,34.30571,-6.215709838867188
2024-01-27 12:00:00-05:00,27.14,32.925068,-5.785067901611328
2024-01-27 13:00:00-05:00,26.26,31.733707,-5.473707427978514
2024-01-27 14:00:00-05:00,25.1,30.913815,-5.813814544677733
2024-01-27 15:00:00-05:00,25.25,29.996658,-4.7466583251953125
2024-01-27 16:00:00-05:00,27.04,34.97638,-7.936379394531251
2024-01-27 17:00:00-05:00,30.96,40.145794,-9.185793914794921
2024-01-27 18:00:00-05:00,30.59,40.143124,-9.553123626708985
2024-01-27 19:00:00-05:00,26.92,36.58941,-9.669408874511717
2024-01-27 20:00:00-05:00,25.35,33.547703,-8.19770278930664
2024-01-27 21:00:00-05:00,24.49,31.394394,-6.904393920898439
2024-01-27 22:00:00-05:00,22.75,31.827198,-9.077198028564453
2024-01-27 23:00:00-05:00,21.21,30.65702,-9.447020568847655
2024-01-28 00:00:00-05:00,20.79,28.19465,-7.404650650024415
2024-01-28 01:00:00-05:00,19.56,26.021217,-6.4612173461914075
2024-01-28 02:00:00-05:00,18.49,26.158884,-7.668884048461916
2024-01-28 03:00:00-05:00,18.5,25.652605,-7.152605056762695
2024-01-28 04:00:00-05:00,18.44,25.345222,-6.90522247314453
2024-01-28 05:00:00-05:00,18.44,27.617723,-9.177723464965819
2024-01-28 06:00:00-05:00,19.84,32.1585,-12.318500671386719
2024-01-28 07:00:00-05:00,21.44,36.32967,-14.889669952392577
2024-01-28 08:00:00-05:00,22.21,37.247437,-15.0374365234375
2024-01-28 09:00:00-05:00,23.3,35.49225,-12.19224853515625
2024-01-28 10:00:00-05:00,24.24,35.114765,-10.87476516723633
2024-01-28 11:00:00-05:00,23.76,31.49515,-7.735149612426756
2024-01-28 12:00:00-05:00,24.14,28.974026,-4.834025726318359
2024-01-28 13:00:00-05:00,23.29,29.106476,-5.816475830078126
2024-01-28 14:00:00-05:00,23.19,27.129482,-3.939482269287108
2024-01-28 15:00:00-05:00,24.37,27.82429,-3.454289321899413
2024-01-28 16:00:00-05:00,28.02,28.998049,-0.9780487823486332
2024-01-28 17:00:00-05:00,34.3,35.219242,-0.9192420959472685
2024-01-28 18:00:00-05:00,36.91,37.48829,-0.5782888793945347
2024-01-28 19:00:00-05:00,29.88,32.83399,-2.9539881896972666
2024-01-28 20:00:00-05:00,27.87,29.627323,-1.7573231506347646
2024-01-28 21:00:00-05:00,24.53,27.876621,-3.3466212463378895
2024-01-28 22:00:00-05:00,23.79,25.18379,-1.3937902069091805
2024-01-28 23:00:00-05:00,22.47,23.982817,-1.5128166961669933
2024-01-29 00:00:00-05:00,22.14,24.404501,-2.2645009613037104
2024-01-29 01:00:00-05:00,21.49,23.560053,-2.070052871704103
2024-01-29 02:00:00-05:00,21.07,23.314157,-2.244157485961914
2024-01-29 03:00:00-05:00,20.95,23.26138,-2.31137924194336
2024-01-29 04:00:00-05:00,21.03,23.537539,-2.5075385284423817
2024-01-29 05:00:00-05:00,22.36,25.243553,-2.8835531616210943
2024-01-29 06:00:00-05:00,29.98,29.575184,0.4048161315917973
2024-01-29 07:00:00-05:00,41.67,35.293907,6.376092834472658
2024-01-29 08:00:00-05:00,37.42,33.802895,3.6171054077148455
2024-01-29 09:00:00-05:00,30.36,33.70114,-3.3411413574218756
2024-01-29 10:00:00-05:00,28.83,34.041496,-5.2114962768554705
2024-01-29 11:00:00-05:00,27.73,33.31986,-5.58985855102539
2024-01-29 12:00:00-05:00,23.47,30.738333,-7.268332748413087
2024-01-29 13:00:00-05:00,23.73,30.460487,-6.730487365722656
2024-01-29 14:00:00-05:00,22.99,30.39373,-7.40373016357422
2024-01-29 15:00:00-05:00,22.32,30.302156,-7.9821564483642575
2024-01-29 16:00:00-05:00,23.58,34.391254,-10.81125442504883
2024-01-29 17:00:00-05:00,27.51,37.822376,-10.312376251220702
2024-01-29 18:00:00-05:00,28.4,38.67655,-10.276551818847658
2024-01-29 19:00:00-05:00,24.0,35.674675,-11.674674987792969
2024-01-29 20:00:00-05:00,22.41,34.089737,-11.679736938476562
2024-01-29 21:00:00-05:00,18.48,29.576012,-11.096011657714843
2024-01-29 22:00:00-05:00,18.26,28.407784,-10.14778350830078
2024-01-29 23:00:00-05:00,18.44,27.081673,-8.64167266845703
2024-01-30 00:00:00-05:00,20.06,26.156645,-6.0966448211669935
2024-01-30 01:00:00-05:00,19.35,24.467518,-5.117517852783202
2024-01-30 02:00:00-05:00,19.0,24.195562,-5.195562362670898
2024-01-30 03:00:00-05:00,19.38,24.175875,-4.795874710083009
2024-01-30 04:00:00-05:00,21.85,24.73959,-2.889589691162108
2024-01-30 05:00:00-05:00,22.57,27.065588,-4.495587997436523
2024-01-30 06:00:00-05:00,29.06,34.279034,-5.219033660888673
2024-01-30 07:00:00-05:00,33.18,45.304794,-12.124794311523438
2024-01-30 08:00:00-05:00,32.68,38.083355,-5.403354949951172
2024-01-30 09:00:00-05:00,32.17,33.964317,-1.794317321777342
2024-01-30 10:00:00-05:00,31.07,32.577827,-1.507827453613281
2024-01-30 11:00:00-05:00,27.11,31.693819,-4.583819046020508
2024-01-30 12:00:00-05:00,26.46,29.477684,-3.017684020996093
2024-01-30 13:00:00-05:00,25.7,29.643692,-3.943692016601563
2024-01-30 14:00:00-05:00,25.67,29.586248,-3.9162483978271467
2024-01-30 15:00:00-05:00,26.49,28.841778,-2.3517778015136734
2024-01-30 16:00:00-05:00,28.89,29.27918,-0.38918052673339787
2024-01-30 17:00:00-05:00,36.48,33.251583,3.2284169006347625
2024-01-30 18:00:00-05:00,39.42,34.634373,4.785627288818361
2024-01-30 19:00:00-05:00,32.21,29.471766,2.7382344818115243
2024-01-30 20:00:00-05:00,31.48,29.305939,2.1740612792968754
2024-01-30 21:00:00-05:00,29.8,28.298323,1.501677322387696
2024-01-30 22:00:00-05:00,26.6,28.425688,-1.8256877899169908
2024-01-30 23:00:00-05:00,27.89,28.089014,-0.199014053344726
2024-01-31 00:00:00-05:00,27.16,23.14984,4.010160598754883
2024-01-31 01:00:00-05:00,24.66,21.716206,2.943794403076172
2024-01-31 02:00:00-05:00,22.87,21.073874,1.79612648010254
2024-01-31 03:00:00-05:00,24.03,21.119976,2.9100239562988293
2024-01-31 04:00:00-05:00,25.0,22.552193,2.4478073120117188
2024-01-31 05:00:00-05:00,27.89,24.71377,3.176230087280274
2024-01-31 06:00:00-05:00,36.83,29.568157,7.261842803955076
2024-01-31 07:00:00-05:00,45.95,34.5967,11.353301239013675
2024-01-31 08:00:00-05:00,42.92,33.222363,9.697637481689455
2024-01-31 09:00:00-05:00,42.11,31.48639,10.62361083984375
2024-01-31 10:00:00-05:00,38.86,30.749712,8.110288009643554
2024-01-31 11:00:00-05:00,33.86,28.70888,5.151120529174804
2024-01-31 12:00:00-05:00,28.32,28.940784,-0.6207844543457028
2024-01-31 13:00:00-05:00,25.52,28.768242,-3.248241882324219
2024-01-31 14:00:00-05:00,23.88,28.796946,-4.916945571899415
2024-01-31 15:00:00-05:00,23.08,29.563784,-6.4837836456298845
2024-01-31 16:00:00-05:00,23.9,31.03344,-7.13343963623047
2024-01-31 17:00:00-05:00,30.56,35.932327,-5.372327270507814
2024-01-31 18:00:00-05:00,31.21,37.487335,-6.277335205078124
2024-01-31 19:00:00-05:00,24.53,31.610998,-7.080998153686522
2024-01-31 20:00:00-05:00,22.58,29.664896,-7.084896011352541
2024-01-31 21:00:00-05:00,21.67,26.956549,-5.286548690795897
2024-01-31 22:00:00-05:00,19.8,25.269815,-5.469815444946288
2024-01-31 23:00:00-05:00,18.89,25.449015,-6.5590146636962885
2024-02-01 00:00:00-05:00,20.38,23.071705,-2.691704864501954
2024-02-01 01:00:00-05:00,19.42,21.783903,-2.3639031219482405
2024-02-01 02:00:00-05:00,19.41,21.71604,-2.3060396575927733
2024-02-01 03:00:00-05:00,19.31,20.474962,-1.1649622344970716
2024-02-01 04:00:00-05:00,19.86,20.870087,-1.0100866699218756
2024-02-01 05:00:00-05:00,21.68,23.47296,-1.7929595184326175
2024-02-01 06:00:00-05:00,26.03,29.341135,-3.311135025024413
2024-02-01 07:00:00-05:00,34.56,38.729782,-4.169782104492185
2024-02-01 08:00:00-05:00,34.11,34.17108,-0.06108154296875057
2024-02-01 09:00:00-05:00,30.4,33.223446,-2.823445892333986
2024-02-01 10:00:00-05:00,26.45,30.642315,-4.192314910888673
2024-02-01 11:00:00-05:00,27.5,30.201569,-2.701568603515625
2024-02-01 12:00:00-05:00,26.18,28.000523,-1.820522613525391
2024-02-01 13:00:00-05:00,25.51,26.240927,-0.7309267425537094
2024-02-01 14:00:00-05:00,24.1,25.071331,-0.9713310241699205
2024-02-01 15:00:00-05:00,23.77,24.937681,-1.1676811981201176
2024-02-01 16:00:00-05:00,25.78,25.53425,0.24574974060058707
2024-02-01 17:00:00-05:00,30.6,30.525263,0.07473716735839986
2024-02-01 18:00:00-05:00,34.29,31.709927,2.5800733947753898
2024-02-01 19:00:00-05:00,31.43,25.39072,6.039279632568359
2024-02-01 20:00:00-05:00,26.82,23.577208,3.242792434692383
2024-02-01 21:00:00-05:00,24.52,23.152538,1.3674617004394527
2024-02-01 22:00:00-05:00,20.38,21.207617,-0.8276168060302744
2024-02-01 23:00:00-05:00,20.14,22.305044,-2.1650441741943354
2024-02-02 00:00:00-05:00,19.08,20.962925,-1.8829249572753923
2024-02-02 01:00:00-05:00,17.67,19.086472,-1.4164715576171858
2024-02-02 02:00:00-05:00,16.43,18.794268,-2.3642676544189456
2024-02-02 03:00:00-05:00,17.67,18.794268,-1.1242676544189436
2024-02-02 04:00:00-05:00,18.42,18.911976,-0.4919758605957014
2024-02-02 05:00:00-05:00,20.56,21.534224,-0.974223556518556
2024-02-02 06:00:00-05:00,27.17,26.454023,0.715976638793947
2024-02-02 07:00:00-05:00,33.55,35.999073,-2.449073028564456
2024-02-02 08:00:00-05:00,30.75,34.507652,-3.7576522827148438
2024-02-02 09:00:00-05:00,29.25,30.899113,-1.6491127014160156
2024-02-02 10:00:00-05:00,26.99,27.999706,-1.0097062683105484
2024-02-02 11:00:00-05:00,26.59,26.918583,-0.32858291625976577
2024-02-02 12:00:00-05:00,26.65,26.408075,0.24192466735839702
2024-02-02 13:00:00-05:00,27.07,26.015575,1.0544245910644534
2024-02-02 14:00:00-05:00,27.07,25.70895,1.361049957275391
2024-02-02 15:00:00-05:00,27.31,25.54978,1.7602201080322253
2024-02-02 16:00:00-05:00,27.89,26.518461,1.3715387725830084
2024-02-02 17:00:00-05:00,32.0,29.886003,2.1139965057373047
2024-02-02 18:00:00-05:00,31.52,31.600607,-0.08060691833496136
2024-02-02 19:00:00-05:00,28.97,28.148243,0.8217570495605457
2024-02-02 20:00:00-05:00,25.5,26.379118,-0.8791179656982422
2024-02-02 21:00:00-05:00,24.09,24.573626,-0.48362556457519545
2024-02-02 22:00:00-05:00,22.21,22.824963,-0.614962615966796
2024-02-02 23:00:00-05:00,21.22,23.721678,-2.5016777801513683
2024-02-03 00:00:00-05:00,19.68,20.403284,-0.7232840728759768
2024-02-03 01:00:00-05:00,17.63,19.199411,-1.569411392211915
2024-02-03 02:00:00-05:00,16.38,17.412308,-1.0323077392578135
2024-02-03 03:00:00-05:00,16.71,18.004625,-1.2946253204345695
2024-02-03 04:00:00-05:00,18.25,18.4047,-0.15469932556152344
2024-02-03 05:00:00-05:00,19.5,20.64444,-1.144439697265625
2024-02-03 06:00:00-05:00,23.36,24.82915,-1.4691492462158209
2024-02-03 07:00:00-05:00,25.21,29.292788,-4.082787551879882
2024-02-03 08:00:00-05:00,25.11,29.793982,-4.683981552124024
2024-02-03 09:00:00-05:00,23.86,29.530499,-5.670498504638672
2024-02-03 10:00:00-05:00,22.94,28.527454,-5.587454376220702
2024-02-03 11:00:00-05:00,22.15,27.641666,-5.491666412353517
2024-02-03 12:00:00-05:00,20.91,25.9744,-5.0643995666503905
2024-02-03 13:00:00-05:00,20.68,25.162056,-4.4820559692382815
2024-02-03 14:00:00-05:00,19.94,24.435562,-4.495562133789061
2024-02-03 15:00:00-05:00,19.12,23.73284,-4.612839584350585
2024-02-03 16:00:00-05:00,21.55,24.340734,-2.7907344818115227
2024-02-03 17:00:00-05:00,24.95,29.052244,-4.102244186401368
2024-02-03 18:00:00-05:00,25.44,30.242111,-4.802111206054686
2024-02-03 19:00:00-05:00,24.02,27.343756,-3.323755722045899
2024-02-03 20:00:00-05:00,21.3,25.234785,-3.934785079956054
2024-02-03 21:00:00-05:00,21.72,24.405363,-2.6853630828857433
2024-02-03 22:00:00-05:00,21.21,22.479017,-1.2690172576904288
2024-02-03 23:00:00-05:00,20.79,21.42065,-0.6306504821777352
2024-02-04 00:00:00-05:00,20.39,19.123022,1.2669779205322271
2024-02-04 01:00:00-05:00,19.05,19.058817,-0.008816909790038352
2024-02-04 02:00:00-05:00,17.96,18.509235,-0.5492353820800773
2024-02-04 03:00:00-05:00,19.03,19.618967,-0.5889670562744129
2024-02-04 04:00:00-05:00,20.75,18.862679,1.8873214721679688
2024-02-04 05:00:00-05:00,20.77,18.493671,2.2763285827636714
2024-02-04 06:00:00-05:00,22.03,21.839556,0.19044425964355582
2024-02-04 07:00:00-05:00,23.13,24.344387,-1.2143870544433604
2024-02-04 08:00:00-05:00,23.41,25.558191,-2.1481912994384764
2024-02-04 09:00:00-05:00,22.99,25.801847,-2.8118474578857438
2024-02-04 10:00:00-05:00,21.95,25.898388,-3.9483879089355476
2024-02-04 11:00:00-05:00,21.88,24.020641,-2.140641326904298
2024-02-04 12:00:00-05:00,22.08,23.856834,-1.7768344116210955
2024-02-04 13:00:00-05:00,21.84,22.650848,-0.8108483886718751
2024-02-04 14:00:00-05:00,21.39,22.266388,-0.8763879394531244
2024-02-04 15:00:00-05:00,21.04,22.356022,-1.3160218811035165
2024-02-04 16:00:00-05:00,23.01,24.343687,-1.3336870574951156
2024-02-04 17:00:00-05:00,26.52,29.505716,-2.9857163238525395
2024-02-04 18:00:00-05:00,29.97,30.668114,-0.6981137084960949
2024-02-04 19:00:00-05:00,26.91,28.268,-1.3579996490478514
2024-02-04 20:00:00-05:00,24.3,24.230333,0.0696666717529304
2024-02-04 21:00:00-05:00,22.41,23.630013,-1.220012512207031
2024-02-04 22:00:00-05:00,22.94,22.49981,0.44019073486328253
2024-02-04 23:00:00-05:00,23.59,21.585281,2.0047186279296874
2024-02-05 00:00:00-05:00,23.28,19.952608,3.3273918914794933
2024-02-05 01:00:00-05:00,22.29,19.285593,3.004406967163085
2024-02-05 02:00:00-05:00,22.07,18.846577,3.223423309326172
2024-02-05 03:00:00-05:00,23.3,19.12681,4.173189926147462
2024-02-05 04:00:00-05:00,23.93,20.03414,3.895860366821289
2024-02-05 05:00:00-05:00,26.89,22.04661,4.8433901214599615
2024-02-05 06:00:00-05:00,37.01,28.428732,8.581268081665037
2024-02-05 07:00:00-05:00,48.24,32.852882,15.387117614746096
2024-02-05 08:00:00-05:00,39.0,31.137793,7.862207412719727
2024-02-05 09:00:00-05:00,32.9,28.573656,4.326343917846678
2024-02-05 10:00:00-05:00,32.37,27.09742,5.272580261230466
2024-02-05 11:00:00-05:00,28.39,26.499355,1.8906446838378912
2024-02-05 12:00:00-05:00,26.59,25.5146,1.0753992462158202
2024-02-05 13:00:00-05:00,24.93,25.727104,-0.797104187011719
2024-02-05 14:00:00-05:00,24.2,24.97295,-0.7729499816894538
2024-02-05 15:00:00-05:00,23.3,24.372513,-1.0725128173828118
2024-02-05 16:00:00-05:00,26.45,26.773363,-0.323363113403321
2024-02-05 17:00:00-05:00,31.83,29.526297,2.3037033843994124
2024-02-05 18:00:00-05:00,39.36,33.14679,6.213210449218749
2024-02-05 19:00:00-05:00,30.84,29.939331,0.9006689453124999
2024-02-05 20:00:00-05:00,27.41,25.690134,1.719865951538086
2024-02-05 21:00:00-05:00,26.36,24.085274,2.274726257324218
2024-02-05 22:00:00-05:00,22.51,25.187296,-2.6772959136962875
2024-02-05 23:00:00-05:00,22.09,24.562895,-2.4728948211669923
2024-02-06 00:00:00-05:00,25.41,22.51925,2.8907491302490236
2024-02-06 01:00:00-05:00,22.32,21.27431,1.045690841674805
2024-02-06 02:00:00-05:00,22.29,20.683525,1.6064749145507804
2024-02-06 03:00:00-05:00,23.5,21.785648,1.7143516540527344
2024-02-06 04:00:00-05:00,25.29,22.449215,2.8407850646972648
2024-02-06 05:00:00-05:00,27.8,25.18516,2.6148403167724616
2024-02-06 06:00:00-05:00,37.59,34.07591,3.5140913391113315
2024-02-06 07:00:00-05:00,49.9,38.13225,11.767748260498045
2024-02-06 08:00:00-05:00,36.6,36.111076,0.48892364501953267
2024-02-06 09:00:00-05:00,30.21,31.139502,-0.9295015716552726
2024-02-06 10:00:00-05:00,28.96,30.079361,-1.1193609619140616
2024-02-06 11:00:00-05:00,27.34,26.640005,0.6999948883056639
2024-02-06 12:00:00-05:00,25.18,25.299742,-0.11974174499511747
2024-02-06 13:00:00-05:00,24.37,24.326632,0.04336845397949318
2024-02-06 14:00:00-05:00,23.4,23.924183,-0.5241828918457045
2024-02-06 15:00:00-05:00,22.94,24.595943,-1.655943450927733
2024-02-06 16:00:00-05:00,26.02,26.842125,-0.8221249389648442
2024-02-06 17:00:00-05:00,32.83,31.068523,1.7614765930175764
2024-02-06 18:00:00-05:00,38.06,36.184074,1.8759255981445335
2024-02-06 19:00:00-05:00,35.45,30.044626,5.405373764038089
2024-02-06 20:00:00-05:00,32.31,26.994911,5.315088806152346
2024-02-06 21:00:00-05:00,30.69,26.267426,4.422574462890626
2024-02-06 22:00:00-05:00,26.35,23.228893,3.1211067199707045
2024-02-06 23:00:00-05:00,23.89,23.388214,0.5017858886718756
2024-02-07 00:00:00-05:00,21.91,23.236057,-1.3260572814941405
2024-02-07 01:00:00-05:00,20.23,20.452143,-0.22214271545410114
2024-02-07 02:00:00-05:00,20.27,20.105919,0.16408111572265582
2024-02-07 03:00:00-05:00,21.32,21.841984,-0.5219837951660153
2024-02-07 04:00:00-05:00,22.45,22.727282,-0.277281570434571
2024-02-07 05:00:00-05:00,26.54,24.525942,2.0140581512451163
2024-02-07 06:00:00-05:00,36.02,33.04238,2.9776187133789094
2024-02-07 07:00:00-05:00,43.67,45.280506,-1.6105061340332014
2024-02-07 08:00:00-05:00,35.87,33.72942,2.1405802917480443
2024-02-07 09:00:00-05:00,29.7,29.66836,0.03164024353027273
2024-02-07 10:00:00-05:00,27.64,29.08681,-1.4468091583251947
2024-02-07 11:00:00-05:00,26.98,27.940464,-0.9604640197753902
2024-02-07 12:00:00-05:00,24.82,25.16168,-0.3416802215576169
2024-02-07 13:00:00-05:00,23.78,23.858543,-0.07854339599609261
2024-02-07 14:00:00-05:00,23.34,23.299423,0.04057678222656236
2024-02-07 15:00:00-05:00,22.76,23.136715,-0.3767149353027328
2024-02-07 16:00:00-05:00,25.02,24.356958,0.663041610717773
2024-02-07 17:00:00-05:00,24.07,28.179564,-4.109563522338867
2024-02-07 18:00:00-05:00,22.89,31.957651,-9.067651138305663
2024-02-07 19:00:00-05:00,20.29,27.39132,-7.101319274902345
2024-02-07 20:00:00-05:00,18.35,24.531912,-6.1819118499755845
2024-02-07 21:00:00-05:00,16.48,24.691109,-8.21110870361328
2024-02-07 22:00:00-05:00,13.79,22.825657,-9.035656890869141
2024-02-07 23:00:00-05:00,12.01,21.337576,-9.327575912475586
2024-02-08 00:00:00-05:00,12.68,18.946905,-6.266905136108399
2024-02-08 01:00:00-05:00,10.69,17.825104,-7.1351037597656255
2024-02-08 02:00:00-05:00,9.57,18.0347,-8.464700393676758
2024-02-08 03:00:00-05:00,9.52,18.472683,-8.95268295288086
2024-02-08 04:00:00-05:00,9.1,20.043863,-10.94386329650879
2024-02-08 05:00:00-05:00,11.0,23.029835,-12.029834747314453
2024-02-08 06:00:00-05:00,15.84,28.670794,-12.830793533325195
2024-02-08 07:00:00-05:00,19.91,34.702705,-14.792705383300781
2024-02-08 08:00:00-05:00,15.04,31.403006,-16.363005599975587
2024-02-08 09:00:00-05:00,12.76,26.871782,-14.111782302856446
2024-02-08 10:00:00-05:00,11.64,25.808727,-14.168727264404296
2024-02-08 11:00:00-05:00,11.79,25.617416,-13.827416381835938
2024-02-08 12:00:00-05:00,11.54,24.88498,-13.344979248046876
2024-02-08 13:00:00-05:00,11.4,24.646868,-13.246867752075195
2024-02-08 14:00:00-05:00,11.6,23.989626,-12.389625930786133
2024-02-08 15:00:00-05:00,10.84,23.294165,-12.454164657592774
2024-02-08 16:00:00-05:00,14.09,24.659712,-10.569711837768555
2024-02-08 17:00:00-05:00,19.16,26.341627,-7.1816271209716795
2024-02-08 18:00:00-05:00,18.71,28.9736,-10.263600387573241
2024-02-08 19:00:00-05:00,18.31,27.647123,-9.337123336791993
2024-02-08 20:00:00-05:00,16.16,24.475475,-8.315475311279297
2024-02-08 21:00:00-05:00,13.31,23.898083,-10.588082733154296
2024-02-08 22:00:00-05:00,13.97,18.93402,-4.9640190887451165
2024-02-08 23:00:00-05:00,12.17,17.964876,-5.794876174926758
2024-02-09 00:00:00-05:00,11.65,17.272238,-5.622237777709961
2024-02-09 01:00:00-05:00,10.85,15.719439,-4.869438552856446
2024-02-09 02:00:00-05:00,10.33,13.445795,-3.1157950592041015
2024-02-09 03:00:00-05:00,10.77,13.734072,-2.9640717315673832
2024-02-09 04:00:00-05:00,11.2,14.672972,-3.472971725463868
2024-02-09 05:00:00-05:00,12.87,18.945301,-6.075301055908204
2024-02-09 06:00:00-05:00,18.88,27.349688,-8.469687576293946
2024-02-09 07:00:00-05:00,23.42,29.644817,-6.22481735229492
2024-02-09 08:00:00-05:00,21.67,27.993776,-6.323776321411131
2024-02-09 09:00:00-05:00,21.98,25.187344,-3.207343597412109
2024-02-09 10:00:00-05:00,19.78,24.491571,-4.7115714263916
2024-02-09 11:00:00-05:00,19.61,24.556528,-4.946528091430665
2024-02-09 12:00:00-05:00,18.8,24.097929,-5.2979290008544915
2024-02-09 13:00:00-05:00,18.28,24.213093,-5.933092803955077
2024-02-09 14:00:00-05:00,18.4,23.749733,-5.349732971191408
2024-02-09 15:00:00-05:00,18.21,23.461432,-5.251431503295898
2024-02-09 16:00:00-05:00,21.06,25.822182,-4.7621817016601575
2024-02-09 17:00:00-05:00,23.14,30.859959,-7.71995864868164
2024-02-09 18:00:00-05:00,25.19,31.988106,-6.79810577392578
2024-02-09 19:00:00-05:00,23.11,31.460989,-8.350988998413087
2024-02-09 20:00:00-05:00,21.67,28.366415,-6.696415023803709
2024-02-09 21:00:00-05:00,19.36,26.647501,-7.28750099182129
2024-02-09 22:00:00-05:00,17.1,22.154146,-5.054146194458006
2024-02-09 23:00:00-05:00,16.34,20.458948,-4.118948135375977
2024-02-10 00:00:00-05:00,16.27,16.399025,-0.12902496337890668
2024-02-10 01:00:00-05:00,14.43,15.894201,-1.4642012786865237
2024-02-10 02:00:00-05:00,12.83,17.221228,-4.391227645874023
2024-02-10 03:00:00-05:00,12.83,17.25689,-4.426889343261719
2024-02-10 04:00:00-05:00,13.47,16.81568,-3.345679550170898
2024-02-10 05:00:00-05:00,14.08,17.552631,-3.472631378173828
2024-02-10 06:00:00-05:00,17.91,23.96869,-6.058690872192383
2024-02-10 07:00:00-05:00,20.41,26.625237,-6.215236511230469
2024-02-10 08:00:00-05:00,20.34,23.37654,-3.03653923034668
2024-02-10 09:00:00-05:00,20.85,22.540688,-1.6906875610351548
2024-02-10 10:00:00-05:00,21.29,20.981506,0.30849365234374915
2024-02-10 11:00:00-05:00,20.08,20.020725,0.05927474975585767
2024-02-10 12:00:00-05:00,19.8,19.01617,0.7838294982910163
2024-02-10 13:00:00-05:00,19.62,19.458246,0.16175376892089943
2024-02-10 14:00:00-05:00,19.95,19.587852,0.36214752197265554
2024-02-10 15:00:00-05:00,19.42,19.55172,-0.13171966552734204
2024-02-10 16:00:00-05:00,23.0,21.268766,1.7312335968017578
2024-02-10 17:00:00-05:00,30.67,25.043896,5.626104278564455
2024-02-10 18:00:00-05:00,31.21,24.970753,6.239247283935548
2024-02-10 19:00:00-05:00,30.83,24.285992,6.544008331298826
2024-02-10 20:00:00-05:00,24.61,21.903868,2.7061322784423822
2024-02-10 21:00:00-05:00,22.91,20.486422,2.4235784149169923
2024-02-10 22:00:00-05:00,22.42,19.517508,2.9024924468994158
2024-02-10 23:00:00-05:00,23.88,19.255558,4.624441986083983
2024-02-11 00:00:00-05:00,23.45,17.373726,6.076274108886718
2024-02-11 01:00:00-05:00,23.92,16.052397,7.8676032257080095
2024-02-11 02:00:00-05:00,23.53,15.560332,7.9696677017211925
2024-02-11 03:00:00-05:00,23.09,15.753204,7.336795654296875
2024-02-11 04:00:00-05:00,24.0,17.459963,6.540037155151367
2024-02-11 05:00:00-05:00,22.89,17.408142,5.481857910156251
2024-02-11 06:00:00-05:00,24.84,19.364569,5.475431289672851
2024-02-11 07:00:00-05:00,27.58,21.061092,6.518907623291014
2024-02-11 08:00:00-05:00,28.43,20.733837,7.696162872314453
2024-02-11 09:00:00-05:00,27.89,20.340368,7.549631729125977
2024-02-11 10:00:00-05:00,26.79,19.787107,7.002892532348632
2024-02-11 11:00:00-05:00,23.21,19.80331,3.4066896057128915
2024-02-11 12:00:00-05:00,21.65,19.078827,2.5711730957031236
2024-02-11 13:00:00-05:00,20.81,19.109135,1.700865325927733
2024-02-11 14:00:00-05:00,19.55,19.039366,0.5106342315673835
2024-02-11 15:00:00-05:00,19.87,18.82309,1.046910400390626
2024-02-11 16:00:00-05:00,22.68,22.394878,0.28512161254882784
2024-02-11 17:00:00-05:00,30.26,27.876799,2.3832013702392594
2024-02-11 18:00:00-05:00,34.86,29.68931,5.17068992614746
2024-02-11 19:00:00-05:00,32.99,27.67284,5.317159881591799
2024-02-11 20:00:00-05:00,24.31,23.322803,0.9871965026855456
2024-02-11 21:00:00-05:00,23.0,21.552101,1.4478988647460938
2024-02-11 22:00:00-05:00,21.31,21.788054,-0.47805351257324347
2024-02-11 23:00:00-05:00,21.92,22.146093,-0.22609336853027173
2024-02-12 00:00:00-05:00,19.68,22.418837,-2.73883659362793
2024-02-12 01:00:00-05:00,19.84,21.922827,-2.0828267669677736
2024-02-12 02:00:00-05:00,20.25,22.02111,-1.7711105346679688
2024-02-12 03:00:00-05:00,20.79,22.925058,-2.135058364868165
2024-02-12 04:00:00-05:00,22.01,23.838001,-1.8280012512207016
2024-02-12 05:00:00-05:00,25.84,25.500069,0.3399313354492186
2024-02-12 06:00:00-05:00,36.83,31.465721,5.3642788696289045
2024-02-12 07:00:00-05:00,49.18,35.990253,13.189746551513672
2024-02-12 08:00:00-05:00,38.33,37.044483,1.2855168151855452
2024-02-12 09:00:00-05:00,34.1,32.592476,1.5075241088867202
2024-02-12 10:00:00-05:00,33.53,31.454775,2.0752251434326183
2024-02-12 11:00:00-05:00,30.95,27.801971,3.1480285644531243
2024-02-12 12:00:00-05:00,25.44,26.152231,-0.7122312164306628
2024-02-12 13:00:00-05:00,23.97,25.68838,-1.7183792877197277
2024-02-12 14:00:00-05:00,22.88,24.768806,-1.8888064575195322
2024-02-12 15:00:00-05:00,22.54,24.022097,-1.4820966339111337
2024-02-12 16:00:00-05:00,23.85,26.951498,-3.1014980316162095
2024-02-12 17:00:00-05:00,30.29,32.810467,-2.5204667663574227
2024-02-12 18:00:00-05:00,39.01,36.521664,2.4883363342285136
2024-02-12 19:00:00-05:00,34.62,32.856766,1.763234252929685
2024-02-12 20:00:00-05:00,28.26,25.816784,2.4432160949707047
2024-02-12 21:00:00-05:00,26.31,25.314024,0.9959760284423815
2024-02-12 22:00:00-05:00,24.99,22.398611,2.5913889312744125
2024-02-12 23:00:00-05:00,25.75,22.118452,3.6315479278564453
2024-02-13 00:00:00-05:00,23.98,20.802177,3.1778225708007817
2024-02-13 01:00:00-05:00,22.15,19.354605,2.7953952789306626
2024-02-13 02:00:00-05:00,21.51,19.468592,2.041408309936525
2024-02-13 03:00:00-05:00,21.67,20.336248,1.3337516021728533
2024-02-13 04:00:00-05:00,22.67,21.699518,0.9704817962646501
2024-02-13 05:00:00-05:00,25.48,24.777534,0.7024655151367192
2024-02-13 06:00:00-05:00,37.71,36.250618,1.4593820190429696
2024-02-13 07:00:00-05:00,50.75,43.584774,7.165225982666016
2024-02-13 08:00:00-05:00,34.99,36.96154,-1.9715402221679668
2024-02-13 09:00:00-05:00,30.91,32.097996,-1.1879957580566405
2024-02-13 10:00:00-05:00,30.48,30.959028,-0.47902824401855426
2024-02-13 11:00:00-05:00,26.7,28.075335,-1.375334548950196
2024-02-13 12:00:00-05:00,25.34,25.060438,0.27956184387207017
2024-02-13 13:00:00-05:00,23.73,24.078733,-0.34873344421386676
2024-02-13 14:00:00-05:00,23.58,23.86017,-0.2801703643798845
2024-02-13 15:00:00-05:00,22.94,23.17791,-0.23790985107421747
2024-02-13 16:00:00-05:00,25.24,24.722456,0.5175440216064437
2024-02-13 17:00:00-05:00,32.92,30.135502,2.784498138427736
2024-02-13 18:00:00-05:00,42.55,36.626995,5.923004913330075
2024-02-13 19:00:00-05:00,34.98,35.05356,-0.07355834960937813
2024-02-13 20:00:00-05:00,27.79,27.625221,0.1647787475585929
2024-02-13 21:00:00-05:00,26.67,25.524105,1.1458949279785173
2024-02-13 22:00:00-05:00,24.76,23.753798,1.0062024688720719
2024-02-13 23:00:00-05:00,22.8,24.072285,-1.2722846984863274
2024-02-14 00:00:00-05:00,22.61,21.830677,0.7793229675292963
2024-02-14 01:00:00-05:00,21.83,20.373133,1.4568672943115217
2024-02-14 02:00:00-05:00,21.58,20.073093,1.5069065856933577
2024-02-14 03:00:00-05:00,21.97,19.925644,2.0443560791015614
2024-02-14 04:00:00-05:00,23.02,21.646988,1.373012084960937
2024-02-14 05:00:00-05:00,24.74,24.726461,0.0135385894775375
2024-02-14 06:00:00-05:00,32.46,34.863316,-2.4033155822753898
2024-02-14 07:00:00-05:00,42.31,46.0564,-3.7464002990722634
2024-02-14 08:00:00-05:00,35.27,36.23596,-0.9659580993652312
2024-02-14 09:00:00-05:00,28.1,30.488031,-2.3880313873291
2024-02-14 10:00:00-05:00,27.93,28.616219,-0.6862185668945315
2024-02-14 11:00:00-05:00,27.18,26.246595,0.93340461730957
2024-02-14 12:00:00-05:00,24.51,24.988916,-0.478916397094725
2024-02-14 13:00:00-05:00,23.29,24.016832,-0.7268323516845712
2024-02-14 14:00:00-05:00,21.84,23.86032,-2.0203191375732423
2024-02-14 15:00:00-05:00,22.64,23.480947,-0.8409474945068354
2024-02-14 16:00:00-05:00,23.63,24.94221,-1.312209243774415
2024-02-14 17:00:00-05:00,28.21,28.755455,-0.5454550170898429
2024-02-14 18:00:00-05:00,28.48,38.278954,-9.798953552246093
2024-02-14 19:00:00-05:00,25.29,31.222881,-5.932881317138673
2024-02-14 20:00:00-05:00,22.27,24.798141,-2.528141479492188
2024-02-14 21:00:00-05:00,21.34,24.258736,-2.9187356567382814
2024-02-14 22:00:00-05:00,19.03,22.470678,-3.4406783294677723
2024-02-14 23:00:00-05:00,18.57,22.50998,-3.9399792480468747
2024-02-15 00:00:00-05:00,15.8,21.133326,-5.333325576782226
2024-02-15 01:00:00-05:00,13.27,20.29709,-7.027090530395508
2024-02-15 02:00:00-05:00,12.39,20.735197,-8.345197067260742
2024-02-15 03:00:00-05:00,12.07,20.802246,-8.73224609375
2024-02-15 04:00:00-05:00,13.88,21.98474,-8.104739303588866
2024-02-15 05:00:00-05:00,14.87,23.831707,-8.961707000732423
2024-02-15 06:00:00-05:00,19.03,31.597378,-12.567377777099608
2024-02-15 07:00:00-05:00,21.42,39.220905,-17.800905303955076
2024-02-15 08:00:00-05:00,20.14,33.91235,-13.772349700927734
2024-02-15 09:00:00-05:00,19.53,27.86393,-8.333929748535155
2024-02-15 10:00:00-05:00,19.58,27.665846,-8.085845870971681
2024-02-15 11:00:00-05:00,19.65,27.165274,-7.515273666381837
2024-02-15 12:00:00-05:00,18.21,24.400486,-6.19048599243164
2024-02-15 13:00:00-05:00,17.67,23.577448,-5.90744789123535
2024-02-15 14:00:00-05:00,17.75,22.516836,-4.766836166381836
2024-02-15 15:00:00-05:00,17.32,23.084396,-5.764396362304687
2024-02-15 16:00:00-05:00,20.32,23.22827,-2.908269577026367
2024-02-15 17:00:00-05:00,26.4,26.899666,-0.49966583251953267
2024-02-15 18:00:00-05:00,29.8,31.489511,-1.6895114898681634
2024-02-15 19:00:00-05:00,29.06,25.919645,3.1403546905517565
2024-02-15 20:00:00-05:00,24.94,23.59121,1.3487905883789075
2024-02-15 21:00:00-05:00,23.19,22.925205,0.26479476928711065
2024-02-15 22:00:00-05:00,22.28,21.886543,0.3934567260742199
2024-02-15 23:00:00-05:00,21.32,21.738216,-0.4182164001464841
2024-02-16 00:00:00-05:00,20.26,19.382143,0.8778569793701188
2024-02-16 01:00:00-05:00,18.57,17.632357,0.9376433563232425
2024-02-16 02:00:00-05:00,18.76,16.581306,2.1786935424804703
2024-02-16 03:00:00-05:00,19.19,16.291765,2.898234786987306
2024-02-16 04:00:00-05:00,20.91,17.404778,3.5052224731445314
2024-02-16 05:00:00-05:00,23.14,19.804192,3.335808410644532
2024-02-16 06:00:00-05:00,29.13,26.511387,2.6186131286621084
2024-02-16 07:00:00-05:00,35.66,29.32368,6.33631912231445
2024-02-16 08:00:00-05:00,30.69,27.221539,3.4684614562988294
2024-02-16 09:00:00-05:00,27.35,26.450703,0.8992973327636733
2024-02-16 10:00:00-05:00,25.54,26.788649,-1.2486486053466805
2024-02-16 11:00:00-05:00,23.65,24.464392,-0.8143917083740249
2024-02-16 12:00:00-05:00,24.22,23.449211,0.7707888793945301
2024-02-16 13:00:00-05:00,23.74,22.412697,1.3273031616210922
2024-02-16 14:00:00-05:00,22.2,22.400057,-0.20005683898925852
2024-02-16 15:00:00-05:00,21.27,21.950676,-0.6806759643554692
2024-02-16 16:00:00-05:00,22.07,23.409689,-1.3396889495849607
2024-02-16 17:00:00-05:00,26.62,29.384026,-2.7640255737304678
2024-02-16 18:00:00-05:00,26.19,34.178425,-7.988424835205077
2024-02-16 19:00:00-05:00,24.31,31.64439,-7.334390106201173
2024-02-16 20:00:00-05:00,22.93,25.318718,-2.388717956542969
2024-02-16 21:00:00-05:00,20.88,24.979586,-4.099585647583009
2024-02-16 22:00:00-05:00,19.49,23.647543,-4.1575429534912125
2024-02-16 23:00:00-05:00,18.81,22.742958,-3.9329580688476575
2024-02-17 00:00:00-05:00,20.02,20.073368,-0.05336807250976605
2024-02-17 01:00:00-05:00,19.65,20.138023,-0.48802337646484517
2024-02-17 02:00:00-05:00,19.67,19.89404,-0.22403915405273267
2024-02-17 03:00:00-05:00,20.36,20.70596,-0.34595932006835994
2024-02-17 04:00:00-05:00,20.37,21.282686,-0.9126862335205068
2024-02-17 05:00:00-05:00,21.08,23.473818,-2.3938178253173845
2024-02-17 06:00:00-05:00,25.25,26.19265,-0.9426498413085938
2024-02-17 07:00:00-05:00,26.83,32.018612,-5.188611907958986
2024-02-17 08:00:00-05:00,25.5,26.805674,-1.305673599243164
2024-02-17 09:00:00-05:00,25.34,24.093596,1.2464044952392577
2024-02-17 10:00:00-05:00,24.33,23.005447,1.3245526123046858
2024-02-17 11:00:00-05:00,22.18,21.842716,0.3372837829589841
2024-02-17 12:00:00-05:00,21.27,22.020794,-0.7507939147949223
2024-02-17 13:00:00-05:00,21.49,21.093761,0.39623855590820156
2024-02-17 14:00:00-05:00,19.33,20.364532,-1.0345324707031267
2024-02-17 15:00:00-05:00,18.75,19.882734,-1.1327342987060547
2024-02-17 16:00:00-05:00,19.46,21.239765,-1.7797651672363273
2024-02-17 17:00:00-05:00,24.23,26.691063,-2.4610629272460933
2024-02-17 18:00:00-05:00,26.32,26.68455,-0.3645493316650388
2024-02-17 19:00:00-05:00,24.08,25.657837,-1.5778369140625017
2024-02-17 20:00:00-05:00,21.09,23.64924,-2.559240493774414
2024-02-17 21:00:00-05:00,19.82,21.362257,-1.5422570037841794
2024-02-17 22:00:00-05:00,19.35,20.276423,-0.9264225006103501
2024-02-17 23:00:00-05:00,18.19,21.063276,-2.8732762908935534
2024-02-18 00:00:00-05:00,15.73,19.88679,-4.156789321899414
2024-02-18 01:00:00-05:00,14.41,19.518414,-5.108413543701172
2024-02-18 02:00:00-05:00,13.73,18.943098,-5.213098068237304
2024-02-18 03:00:00-05:00,13.89,19.151144,-5.26114402770996
2024-02-18 04:00:00-05:00,13.75,19.273232,-5.523231506347656
2024-02-18 05:00:00-05:00,13.93,18.986757,-5.056757278442383
2024-02-18 06:00:00-05:00,16.99,22.868315,-5.878314743041994
2024-02-18 07:00:00-05:00,21.36,25.447557,-4.087557449340821
2024-02-18 08:00:00-05:00,20.3,25.786379,-5.486378860473632
2024-02-18 09:00:00-05:00,19.44,25.0893,-5.649300155639647
2024-02-18 10:00:00-05:00,21.17,24.759396,-3.5893955993652327
2024-02-18 11:00:00-05:00,20.73,22.306337,-1.5763373565673824
2024-02-18 12:00:00-05:00,19.57,20.62513,-1.055129699707031
2024-02-18 13:00:00-05:00,19.62,21.23023,-1.6102303314208974
2024-02-18 14:00:00-05:00,19.17,19.88086,-0.7108593749999983
2024-02-18 15:00:00-05:00,18.31,20.294243,-1.98424285888672
2024-02-18 16:00:00-05:00,20.85,20.62545,0.22454986572265767
2024-02-18 17:00:00-05:00,26.88,26.774788,0.10521209716796776
2024-02-18 18:00:00-05:00,35.09,29.107277,5.982723083496097
2024-02-18 19:00:00-05:00,34.4,27.27982,7.120180511474608
2024-02-18 20:00:00-05:00,27.88,23.11423,4.765770797729491
2024-02-18 21:00:00-05:00,25.49,21.083555,4.406444778442381
2024-02-18 22:00:00-05:00,23.68,20.482548,3.197452239990234
2024-02-18 23:00:00-05:00,23.21,20.912668,2.297331771850587
2024-02-19 00:00:00-05:00,23.72,19.398628,4.321371765136718
2024-02-19 01:00:00-05:00,22.11,18.627398,3.482602462768554
2024-02-19 02:00:00-05:00,21.49,18.697897,2.7921030426025375
2024-02-19 03:00:00-05:00,21.55,18.090836,3.459164428710938
2024-02-19 04:00:00-05:00,23.43,18.745564,4.684436492919922
2024-02-19 05:00:00-05:00,24.48,22.612486,1.8675141143798832
2024-02-19 06:00:00-05:00,30.87,31.020678,-0.15067756652831932
2024-02-19 07:00:00-05:00,35.64,34.69296,0.9470411682128912
2024-02-19 08:00:00-05:00,30.12,32.605743,-2.485743408203124
2024-02-19 09:00:00-05:00,26.91,28.918776,-2.0087755584716795
2024-02-19 10:00:00-05:00,24.11,26.574034,-2.4640337371826178
2024-02-19 11:00:00-05:00,24.0,25.757444,-1.7574443817138672
2024-02-19 12:00:00-05:00,22.34,23.879545,-1.5395452117919923
2024-02-19 13:00:00-05:00,21.87,23.280882,-1.4108818817138662
2024-02-19 14:00:00-05:00,20.59,22.963745,-2.3737451171875
2024-02-19 15:00:00-05:00,19.46,23.09357,-3.6335707092285148
2024-02-19 16:00:00-05:00,21.75,24.777386,-3.027385711669922
2024-02-19 17:00:00-05:00,27.55,31.528803,-3.978802871704101
2024-02-19 18:00:00-05:00,29.7,38.281807,-8.581806945800782
2024-02-19 19:00:00-05:00,28.19,38.21997,-10.029970703124999
2024-02-19 20:00:00-05:00,25.45,28.374874,-2.924874114990235
2024-02-19 21:00:00-05:00,23.35,25.855742,-2.5057415008544908
2024-02-19 22:00:00-05:00,21.31,24.532862,-3.222861709594728
2024-02-19 23:00:00-05:00,22.38,24.424192,-2.044192428588868
2024-02-20 00:00:00-05:00,21.4,23.584295,-2.18429527282715
2024-02-20 01:00:00-05:00,20.38,21.487,-1.106999511718751
2024-02-20 02:00:00-05:00,20.16,21.12029,-0.9602907562255858
2024-02-20 03:00:00-05:00,20.78,21.231527,-0.4515273284912098
2024-02-20 04:00:00-05:00,21.65,22.766449,-1.1164489746093764
2024-02-20 05:00:00-05:00,24.45,23.275057,1.1749431610107415
2024-02-20 06:00:00-05:00,32.62,31.234451,1.385548706054685
2024-02-20 07:00:00-05:00,48.78,36.16157,12.618428497314454
2024-02-20 08:00:00-05:00,31.31,31.288054,0.021946487426756534
2024-02-20 09:00:00-05:00,26.88,28.38863,-1.5086299133300791
2024-02-20 10:00:00-05:00,24.82,26.756538,-1.936538391113281
2024-02-20 11:00:00-05:00,23.75,25.1765,-1.4265003204345703
2024-02-20 12:00:00-05:00,22.25,23.960901,-1.7109012603759766
2024-02-20 13:00:00-05:00,20.38,23.365702,-2.98570167541504
2024-02-20 14:00:00-05:00,19.38,22.528015,-3.148015136718751
2024-02-20 15:00:00-05:00,19.02,21.38619,-2.3661904144287114
2024-02-20 16:00:00-05:00,21.63,23.557192,-1.9271918487548838
2024-02-20 17:00:00-05:00,26.16,28.305393,-2.1453932189941405
2024-02-20 18:00:00-05:00,26.89,30.451635,-3.561635360717773
2024-02-20 19:00:00-05:00,24.02,28.589857,-4.56985710144043
2024-02-20 20:00:00-05:00,21.66,25.36241,-3.7024095916748045
2024-02-20 21:00:00-05:00,19.3,23.99533,-4.695330810546874
2024-02-20 22:00:00-05:00,18.14,22.741325,-4.601325378417968
2024-02-20 23:00:00-05:00,17.17,22.340017,-5.170017318725584
2024-02-21 00:00:00-05:00,18.85,20.230997,-1.3809970855712876
2024-02-21 01:00:00-05:00,17.17,19.017658,-1.8476582336425764
2024-02-21 02:00:00-05:00,16.42,18.799604,-2.379604415893553
2024-02-21 03:00:00-05:00,18.21,18.976448,-0.7664480590820304
2024-02-21 04:00:00-05:00,20.0,20.741013,-0.7410125732421875
2024-02-21 05:00:00-05:00,22.65,23.521866,-0.8718658447265639
2024-02-21 06:00:00-05:00,30.52,30.118185,0.40181495666503864
2024-02-21 07:00:00-05:00,42.56,42.3235,0.23649841308593977
2024-02-21 08:00:00-05:00,27.49,29.18025,-1.6902501678466813
2024-02-21 09:00:00-05:00,23.28,25.502304,-2.2223040771484364
2024-02-21 10:00:00-05:00,23.26,24.511549,-1.2515489959716781
2024-02-21 11:00:00-05:00,22.32,24.523865,-2.2038647460937497
2024-02-21 12:00:00-05:00,20.41,23.276451,-2.8664511108398436
2024-02-21 13:00:00-05:00,20.35,21.887495,-1.5374950408935533
2024-02-21 14:00:00-05:00,18.93,20.777674,-1.8476737213134768
2024-02-21 15:00:00-05:00,18.59,20.989534,-2.399534378051758
2024-02-21 16:00:00-05:00,21.56,23.169777,-1.6097769165039075
2024-02-21 17:00:00-05:00,27.89,26.010778,1.8792215728759771
2024-02-21 18:00:00-05:00,31.08,27.154202,3.925798492431639
2024-02-21 19:00:00-05:00,28.51,25.675854,2.8341462707519547
2024-02-21 20:00:00-05:00,23.87,21.636127,2.233872528076173
2024-02-21 21:00:00-05:00,22.73,19.929678,2.8003220367431645
2024-02-21 22:00:00-05:00,21.62,19.429228,2.190772171020509
2024-02-21 23:00:00-05:00,21.46,19.301094,2.1589059448242196
2024-02-22 00:00:00-05:00,21.23,18.576925,2.6530747222900395
2024-02-22 01:00:00-05:00,19.42,18.001919,1.4180812072753923
2024-02-22 02:00:00-05:00,17.55,17.16438,0.38562088012695384
2024-02-22 03:00:00-05:00,17.92,18.188288,-0.26828773498534986
2024-02-22 04:00:00-05:00,19.2,18.93885,0.26114959716796804
2024-02-22 05:00:00-05:00,21.32,22.40962,-1.0896202850341794
2024-02-22 06:00:00-05:00,26.5,27.175016,-0.6750164031982422
2024-02-22 07:00:00-05:00,31.69,37.488495,-5.798494873046874
2024-02-22 08:00:00-05:00,25.47,27.82427,-2.354270248413087
2024-02-22 09:00:00-05:00,24.71,24.27059,0.4394101715087899
2024-02-22 10:00:00-05:00,24.49,23.559448,0.9305517578124984
2024-02-22 11:00:00-05:00,23.14,23.000187,0.13981307983398494
2024-02-22 12:00:00-05:00,21.82,21.921555,-0.10155456542968722
2024-02-22 13:00:00-05:00,19.8,21.519775,-1.7197753906249993
2024-02-22 14:00:00-05:00,19.4,21.138884,-1.7388835906982436
2024-02-22 15:00:00-05:00,19.95,21.079899,-1.1298988342285163
2024-02-22 16:00:00-05:00,21.67,22.454035,-0.7840348052978499
2024-02-22 17:00:00-05:00,27.17,26.63219,0.5378092956542986
2024-02-22 18:00:00-05:00,29.04,30.257526,-1.217526397705079
2024-02-22 19:00:00-05:00,26.35,28.08656,-1.7365592956542955
2024-02-22 20:00:00-05:00,22.74,25.107796,-2.367795715332033
2024-02-22 21:00:00-05:00,21.45,23.454681,-2.0046813964843757
2024-02-22 22:00:00-05:00,19.54,22.03792,-2.497919998168946
2024-02-22 23:00:00-05:00,18.3,21.710978,-3.4109775543212884
2024-02-23 00:00:00-05:00,15.56,20.2555,-4.695500793457031
2024-02-23 01:00:00-05:00,12.87,19.515903,-6.645903472900391
2024-02-23 02:00:00-05:00,12.84,19.072348,-6.232347640991211
2024-02-23 03:00:00-05:00,12.79,19.247862,-6.457861862182618
2024-02-23 04:00:00-05:00,13.64,18.154606,-4.514605865478515
2024-02-23 05:00:00-05:00,16.61,21.646929,-5.036928787231446
2024-02-23 06:00:00-05:00,24.03,27.261635,-3.231634826660155
2024-02-23 07:00:00-05:00,31.52,36.361008,-4.841007690429688
2024-02-23 08:00:00-05:00,25.64,28.934414,-3.294413909912109
2024-02-23 09:00:00-05:00,23.55,27.760046,-4.210046005249023
2024-02-23 10:00:00-05:00,21.5,27.69079,-6.190790176391602
2024-02-23 11:00:00-05:00,21.0,25.901632,-4.901632308959961
2024-02-23 12:00:00-05:00,20.41,25.437387,-5.027387466430664
2024-02-23 13:00:00-05:00,19.4,23.30163,-3.901630020141603
2024-02-23 14:00:00-05:00,18.01,22.619375,-4.609375228881834
2024-02-23 15:00:00-05:00,18.56,22.444944,-3.8849443817138685
2024-02-23 16:00:00-05:00,20.17,23.642056,-3.4720555114746077
2024-02-23 17:00:00-05:00,24.61,27.469343,-2.8593431854248053
2024-02-23 18:00:00-05:00,27.33,27.886908,-0.5569075775146501
2024-02-23 19:00:00-05:00,24.83,26.16728,-1.3372801971435564
2024-02-23 20:00:00-05:00,23.86,24.33273,-0.47272933959960994
2024-02-23 21:00:00-05:00,22.74,22.652727,0.08727287292480312
2024-02-23 22:00:00-05:00,22.62,21.479631,1.1403685760498057
2024-02-23 23:00:00-05:00,22.04,21.153975,0.8860254669189445
2024-02-24 00:00:00-05:00,19.43,18.698036,0.7319638061523435
2024-02-24 01:00:00-05:00,17.39,17.02458,0.3654199981689459
2024-02-24 02:00:00-05:00,16.7,16.97886,-0.2788608551025398
2024-02-24 03:00:00-05:00,18.07,16.636265,1.4337351989746097
2024-02-24 04:00:00-05:00,18.98,16.935347,2.0446533966064457
2024-02-24 05:00:00-05:00,19.94,18.046751,1.893248977661134
2024-02-24 06:00:00-05:00,24.86,24.966835,-0.10683502197265682
2024-02-24 07:00:00-05:00,29.31,29.323355,-0.013354721069337216
2024-02-24 08:00:00-05:00,26.08,23.893763,2.1862374114990217
2024-02-24 09:00:00-05:00,25.57,22.663551,2.906448669433594
2024-02-24 10:00:00-05:00,25.04,20.998714,4.041285552978515
2024-02-24 11:00:00-05:00,24.04,19.53942,4.500580825805663
2024-02-24 12:00:00-05:00,23.09,19.05636,4.033639755249023
2024-02-24 13:00:00-05:00,21.82,18.221119,3.598881072998047
2024-02-24 14:00:00-05:00,21.42,18.075304,3.3446959686279314
2024-02-24 15:00:00-05:00,24.3,18.384727,5.915272521972657
2024-02-24 16:00:00-05:00,25.03,18.828205,6.201794891357423
2024-02-24 17:00:00-05:00,32.58,24.740881,7.839119033813475
2024-02-24 18:00:00-05:00,35.46,26.53705,8.922949752807618
2024-02-24 19:00:00-05:00,29.98,24.797255,5.182745437622071
2024-02-24 20:00:00-05:00,23.93,21.944101,1.9858986663818357
2024-02-24 21:00:00-05:00,20.96,21.925993,-0.9659929656982413
2024-02-24 22:00:00-05:00,19.14,21.78052,-2.6405194854736322
2024-02-24 23:00:00-05:00,16.84,21.109816,-4.26981559753418
2024-02-25 00:00:00-05:00,14.23,20.026451,-5.796451110839843
2024-02-25 01:00:00-05:00,13.81,19.784315,-5.974315109252929
2024-02-25 02:00:00-05:00,13.62,20.063482,-6.443482284545899
2024-02-25 03:00:00-05:00,13.77,21.210781,-7.44078109741211
2024-02-25 04:00:00-05:00,14.36,21.204752,-6.84475196838379
2024-02-25 05:00:00-05:00,14.91,21.382818,-6.472818222045898
2024-02-25 06:00:00-05:00,17.01,24.201462,-7.191461791992186
2024-02-25 07:00:00-05:00,20.75,27.479937,-6.729936599731445
2024-02-25 08:00:00-05:00,21.14,24.363207,-3.2232068634033197
2024-02-25 09:00:00-05:00,20.25,23.498781,-3.248781204223633
2024-02-25 10:00:00-05:00,17.88,22.466007,-4.586007232666017
2024-02-25 11:00:00-05:00,15.69,21.60234,-5.912340698242188
2024-02-25 12:00:00-05:00,14.53,21.491756,-6.961756439208985
2024-02-25 13:00:00-05:00,13.23,20.59459,-7.364589233398437
2024-02-25 14:00:00-05:00,13.24,20.727926,-7.487926254272461
2024-02-25 15:00:00-05:00,14.36,21.41319,-7.053190841674805
2024-02-25 16:00:00-05:00,18.25,20.794806,-2.5448055267333984
2024-02-25 17:00:00-05:00,24.35,27.019403,-2.6694034576416
2024-02-25 18:00:00-05:00,29.94,31.518232,-1.5782323455810534
2024-02-25 19:00:00-05:00,28.39,27.737926,0.6520735168457037
2024-02-25 20:00:00-05:00,24.29,22.471228,1.8187723541259757
2024-02-25 21:00:00-05:00,21.53,20.514158,1.015841751098634
2024-02-25 22:00:00-05:00,20.34,18.99886,1.3411405944824217
2024-02-25 23:00:00-05:00,19.1,18.858698,0.24130210876464986
2024-02-26 00:00:00-05:00,21.32,17.606964,3.7130358886718753
2024-02-26 01:00:00-05:00,20.63,15.521204,5.108796005249022
2024-02-26 02:00:00-05:00,20.18,15.352819,4.827180557250976
2024-02-26 03:00:00-05:00,18.15,15.432779,2.7172206878662095
2024-02-26 04:00:00-05:00,21.66,17.683132,3.9768678283691408
2024-02-26 05:00:00-05:00,26.28,21.005253,5.2747471618652355
2024-02-26 06:00:00-05:00,35.52,25.281284,10.238715667724613
2024-02-26 07:00:00-05:00,38.46,32.195942,6.264058074951173
2024-02-26 08:00:00-05:00,30.26,26.223593,4.036407241821291
2024-02-26 09:00:00-05:00,25.57,23.894733,1.6752665710449222
2024-02-26 10:00:00-05:00,23.84,22.275707,1.564292755126953
2024-02-26 11:00:00-05:00,23.04,21.723862,1.3161383056640616
2024-02-26 12:00:00-05:00,21.17,19.27748,1.892520828247072
2024-02-26 13:00:00-05:00,19.67,19.316154,0.35384552001953296
2024-02-26 14:00:00-05:00,18.57,18.4294,0.14060050964355497
2024-02-26 15:00:00-05:00,17.08,18.182617,-1.1026171875000017
2024-02-26 16:00:00-05:00,18.56,22.440825,-3.8808245086669935
2024-02-26 17:00:00-05:00,23.7,26.121668,-2.4216678619384773
2024-02-26 18:00:00-05:00,27.23,32.270084,-5.040084381103515
2024-02-26 19:00:00-05:00,23.89,30.881973,-6.991973266601562
2024-02-26 20:00:00-05:00,19.85,24.776133,-4.926132583618163
2024-02-26 21:00:00-05:00,17.84,22.645653,-4.805652770996094
2024-02-26 22:00:00-05:00,15.75,21.097599,-5.347599029541016
2024-02-26 23:00:00-05:00,15.18,20.576588,-5.396587677001953
2024-02-27 00:00:00-05:00,13.19,20.077158,-6.887157974243165
2024-02-27 01:00:00-05:00,10.87,18.345917,-7.475916748046876
2024-02-27 02:00:00-05:00,10.35,17.537899,-7.187899017333985
2024-02-27 03:00:00-05:00,9.79,17.559555,-7.769555053710938
2024-02-27 04:00:00-05:00,11.15,19.556215,-8.406215286254882
2024-02-27 05:00:00-05:00,13.45,22.818401,-9.368401336669923
2024-02-27 06:00:00-05:00,20.38,28.995604,-8.615603561401368
2024-02-27 07:00:00-05:00,24.49,32.663296,-8.173295745849611
2024-02-27 08:00:00-05:00,20.87,26.15545,-5.285450820922851
2024-02-27 09:00:00-05:00,19.28,25.159931,-5.879931182861327
2024-02-27 10:00:00-05:00,19.79,24.90782,-5.1178197479248055
2024-02-27 11:00:00-05:00,19.45,23.598215,-4.148215103149415
2024-02-27 12:00:00-05:00,18.52,21.337088,-2.8170876312255864
2024-02-27 13:00:00-05:00,19.37,20.08652,-0.7165192413330068
2024-02-27 14:00:00-05:00,19.51,19.986362,-0.47636245727538906
2024-02-27 15:00:00-05:00,19.01,20.660278,-1.6502783203124984
2024-02-27 16:00:00-05:00,19.58,21.978216,-2.39821617126465
2024-02-27 17:00:00-05:00,20.84,26.691341,-5.8513414001464845
2024-02-27 18:00:00-05:00,23.02,28.800661,-5.780661087036133
2024-02-27 19:00:00-05:00,21.58,24.544653,-2.964652938842775
2024-02-27 20:00:00-05:00,17.85,20.034246,-2.184246444702147
2024-02-27 21:00:00-05:00,15.25,19.18646,-3.936460494995117
2024-02-27 22:00:00-05:00,13.53,18.717896,-5.187895507812501
2024-02-27 23:00:00-05:00,12.31,18.503664,-6.193664016723632
2024-02-28 00:00:00-05:00,11.08,15.724875,-4.644875450134277
2024-02-28 01:00:00-05:00,9.61,14.098226,-4.488225593566895
2024-02-28 02:00:00-05:00,8.86,13.007281,-4.147281303405762
2024-02-28 03:00:00-05:00,9.39,13.2105,-3.820499763488769
2024-02-28 04:00:00-05:00,10.07,13.389054,-3.3190542984008786
2024-02-28 05:00:00-05:00,11.7,17.819735,-6.1197345733642585
2024-02-28 06:00:00-05:00,11.85,24.271008,-12.421007537841797
2024-02-28 07:00:00-05:00,14.36,28.504438,-14.144438400268555
2024-02-28 08:00:00-05:00,13.36,24.348396,-10.988396301269532
2024-02-28 09:00:00-05:00,13.36,22.754374,-9.39437355041504
2024-02-28 10:00:00-05:00,15.07,22.656235,-7.586234741210937
2024-02-28 11:00:00-05:00,13.5,21.71039,-8.210390090942383
2024-02-28 12:00:00-05:00,14.05,20.599989,-6.549988937377929
2024-02-28 13:00:00-05:00,14.7,20.388319,-5.68831901550293
2024-02-28 14:00:00-05:00,13.53,20.388319,-6.85831901550293
2024-02-28 15:00:00-05:00,13.97,20.219637,-6.249636917114257
2024-02-28 16:00:00-05:00,17.57,21.528355,-3.9583546447753903
2024-02-28 17:00:00-05:00,25.52,25.032927,0.4870734405517574
2024-02-28 18:00:00-05:00,33.02,27.15272,5.867280502319339
2024-02-28 19:00:00-05:00,30.69,26.63006,4.05993980407715
2024-02-28 20:00:00-05:00,26.12,22.799017,3.3209830474853526
2024-02-28 21:00:00-05:00,21.11,20.277409,0.8325914001464838
2024-02-28 22:00:00-05:00,23.76,18.512896,5.247104415893556
2024-02-28 23:00:00-05:00,21.51,17.541925,3.96807456970215
2024-02-29 00:00:00-05:00,24.22,15.263679,8.956321449279784
2024-02-29 01:00:00-05:00,22.84,16.769817,6.070182647705078
2024-02-29 02:00:00-05:00,22.68,16.696672,5.983327560424804
2024-02-29 03:00:00-05:00,23.29,15.724916,7.565083541870116
2024-02-29 04:00:00-05:00,25.71,16.206957,9.50304313659668
2024-02-29 05:00:00-05:00,31.98,19.835863,12.14413688659668
2024-02-29 06:00:00-05:00,47.03,25.924736,21.105263977050782
2024-02-29 07:00:00-05:00,57.34,31.04745,26.292550888061527
2024-02-29 08:00:00-05:00,41.9,28.669096,13.230904006958006
2024-02-29 09:00:00-05:00,31.01,26.703823,4.306176910400392
2024-02-29 10:00:00-05:00,27.45,26.51765,0.9323493957519524
2024-02-29 11:00:00-05:00,23.7,24.98389,-1.2838905334472663
2024-02-29 12:00:00-05:00,20.69,23.139286,-2.4492860412597643
2024-02-29 13:00:00-05:00,18.19,19.712452,-1.5224519348144518
2024-02-29 14:00:00-05:00,15.53,20.172337,-4.642336578369141
2024-02-29 15:00:00-05:00,15.63,20.90391,-5.273909683227538
2024-02-29 16:00:00-05:00,16.83,22.578083,-5.74808303833008
2024-02-29 17:00:00-05:00,19.89,28.477486,-8.58748565673828
2024-02-29 18:00:00-05:00,26.81,38.160847,-11.35084671020508
2024-02-29 19:00:00-05:00,25.65,36.69376,-11.043759918212892
2024-02-29 20:00:00-05:00,20.79,25.023012,-4.233012161254884
2024-02-29 21:00:00-05:00,18.46,20.722113,-2.2621126556396476
2024-02-29 22:00:00-05:00,15.41,19.72864,-4.318639602661133
2024-02-29 23:00:00-05:00,13.85,19.026882,-5.17688217163086
2024-03-01 00:00:00-05:00,18.37,17.050583,1.3194171142578135
2024-03-01 01:00:00-05:00,18.07,16.51581,1.5541899871826175
2024-03-01 02:00:00-05:00,17.52,16.573544,0.9464564514160152
2024-03-01 03:00:00-05:00,18.07,18.722603,-0.652602844238281
2024-03-01 04:00:00-05:00,18.48,19.5204,-1.0403990936279293
2024-03-01 05:00:00-05:00,20.61,24.119673,-3.5096727752685553
2024-03-01 06:00:00-05:00,29.24,33.76399,-4.523988494873048
2024-03-01 07:00:00-05:00,36.02,42.894775,-6.874775390624997
2024-03-01 08:00:00-05:00,27.33,33.52975,-6.199750823974611
2024-03-01 09:00:00-05:00,23.89,24.952263,-1.0622628784179682
2024-03-01 10:00:00-05:00,23.11,24.395521,-1.2855211639404303
2024-03-01 11:00:00-05:00,22.33,22.992624,-0.6626242828369158
2024-03-01 12:00:00-05:00,22.36,21.972754,0.387246475219726
2024-03-01 13:00:00-05:00,21.59,20.873592,0.7164076232910155
2024-03-01 14:00:00-05:00,19.81,19.917374,-0.10737365722656378
2024-03-01 15:00:00-05:00,19.06,19.755804,-0.6958040618896497
2024-03-01 16:00:00-05:00,20.95,20.603252,0.3467475891113274
2024-03-01 17:00:00-05:00,23.94,23.337456,0.6025442504882825
2024-03-01 18:00:00-05:00,27.83,26.66886,1.1611405181884749
2024-03-01 19:00:00-05:00,26.44,25.755909,0.6840910339355482
2024-03-01 20:00:00-05:00,23.08,22.894869,0.18513114929199048
2024-03-01 21:00:00-05:00,20.82,20.353184,0.46681625366210966
2024-03-01 22:00:00-05:00,19.11,19.256704,-0.1467043304443365
2024-03-01 23:00:00-05:00,18.1,17.543777,0.5562225341796889
2024-03-02 00:00:00-05:00,18.43,18.043295,0.3867050933837888
2024-03-02 01:00:00-05:00,17.86,17.67362,0.186379776000976
2024-03-02 02:00:00-05:00,16.59,18.208279,-1.6182786560058595
2024-03-02 03:00:00-05:00,18.36,18.042212,0.317788467407226
2024-03-02 04:00:00-05:00,20.01,17.33501,2.6749894714355484
2024-03-02 05:00:00-05:00,19.19,17.535652,1.65434783935547
2024-03-02 06:00:00-05:00,23.78,23.35193,0.4280693817138683
2024-03-02 07:00:00-05:00,30.44,32.193485,-1.7534852600097643
2024-03-02 08:00:00-05:00,27.78,24.063543,3.7164566802978527
2024-03-02 09:00:00-05:00,26.78,22.227545,4.552455215454103
2024-03-02 10:00:00-05:00,24.06,22.389124,1.6708760833740222
2024-03-02 11:00:00-05:00,21.94,20.409685,1.530314865112306
2024-03-02 12:00:00-05:00,18.8,20.897388,-2.0973884582519524
2024-03-02 13:00:00-05:00,16.74,19.331205,-2.5912053680419938
2024-03-02 14:00:00-05:00,15.01,18.271109,-3.261108627319336
2024-03-02 15:00:00-05:00,15.48,19.60181,-4.121810455322265
2024-03-02 16:00:00-05:00,16.25,21.537903,-5.28790283203125
2024-03-02 17:00:00-05:00,19.68,25.308357,-5.6283572387695315
2024-03-02 18:00:00-05:00,23.25,29.21291,-5.962909698486328
2024-03-02 19:00:00-05:00,19.8,27.314276,-7.514275741577148
2024-03-02 20:00:00-05:00,17.09,23.914877,-6.824876937866211
2024-03-02 21:00:00-05:00,15.54,20.984726,-5.444725952148438
2024-03-02 22:00:00-05:00,13.75,20.182802,-6.432802200317383
2024-03-02 23:00:00-05:00,11.98,19.969925,-7.989924926757812
2024-03-03 00:00:00-05:00,12.73,20.062859,-7.332858581542968
2024-03-03 01:00:00-05:00,11.67,19.222223,-7.552223281860352
2024-03-03 02:00:00-05:00,10.62,19.545334,-8.925333862304688
2024-03-03 03:00:00-05:00,10.33,19.826103,-9.496103210449219
2024-03-03 04:00:00-05:00,10.07,20.900482,-10.830482177734375
2024-03-03 05:00:00-05:00,9.91,21.694073,-11.784072723388672
2024-03-03 06:00:00-05:00,13.03,27.438309,-14.408308715820313
2024-03-03 07:00:00-05:00,14.18,29.541546,-15.361545867919922
2024-03-03 08:00:00-05:00,13.68,28.481873,-14.80187255859375
2024-03-03 09:00:00-05:00,12.6,25.86693,-13.26693000793457
2024-03-03 10:00:00-05:00,11.87,24.300226,-12.430226211547852
2024-03-03 11:00:00-05:00,11.99,23.555586,-11.565585861206054
2024-03-03 12:00:00-05:00,11.03,22.39352,-11.36352035522461
2024-03-03 13:00:00-05:00,10.77,20.772602,-10.002602081298829
2024-03-03 14:00:00-05:00,10.65,18.509401,-7.8594013214111325
2024-03-03 15:00:00-05:00,11.33,19.915466,-8.58546630859375
2024-03-03 16:00:00-05:00,12.64,18.81777,-6.17777000427246
2024-03-03 17:00:00-05:00,16.38,21.934282,-5.554282302856446
2024-03-03 18:00:00-05:00,21.37,27.02665,-5.656649475097655
2024-03-03 19:00:00-05:00,22.21,25.375696,-3.1656961822509757
2024-03-03 20:00:00-05:00,20.74,20.92641,-0.1864106750488297
2024-03-03 21:00:00-05:00,17.36,19.74366,-2.383659973144532
2024-03-03 22:00:00-05:00,15.38,17.834606,-2.454606170654296
2024-03-03 23:00:00-05:00,14.19,15.730464,-1.5404639816284185
2024-03-04 00:00:00-05:00,13.38,13.087941,0.29205883026123125
2024-03-04 01:00:00-05:00,12.43,11.746766,0.6832339096069333
2024-03-04 02:00:00-05:00,10.81,11.728562,-0.9185623550415034
2024-03-04 03:00:00-05:00,11.87,10.626799,1.243201370239257
2024-03-04 04:00:00-05:00,12.69,11.770588,0.9194120788574214
2024-03-04 05:00:00-05:00,14.5,18.0365,-3.536500930786133
2024-03-04 06:00:00-05:00,22.08,25.404467,-3.324466629028322
2024-03-04 07:00:00-05:00,24.78,28.460957,-3.680956573486327
2024-03-04 08:00:00-05:00,22.2,24.405453,-2.205452728271485
2024-03-04 09:00:00-05:00,21.77,20.025263,1.744737167358398
2024-03-04 10:00:00-05:00,22.76,19.184393,3.575607070922853
2024-03-04 11:00:00-05:00,22.16,19.846743,2.3132573699951173
2024-03-04 12:00:00-05:00,20.17,17.377995,2.792005462646486
2024-03-04 13:00:00-05:00,20.25,17.34263,2.907369613647461
2024-03-04 14:00:00-05:00,19.33,17.56599,1.7640095520019514
2024-03-04 15:00:00-05:00,17.9,17.211296,0.6887039184570298
2024-03-04 16:00:00-05:00,20.8,18.791842,2.008158493041993
2024-03-04 17:00:00-05:00,24.07,22.867758,1.2022422027587893
2024-03-04 18:00:00-05:00,29.53,28.79593,0.7340691375732433
2024-03-04 19:00:00-05:00,28.14,26.787182,1.3528181457519537
2024-03-04 20:00:00-05:00,22.29,21.97627,0.31372932434081946
2024-03-04 21:00:00-05:00,20.02,20.218384,-0.19838378906250043
2024-03-04 22:00:00-05:00,16.61,19.349775,-2.7397753143310553
2024-03-04 23:00:00-05:00,16.14,18.105864,-1.9658635711669916
2024-03-05 00:00:00-05:00,12.03,15.1831875,-3.1531874847412116
2024-03-05 01:00:00-05:00,11.6,14.09245,-2.4924501419067386
2024-03-05 02:00:00-05:00,11.25,12.907242,-1.6572418212890625
2024-03-05 03:00:00-05:00,11.8,14.046729,-2.246729087829589
2024-03-05 04:00:00-05:00,14.24,13.796778,0.44322227478027365
2024-03-05 05:00:00-05:00,17.1,17.441896,-0.3418964385986314
2024-03-05 06:00:00-05:00,22.91,20.059725,2.8502751922607423
2024-03-05 07:00:00-05:00,26.5,25.869074,0.6309261322021484
2024-03-05 08:00:00-05:00,24.71,23.194426,1.5155744171142587
2024-03-05 09:00:00-05:00,26.06,21.493862,4.566137847900389
2024-03-05 10:00:00-05:00,26.91,21.67014,5.2398606872558595
2024-03-05 11:00:00-05:00,26.5,21.273022,5.226978302001953
2024-03-05 12:00:00-05:00,25.7,20.352575,5.347424697875976
2024-03-05 13:00:00-05:00,24.53,19.318682,5.211318283081056
2024-03-05 14:00:00-05:00,22.73,19.14608,3.5839199829101567
2024-03-05 15:00:00-05:00,21.36,19.16338,2.1966203308105463
2024-03-05 16:00:00-05:00,23.27,18.170586,5.099414367675781
2024-03-05 17:00:00-05:00,26.06,20.163542,5.8964582061767565
2024-03-05 18:00:00-05:00,31.56,24.128492,7.431507644653319
2024-03-05 19:00:00-05:00,32.08,21.803116,10.276884155273436
2024-03-05 20:00:00-05:00,25.26,18.054852,7.20514846801758
2024-03-05 21:00:00-05:00,23.72,17.335484,6.384516448974608
2024-03-05 22:00:00-05:00,21.28,15.885083,5.394916801452638
2024-03-05 23:00:00-05:00,20.4,14.909875,5.490125083923338
2024-03-06 00:00:00-05:00,18.96,12.238952,6.721048316955567
2024-03-06 01:00:00-05:00,16.71,11.703977,5.00602336883545
2024-03-06 02:00:00-05:00,16.0,11.696137,4.303862571716309
2024-03-06 03:00:00-05:00,15.92,11.508164,4.411835594177246
2024-03-06 04:00:00-05:00,15.69,12.318103,3.371897163391113
2024-03-06 05:00:00-05:00,17.8,16.294638,1.5053623199462898
2024-03-06 06:00:00-05:00,24.24,19.603079,4.6369211578369125
2024-03-06 07:00:00-05:00,31.83,20.995222,10.834777908325194
2024-03-06 08:00:00-05:00,24.89,19.476337,5.413662567138672
2024-03-06 09:00:00-05:00,23.46,20.565756,2.89424415588379
2024-03-06 10:00:00-05:00,22.09,21.172249,0.9177511596679686
2024-03-06 11:00:00-05:00,20.9,20.795177,0.1048225402832017
2024-03-06 12:00:00-05:00,19.41,19.64103,-0.2310293579101561
2024-03-06 13:00:00-05:00,18.77,19.254885,-0.48488471984863324
2024-03-06 14:00:00-05:00,18.83,19.15002,-0.3200205993652361
2024-03-06 15:00:00-05:00,18.72,18.763695,-0.04369476318359489
2024-03-06 16:00:00-05:00,19.31,18.783009,0.5269914245605456
2024-03-06 17:00:00-05:00,22.39,22.872824,-0.48282371520996037
2024-03-06 18:00:00-05:00,26.33,28.346926,-2.0169257354736345
2024-03-06 19:00:00-05:00,23.73,27.449678,-3.7196784210205074
2024-03-06 20:00:00-05:00,22.41,22.075516,0.33448425292968764
2024-03-06 21:00:00-05:00,21.54,18.595688,2.9443121337890616
2024-03-06 22:00:00-05:00,19.77,18.817947,0.9520526123046871
2024-03-06 23:00:00-05:00,17.19,16.282482,0.9075178527832044
2024-03-07 00:00:00-05:00,16.0,15.986383,0.013616561889648438
2024-03-07 01:00:00-05:00,15.45,14.181282,1.268717956542968
2024-03-07 02:00:00-05:00,15.3,13.908528,1.3914716720581062
2024-03-07 03:00:00-05:00,18.04,15.338245,2.701754608154296
2024-03-07 04:00:00-05:00,19.44,16.586046,2.853953781127931
2024-03-07 05:00:00-05:00,21.06,19.670483,1.3895173645019518
2024-03-07 06:00:00-05:00,30.97,25.872671,5.097328872680663
2024-03-07 07:00:00-05:00,33.32,29.5634,3.756599731445313
2024-03-07 08:00:00-05:00,28.74,27.897966,0.8420336151123031
2024-03-07 09:00:00-05:00,27.81,25.717184,2.092815933227538
2024-03-07 10:00:00-05:00,25.15,24.556034,0.593965911865233
2024-03-07 11:00:00-05:00,24.15,23.535385,0.6146148681640611
2024-03-07 12:00:00-05:00,23.52,21.706497,1.813502807617187
2024-03-07 13:00:00-05:00,23.02,21.531446,1.4885535430908199
2024-03-07 14:00:00-05:00,22.21,21.531446,0.6785535430908212
2024-03-07 15:00:00-05:00,20.03,21.225445,-1.1954447937011707
2024-03-07 16:00:00-05:00,20.45,21.65979,-1.2097900390625007
2024-03-07 17:00:00-05:00,21.89,23.11274,-1.2227395629882807
2024-03-07 18:00:00-05:00,24.83,27.171986,-2.341985626220705
2024-03-07 19:00:00-05:00,24.14,26.822971,-2.68297134399414
2024-03-07 20:00:00-05:00,21.59,22.95355,-1.3635503387451173
2024-03-07 21:00:00-05:00,20.52,22.737614,-2.217613677978516
2024-03-07 22:00:00-05:00,19.45,21.11224,-1.662239837646485
2024-03-07 23:00:00-05:00,18.02,20.094208,-2.0742077636718754
2024-03-08 00:00:00-05:00,16.69,18.228315,-1.5383153533935534
2024-03-08 01:00:00-05:00,15.4,18.18928,-2.7892795562744137
2024-03-08 02:00:00-05:00,14.08,18.096863,-4.01686279296875
2024-03-08 03:00:00-05:00,13.39,15.888447,-2.4984468078613276
2024-03-08 04:00:00-05:00,14.38,16.385477,-2.0054770660400383
2024-03-08 05:00:00-05:00,16.67,18.887344,-2.217344360351561
2024-03-08 06:00:00-05:00,20.52,27.200153,-6.6801533508300786
2024-03-08 07:00:00-05:00,23.49,30.46238,-6.972379455566408
2024-03-08 08:00:00-05:00,21.11,26.054125,-4.944124832153321
2024-03-08 09:00:00-05:00,20.44,24.879229,-4.439228591918944
2024-03-08 10:00:00-05:00,18.53,22.753887,-4.223887176513671
2024-03-08 11:00:00-05:00,17.82,21.376846,-3.556846313476562
2024-03-08 12:00:00-05:00,17.14,21.19161,-4.05161033630371
2024-03-08 13:00:00-05:00,17.24,20.926895,-3.686895141601564
2024-03-08 14:00:00-05:00,17.54,19.636723,-2.0967225646972665
2024-03-08 15:00:00-05:00,16.86,18.25413,-1.3941294097900396
2024-03-08 16:00:00-05:00,18.29,18.54928,-0.2592801666259774
2024-03-08 17:00:00-05:00,20.97,21.415382,-0.4453823852539074
2024-03-08 18:00:00-05:00,21.62,24.788101,-3.1681011962890615
2024-03-08 19:00:00-05:00,21.98,24.814419,-2.834418792724609
2024-03-08 20:00:00-05:00,19.88,19.91521,-0.03521072387695412
2024-03-08 21:00:00-05:00,17.69,17.82388,-0.1338792419433581
2024-03-08 22:00:00-05:00,13.58,16.960419,-3.380418701171875
2024-03-08 23:00:00-05:00,13.03,16.760708,-3.73070785522461
2024-03-09 00:00:00-05:00,14.62,14.968794,-0.34879386901855547
2024-03-09 01:00:00-05:00,13.64,14.15978,-0.519779548645019
2024-03-09 02:00:00-05:00,12.9,13.066348,-0.16634807586669886
2024-03-09 03:00:00-05:00,12.79,12.666733,0.12326721191406165
2024-03-09 04:00:00-05:00,13.14,11.983912,1.1560875320434576
2024-03-09 05:00:00-05:00,13.66,13.90864,-0.24863990783691392
2024-03-09 06:00:00-05:00,15.46,17.265839,-1.8058386230468741
2024-03-09 07:00:00-05:00,16.83,23.998163,-7.168163223266603
2024-03-09 08:00:00-05:00,18.08,20.499931,-2.4199313354492205
2024-03-09 09:00:00-05:00,18.52,19.610544,-1.0905442047119145
2024-03-09 10:00:00-05:00,16.98,18.169464,-1.1894641113281246
2024-03-09 11:00:00-05:00,15.53,17.176504,-1.6465041351318366
2024-03-09 12:00:00-05:00,14.42,16.745565,-2.325565414428711
2024-03-09 13:00:00-05:00,12.64,16.745565,-4.10556541442871
2024-03-09 14:00:00-05:00,11.58,16.961401,-5.381400985717773
2024-03-09 15:00:00-05:00,11.39,17.077278,-5.687278137207031
2024-03-09 16:00:00-05:00,12.69,17.61096,-4.920960006713868
2024-03-09 17:00:00-05:00,16.12,19.052109,-2.9321087646484365
2024-03-09 18:00:00-05:00,24.59,21.008455,3.581544723510742
2024-03-09 19:00:00-05:00,25.39,20.368963,5.021036758422852
2024-03-09 20:00:00-05:00,20.97,19.726587,1.2434127044677723
2024-03-09 21:00:00-05:00,20.44,19.65302,0.7869791412353528
2024-03-09 22:00:00-05:00,20.14,18.291033,1.8489672088623053
2024-03-09 23:00:00-05:00,20.23,16.964083,3.2659172821044926
2024-03-10 00:00:00-05:00,21.84,15.762959,6.077041473388672
2024-03-10 01:00:00-05:00,20.47,14.920184,5.549815864562987
2024-03-10 02:00:00-05:00,19.53,13.981072,5.548927574157716
2024-03-10 03:00:00-05:00,19.12,13.77727,5.342729682922364
2024-03-10 04:00:00-05:00,19.57,13.77975,5.790250129699707
2024-03-10 05:00:00-05:00,20.2,14.905422,5.29457778930664
2024-03-10 06:00:00-05:00,22.62,18.18462,4.435380096435548
2024-03-10 07:00:00-05:00,23.15,19.311441,3.8385585784912095
2024-03-10 08:00:00-05:00,21.56,18.164883,3.3951173400878893
2024-03-10 09:00:00-05:00,20.62,18.524511,2.0954886627197276
2024-03-10 10:00:00-05:00,19.4,16.529522,2.8704780578613267
2024-03-10 11:00:00-05:00,17.85,15.923216,1.9267841339111342
2024-03-10 12:00:00-05:00,17.13,14.991596,2.138403778076171
2024-03-10 13:00:00-05:00,16.15,14.226378,1.923621559143065
2024-03-10 14:00:00-05:00,15.09,14.278121,0.8118790054321288
2024-03-10 15:00:00-05:00,14.99,14.50379,0.4862100982666018
2024-03-10 16:00:00-05:00,16.98,15.264328,1.715671997070313
2024-03-10 17:00:00-05:00,21.1,18.050169,3.0498310089111342
2024-03-10 18:00:00-05:00,27.61,21.098291,6.511708602905273
2024-03-10 19:00:00-05:00,27.46,21.095201,6.3647985076904305
2024-03-10 20:00:00-05:00,23.15,18.499796,4.6502040863037095
2024-03-10 21:00:00-05:00,22.23,17.647305,4.582695465087891
2024-03-10 22:00:00-05:00,21.11,17.621128,3.488871917724609
2024-03-10 23:00:00-05:00,21.35,16.991365,4.358634567260744
2024-03-11 00:00:00-05:00,18.79,16.969711,1.8202886962890616
2024-03-11 01:00:00-05:00,17.38,15.891685,1.4883154678344717
2024-03-11 02:00:00-05:00,14.84,14.994991,-0.15499130249023452
2024-03-11 03:00:00-05:00,14.78,14.838341,-0.05834075927734439
2024-03-11 04:00:00-05:00,15.06,15.773053,-0.7130531692504878
2024-03-11 05:00:00-05:00,21.9,18.249756,3.6502441406249986
2024-03-11 06:00:00-05:00,29.26,21.879887,7.380113372802736
2024-03-11 07:00:00-05:00,24.38,24.126886,0.25311363220214744
2024-03-11 08:00:00-05:00,19.48,21.424606,-1.944606323242187
2024-03-11 09:00:00-05:00,20.8,19.83909,0.9609096527099616
2024-03-11 10:00:00-05:00,21.08,20.020023,1.0599766540527327
2024-03-11 11:00:00-05:00,19.31,18.852198,0.45780235290527216
2024-03-11 12:00:00-05:00,16.73,17.673695,-0.9436946105957027
2024-03-11 13:00:00-05:00,14.44,18.307783,-3.867783126831055
2024-03-11 14:00:00-05:00,12.82,18.322704,-5.502704315185547
2024-03-11 15:00:00-05:00,11.87,18.517044,-6.647044067382813
2024-03-11 16:00:00-05:00,13.8,19.586771,-5.786771011352538
2024-03-11 17:00:00-05:00,17.82,22.434938,-4.6149384307861325
2024-03-11 18:00:00-05:00,24.96,27.517282,-2.557282485961913
2024-03-11 19:00:00-05:00,25.24,26.873304,-1.6333043670654313
2024-03-11 20:00:00-05:00,22.01,21.477976,0.5320241546630875
2024-03-11 21:00:00-05:00,18.3,20.328375,-2.0283748626708977
2024-03-11 22:00:00-05:00,15.91,18.769003,-2.859002914428711
2024-03-11 23:00:00-05:00,13.49,19.140495,-5.6504953002929685
2024-03-12 00:00:00-05:00,10.33,16.183119,-5.85311882019043
2024-03-12 01:00:00-05:00,8.87,15.472166,-6.602166061401368
2024-03-12 02:00:00-05:00,8.58,14.4290905,-5.84909049987793
2024-03-12 03:00:00-05:00,8.15,14.552353,-6.402352905273437
2024-03-12 04:00:00-05:00,9.62,14.275135,-4.655135040283204
2024-03-12 05:00:00-05:00,12.12,18.880733,-6.760733489990235
2024-03-12 06:00:00-05:00,18.79,24.992262,-6.2022618865966805
2024-03-12 07:00:00-05:00,18.23,25.458302,-7.228301544189453
2024-03-12 08:00:00-05:00,17.4,21.03974,-3.63973960876465
2024-03-12 09:00:00-05:00,18.83,22.031738,-3.2017382812500017
2024-03-12 10:00:00-05:00,18.36,21.806526,-3.446526184082032
2024-03-12 11:00:00-05:00,17.55,21.076916,-3.526915740966796
2024-03-12 12:00:00-05:00,16.54,19.8938,-3.3538007354736337
2024-03-12 13:00:00-05:00,15.76,19.325695,-3.565695037841797
2024-03-12 14:00:00-05:00,14.26,15.576837,-1.3168365859985354
2024-03-12 15:00:00-05:00,14.53,14.769394,-0.23939392089843814
2024-03-12 16:00:00-05:00,15.99,17.49293,-1.5029294586181638
2024-03-12 17:00:00-05:00,19.06,20.267265,-1.20726531982422
2024-03-12 18:00:00-05:00,22.92,24.151087,-1.2310868072509749
2024-03-12 19:00:00-05:00,23.52,24.138035,-0.618034820556641
2024-03-12 20:00:00-05:00,21.47,21.337107,0.1328932952880848
2024-03-12 21:00:00-05:00,17.53,18.816887,-1.2868869018554676
2024-03-12 22:00:00-05:00,16.96,16.82945,0.13054939270019617
2024-03-12 23:00:00-05:00,16.68,15.478803,1.2011973190307614
2024-03-13 00:00:00-05:00,14.86,12.038871,2.821129188537597
2024-03-13 01:00:00-05:00,13.83,10.693273,3.136727409362793
2024-03-13 02:00:00-05:00,14.5,10.529605,3.970395088195801
2024-03-13 03:00:00-05:00,14.74,10.348619,4.39138053894043
2024-03-13 04:00:00-05:00,18.04,10.552729,7.487271347045898
2024-03-13 05:00:00-05:00,20.69,13.126907,7.563092651367189
2024-03-13 06:00:00-05:00,28.36,19.236578,9.123422012329101
2024-03-13 07:00:00-05:00,25.92,21.74111,4.178890151977541
2024-03-13 08:00:00-05:00,23.88,20.287416,3.592583541870116
2024-03-13 09:00:00-05:00,23.52,19.221819,4.298181076049804
2024-03-13 10:00:00-05:00,23.83,18.580595,5.249404983520506
2024-03-13 11:00:00-05:00,23.36,17.789364,5.570636138916015
2024-03-13 12:00:00-05:00,22.02,17.586222,4.4337783050537105
2024-03-13 13:00:00-05:00,20.9,16.738298,4.161701583862303
2024-03-13 14:00:00-05:00,20.46,15.92684,4.53316017150879
2024-03-13 15:00:00-05:00,21.25,15.915497,5.334503173828125
2024-03-13 16:00:00-05:00,21.97,17.525276,4.444723815917968
2024-03-13 17:00:00-05:00,23.4,19.42029,3.9797100067138658
2024-03-13 18:00:00-05:00,23.61,25.986755,-2.3767553710937506
2024-03-13 19:00:00-05:00,21.87,24.466646,-2.596646194458007
2024-03-13 20:00:00-05:00,18.26,20.055508,-1.7955076599121078
2024-03-13 21:00:00-05:00,14.6,18.117825,-3.5178245544433597
2024-03-13 22:00:00-05:00,12.31,17.874916,-5.564916076660156
2024-03-13 23:00:00-05:00,11.22,17.938616,-6.718615798950195
2024-03-14 00:00:00-05:00,12.37,14.185665,-1.8156651306152352
2024-03-14 01:00:00-05:00,11.22,14.444714,-3.2247135925292962
2024-03-14 02:00:00-05:00,10.91,14.160474,-3.250473823547363
2024-03-14 03:00:00-05:00,11.58,14.867365,-3.2873648834228515
2024-03-14 04:00:00-05:00,14.07,16.781654,-2.711654357910156
2024-03-14 05:00:00-05:00,18.42,19.249847,-0.8298474121093733
2024-03-14 06:00:00-05:00,25.45,27.336937,-1.8869369506835945
2024-03-14 07:00:00-05:00,23.25,25.97245,-2.7224502563476562
2024-03-14 08:00:00-05:00,20.19,23.749092,-3.55909210205078
2024-03-14 09:00:00-05:00,20.8,23.569317,-2.769316864013671
2024-03-14 10:00:00-05:00,20.57,22.818287,-2.248286895751953
2024-03-14 11:00:00-05:00,20.03,22.226847,-2.196846694946288
2024-03-14 12:00:00-05:00,19.96,20.683903,-0.7239027404785148
2024-03-14 13:00:00-05:00,19.85,19.974403,-0.12440338134765483
2024-03-14 14:00:00-05:00,19.03,18.65162,0.3783791351318371
2024-03-14 15:00:00-05:00,20.07,18.88317,1.1868308258056643
2024-03-14 16:00:00-05:00,21.72,19.3371,2.382900924682616
2024-03-14 17:00:00-05:00,23.38,21.12325,2.256750946044921
2024-03-14 18:00:00-05:00,24.71,23.974993,0.7350072479248055
2024-03-14 19:00:00-05:00,26.31,22.608236,3.701763687133788
2024-03-14 20:00:00-05:00,19.76,18.939957,0.8200433349609391
2024-03-14 21:00:00-05:00,17.22,16.79157,0.4284293365478504
2024-03-14 22:00:00-05:00,15.02,15.793161,-0.7731613922119145
2024-03-14 23:00:00-05:00,13.67,14.0332985,-0.3632984924316407
2024-03-15 00:00:00-05:00,11.41,12.5741625,-1.164162483215332
2024-03-15 01:00:00-05:00,10.51,11.338674,-0.8286735916137697
2024-03-15 02:00:00-05:00,10.78,10.987331,-0.20733139038086001
2024-03-15 03:00:00-05:00,10.66,10.628414,0.03158584594726577
2024-03-15 04:00:00-05:00,11.62,11.905527,-0.28552711486816484
2024-03-15 05:00:00-05:00,15.0,16.348694,-1.34869384765625
2024-03-15 06:00:00-05:00,21.41,20.35013,1.0598699188232423
2024-03-15 07:00:00-05:00,23.46,21.711386,1.74861427307129
2024-03-15 08:00:00-05:00,23.07,19.271702,3.7982981872558597
2024-03-15 09:00:00-05:00,23.1,19.846035,3.253964996337892
2024-03-15 10:00:00-05:00,23.61,19.652872,3.9571279144287104
2024-03-15 11:00:00-05:00,23.16,19.028246,4.13175407409668
2024-03-15 12:00:00-05:00,22.28,18.67197,3.6080296325683605
2024-03-15 13:00:00-05:00,20.33,18.908981,1.4210186767578108
2024-03-15 14:00:00-05:00,19.18,18.175402,1.0045983123779294
2024-03-15 15:00:00-05:00,18.53,18.358812,0.17118766784668082
2024-03-15 16:00:00-05:00,20.52,19.681032,0.8389678192138668
2024-03-15 17:00:00-05:00,21.28,21.058727,0.22127273559570426
2024-03-15 18:00:00-05:00,23.06,21.873116,1.1868844604492175
2024-03-15 19:00:00-05:00,24.41,23.262436,1.1475640869140626
2024-03-15 20:00:00-05:00,22.65,18.68472,3.965280914306639
2024-03-15 21:00:00-05:00,20.11,17.262268,2.8477319335937494
2024-03-15 22:00:00-05:00,20.55,15.882053,4.66794662475586
2024-03-15 23:00:00-05:00,19.95,15.675823,4.274176788330077
2024-03-16 00:00:00-05:00,15.44,13.375309,2.064691009521484
2024-03-16 01:00:00-05:00,14.25,13.044747,1.2052526473999023
2024-03-16 02:00:00-05:00,11.12,13.11162,-1.991619949340821
2024-03-16 03:00:00-05:00,10.05,12.994292,-2.944292259216308
2024-03-16 04:00:00-05:00,11.32,13.890796,-2.5707957077026364
2024-03-16 05:00:00-05:00,11.13,15.400694,-4.270693893432616
2024-03-16 06:00:00-05:00,12.49,20.099354,-7.609353790283203
2024-03-16 07:00:00-05:00,11.89,19.715565,-7.825564727783203
2024-03-16 08:00:00-05:00,11.79,18.749868,-6.959868392944337
2024-03-16 09:00:00-05:00,10.86,19.16841,-8.30840934753418
2024-03-16 10:00:00-05:00,9.42,18.958902,-9.53890235900879
2024-03-16 11:00:00-05:00,8.02,19.00883,-10.98882911682129
2024-03-16 12:00:00-05:00,7.06,18.258305,-11.198304595947267
2024-03-16 13:00:00-05:00,6.16,17.485003,-11.325002517700195
2024-03-16 14:00:00-05:00,5.54,17.080166,-11.54016586303711
2024-03-16 15:00:00-05:00,6.22,17.204306,-10.984305648803712
2024-03-16 16:00:00-05:00,7.49,18.200552,-10.710551986694336
2024-03-16 17:00:00-05:00,10.21,19.140299,-8.930298843383788
2024-03-16 18:00:00-05:00,13.42,23.089312,-9.669311599731445
2024-03-16 19:00:00-05:00,17.01,23.292788,-6.282787551879881
2024-03-16 20:00:00-05:00,15.61,20.5797,-4.969700469970704
2024-03-16 21:00:00-05:00,13.07,17.645565,-4.575565032958984
2024-03-16 22:00:00-05:00,11.51,17.38728,-5.877279510498047
2024-03-16 23:00:00-05:00,10.74,16.517145,-5.777145156860351
2024-03-17 00:00:00-05:00,9.84,14.7511015,-4.911101493835449
2024-03-17 01:00:00-05:00,9.16,13.50662,-4.346620407104492
2024-03-17 02:00:00-05:00,8.77,12.534273,-3.7642731475830082
2024-03-17 03:00:00-05:00,9.31,11.531271,-2.2212709808349604
2024-03-17 04:00:00-05:00,9.46,11.44386,-1.9838600540161124
2024-03-17 05:00:00-05:00,11.01,12.665047,-1.6550466918945315
2024-03-17 06:00:00-05:00,13.04,15.929076,-2.8890761947631844
2024-03-17 07:00:00-05:00,12.42,16.2061,-3.7861004638671876
2024-03-17 08:00:00-05:00,12.33,14.470704,-2.1407040786743163
2024-03-17 09:00:00-05:00,11.81,14.019886,-2.2098860168457026
2024-03-17 10:00:00-05:00,10.8,13.76177,-2.9617702484130852
2024-03-17 11:00:00-05:00,10.02,13.019556,-2.999556045532227
2024-03-17 12:00:00-05:00,9.26,13.742718,-4.482717742919922
2024-03-17 13:00:00-05:00,8.21,13.748469,-5.538469352722167
2024-03-17 14:00:00-05:00,7.17,13.425467,-6.255466537475586
2024-03-17 15:00:00-05:00,8.22,13.942526,-5.72252586364746
2024-03-17 16:00:00-05:00,9.72,14.168303,-4.4483025360107415
2024-03-17 17:00:00-05:00,11.43,16.338177,-4.908176727294922
2024-03-17 18:00:00-05:00,17.88,24.72211,-6.842110748291017
2024-03-17 19:00:00-05:00,22.67,26.287405,-3.6174050140380842
2024-03-17 20:00:00-05:00,20.41,23.042156,-2.6321562194824217
2024-03-17 21:00:00-05:00,17.61,19.97602,-2.366020812988282
2024-03-17 22:00:00-05:00,15.91,20.38591,-4.475910034179687
2024-03-17 23:00:00-05:00,16.19,20.683046,-4.4930463409423815
2024-03-18 00:00:00-05:00,16.0,17.170225,-1.1702251434326172
2024-03-18 01:00:00-05:00,15.18,16.377026,-1.1970256042480472
2024-03-18 02:00:00-05:00,15.47,17.303183,-1.8331826019287103
2024-03-18 03:00:00-05:00,17.25,17.303183,-0.05318260192871094
2024-03-18 04:00:00-05:00,18.97,18.70378,0.2662207794189442
2024-03-18 05:00:00-05:00,28.43,23.13487,5.295129470825195
2024-03-18 06:00:00-05:00,42.76,28.36418,14.395820388793943
2024-03-18 07:00:00-05:00,40.75,27.448397,13.301603317260742
2024-03-18 08:00:00-05:00,29.4,25.158726,4.241274261474608
2024-03-18 09:00:00-05:00,28.12,23.283922,4.836077804565431
2024-03-18 10:00:00-05:00,24.65,23.811682,0.8383182525634751
2024-03-18 11:00:00-05:00,22.59,23.466908,-0.8769075012207033
2024-03-18 12:00:00-05:00,20.46,23.466908,-3.0069075012207023
2024-03-18 13:00:00-05:00,18.81,23.796877,-4.986876907348634
2024-03-18 14:00:00-05:00,16.65,25.806898,-9.156898117065431
2024-03-18 15:00:00-05:00,16.86,26.388947,-9.528946533203126
2024-03-18 16:00:00-05:00,19.56,25.702084,-6.142083587646486
2024-03-18 17:00:00-05:00,22.2,23.930883,-1.7308834075927741
2024-03-18 18:00:00-05:00,29.51,28.801783,0.708217391967775
2024-03-18 19:00:00-05:00,36.97,29.72476,7.245239944458007
2024-03-18 20:00:00-05:00,29.61,24.793682,4.816317901611328
2024-03-18 21:00:00-05:00,23.42,22.137522,1.2824782562255876
2024-03-18 22:00:00-05:00,21.71,21.510065,0.1999349212646493
2024-03-18 23:00:00-05:00,18.69,21.285427,-2.595427093505858
2024-03-19 00:00:00-05:00,16.8,17.729612,-0.9296123504638665
2024-03-19 01:00:00-05:00,13.58,16.93776,-3.3577593994140624
2024-03-19 02:00:00-05:00,12.62,17.430044,-4.810044174194337
2024-03-19 03:00:00-05:00,13.07,17.895164,-4.8251644897460935
2024-03-19 04:00:00-05:00,11.57,18.87162,-7.301620178222656
2024-03-19 05:00:00-05:00,15.32,24.995405,-9.675405197143554
2024-03-19 06:00:00-05:00,26.59,37.94091,-11.350910339355469
2024-03-19 07:00:00-05:00,21.72,35.91287,-14.19286849975586
2024-03-19 08:00:00-05:00,15.52,25.04747,-9.527470092773438
2024-03-19 09:00:00-05:00,14.08,22.210453,-8.130453033447266
2024-03-19 10:00:00-05:00,13.23,19.940834,-6.710834045410156
2024-03-19 11:00:00-05:00,11.64,19.401165,-7.761165008544921
2024-03-19 12:00:00-05:00,10.55,18.947165,-8.39716453552246
2024-03-19 13:00:00-05:00,9.03,17.551516,-8.521515579223633
2024-03-19 14:00:00-05:00,7.77,16.942272,-9.172272186279297
2024-03-19 15:00:00-05:00,8.15,15.520163,-7.370162582397461
2024-03-19 16:00:00-05:00,9.58,15.728825,-6.1488246154785156
2024-03-19 17:00:00-05:00,12.88,17.952888,-5.0728884887695305
2024-03-19 18:00:00-05:00,18.64,23.062151,-4.422150955200195
2024-03-19 19:00:00-05:00,21.96,28.737026,-6.7770262145996085
2024-03-19 20:00:00-05:00,19.52,21.024387,-1.504387359619141
2024-03-19 21:00:00-05:00,16.43,16.795465,-0.36546546936035185
2024-03-19 22:00:00-05:00,13.73,16.049236,-2.3192362976074214
2024-03-19 23:00:00-05:00,13.81,14.863612,-1.0536121749877925
2024-03-20 00:00:00-05:00,12.61,14.072122,-1.4621216201782232
2024-03-20 01:00:00-05:00,11.51,12.019465,-0.5094654464721682
2024-03-20 02:00:00-05:00,10.46,10.823322,-0.3633222961425773
2024-03-20 03:00:00-05:00,10.23,11.066463,-0.836463470458984
2024-03-20 04:00:00-05:00,13.87,9.910388,3.9596120071411125
2024-03-20 05:00:00-05:00,20.77,15.29003,5.479970474243164
2024-03-20 06:00:00-05:00,28.54,28.473192,0.06680778503417883
2024-03-20 07:00:00-05:00,21.77,25.235025,-3.4650254058837895
2024-03-20 08:00:00-05:00,16.66,18.1391,-1.4790991210937499
2024-03-20 09:00:00-05:00,17.78,17.23865,0.5413506317138683
2024-03-20 10:00:00-05:00,19.09,16.350357,2.7396429443359374
2024-03-20 11:00:00-05:00,19.75,15.52685,4.223150253295898
2024-03-20 12:00:00-05:00,20.2,13.4746065,6.7253934860229485
2024-03-20 13:00:00-05:00,19.37,12.677153,6.692847366333009
2024-03-20 14:00:00-05:00,18.71,12.584562,6.125437698364259
2024-03-20 15:00:00-05:00,21.03,13.007248,8.022752075195314
2024-03-20 16:00:00-05:00,24.14,13.655597,10.484403266906739
2024-03-20 17:00:00-05:00,28.09,16.030077,12.05992301940918
2024-03-20 18:00:00-05:00,39.12,19.316578,19.803422088623044
2024-03-20 19:00:00-05:00,51.99,21.28098,30.70902084350586
2024-03-20 20:00:00-05:00,39.17,19.14629,20.02371017456055
2024-03-20 21:00:00-05:00,33.1,17.28292,15.817079162597658
2024-03-20 22:00:00-05:00,32.16,15.374234,16.78576580047607
2024-03-20 23:00:00-05:00,30.92,15.640492,15.279507560729982
2024-03-21 00:00:00-05:00,28.78,13.187187,15.592812805175782
2024-03-21 01:00:00-05:00,26.85,13.010994,13.83900604248047
2024-03-21 02:00:00-05:00,25.9,13.041053,12.858947181701659
2024-03-21 03:00:00-05:00,26.87,13.7608795,13.109120483398438
2024-03-21 04:00:00-05:00,30.65,15.130554,15.519445800781249
2024-03-21 05:00:00-05:00,44.08,21.655085,22.424915390014647
2024-03-21 06:00:00-05:00,64.37,29.710314,34.659686203002934
2024-03-21 07:00:00-05:00,50.63,25.730011,24.899989013671878
2024-03-21 08:00:00-05:00,36.35,21.540215,14.809785461425783
2024-03-21 09:00:00-05:00,30.02,21.280828,8.739171524047851
2024-03-21 10:00:00-05:00,27.51,19.85474,7.655259857177736
2024-03-21 11:00:00-05:00,24.74,20.14589,4.594110717773436
2024-03-21 12:00:00-05:00,22.37,20.541603,1.8283969116210947
2024-03-21 13:00:00-05:00,21.63,20.78625,0.8437508392333974
2024-03-21 14:00:00-05:00,20.2,19.293278,0.9067222595214837
2024-03-21 15:00:00-05:00,20.13,20.25026,-0.1202593994140635
2024-03-21 16:00:00-05:00,20.25,21.764826,-1.5148258209228516
2024-03-21 17:00:00-05:00,24.98,24.102348,0.8776516723632817
2024-03-21 18:00:00-05:00,28.97,32.883774,-3.9137738037109386
2024-03-21 19:00:00-05:00,29.66,43.085964,-13.42596420288086
2024-03-21 20:00:00-05:00,23.72,32.16111,-8.441109924316407
2024-03-21 21:00:00-05:00,18.14,25.59591,-7.455909118652343
2024-03-21 22:00:00-05:00,16.66,23.523123,-6.863122787475586
2024-03-21 23:00:00-05:00,15.7,22.82292,-7.122919845581055
2024-03-22 00:00:00-05:00,17.38,20.106613,-2.7266131591796885
2024-03-22 01:00:00-05:00,16.66,18.616957,-1.9569567108154295
2024-03-22 02:00:00-05:00,16.53,18.118282,-1.5882823181152332
2024-03-22 03:00:00-05:00,17.13,18.99,-1.859999771118165
2024-03-22 04:00:00-05:00,18.07,21.95768,-3.887679748535156
2024-03-22 05:00:00-05:00,26.12,34.955227,-8.835226898193358
2024-03-22 06:00:00-05:00,41.47,51.315666,-9.84566619873047
2024-03-22 07:00:00-05:00,32.28,41.120136,-8.840136260986327
2024-03-22 08:00:00-05:00,25.28,31.899803,-6.619803161621093
2024-03-22 09:00:00-05:00,23.74,26.68788,-2.9478795623779313
2024-03-22 10:00:00-05:00,23.01,25.285406,-2.275406112670897
2024-03-22 11:00:00-05:00,21.16,23.26448,-2.1044805908203124
2024-03-22 12:00:00-05:00,20.27,21.348011,-1.0780110168457036
2024-03-22 13:00:00-05:00,19.34,20.863586,-1.5235864257812501
2024-03-22 14:00:00-05:00,17.6,19.663841,-2.0638412475585923
2024-03-22 15:00:00-05:00,16.96,19.421959,-2.461958923339843
2024-03-22 16:00:00-05:00,14.14,19.421959,-5.281958923339843
2024-03-22 17:00:00-05:00,13.96,21.806898,-7.846898117065429
2024-03-22 18:00:00-05:00,16.57,27.183725,-10.613725357055664
2024-03-22 19:00:00-05:00,19.13,28.030754,-8.90075408935547
2024-03-22 20:00:00-05:00,15.66,24.168734,-8.508733596801758
2024-03-22 21:00:00-05:00,13.34,19.59807,-6.2580701446533205
2024-03-22 22:00:00-05:00,13.45,18.333601,-4.883600997924805
2024-03-22 23:00:00-05:00,13.2,17.741104,-4.541104125976563
2024-03-23 00:00:00-05:00,17.05,17.11624,-0.06623954772949148
2024-03-23 01:00:00-05:00,17.08,16.193178,0.8868218231201155
2024-03-23 02:00:00-05:00,17.87,16.097088,1.7729121398925791
2024-03-23 03:00:00-05:00,18.37,16.190306,2.179694290161134
2024-03-23 04:00:00-05:00,19.43,16.989086,2.440913848876953
2024-03-23 05:00:00-05:00,22.56,22.135437,0.4245629882812487
2024-03-23 06:00:00-05:00,25.78,39.358814,-13.578814239501952
2024-03-23 07:00:00-05:00,25.72,26.614998,-0.8949978637695324
2024-03-23 08:00:00-05:00,25.52,20.565937,4.9540629577636714
2024-03-23 09:00:00-05:00,22.67,20.228226,2.441774291992189
2024-03-23 10:00:00-05:00,22.35,21.562777,0.7872234344482436
2024-03-23 11:00:00-05:00,20.76,20.259993,0.5000074005126969
2024-03-23 12:00:00-05:00,19.81,19.835783,-0.025783004760743466
2024-03-23 13:00:00-05:00,18.52,19.457237,-0.9372372436523442
2024-03-23 14:00:00-05:00,15.83,18.992294,-3.1622943115234374
2024-03-23 15:00:00-05:00,16.61,19.09009,-2.4800897979736334
2024-03-23 16:00:00-05:00,17.07,18.000841,-0.93084114074707
2024-03-23 17:00:00-05:00,20.21,19.509657,0.7003430938720712
2024-03-23 18:00:00-05:00,25.94,23.058601,2.88139862060547
2024-03-23 19:00:00-05:00,28.7,24.990019,3.709981155395507
2024-03-23 20:00:00-05:00,24.86,21.204103,3.6558965301513666
2024-03-23 21:00:00-05:00,21.08,19.979883,1.1001168060302717
2024-03-23 22:00:00-05:00,19.48,19.46608,0.013920288085937926
2024-03-23 23:00:00-05:00,17.69,19.128489,-1.4384885406494128
2024-03-24 00:00:00-05:00,19.29,18.055084,1.2349157714843741
2024-03-24 01:00:00-05:00,19.95,16.714952,3.235047531127929
2024-03-24 02:00:00-05:00,16.42,16.885473,-0.46547325134277173
2024-03-24 03:00:00-05:00,17.22,17.236584,-0.016583709716798012
2024-03-24 04:00:00-05:00,15.95,18.926746,-2.976746368408204
2024-03-24 05:00:00-05:00,17.07,24.399454,-7.329454116821289
2024-03-24 06:00:00-05:00,17.0,30.316608,-13.316608428955078
2024-03-24 07:00:00-05:00,14.78,27.480091,-12.700091094970704
2024-03-24 08:00:00-05:00,13.45,26.023468,-12.573468017578126
2024-03-24 09:00:00-05:00,12.64,21.849667,-9.209666595458984
2024-03-24 10:00:00-05:00,11.72,21.402782,-9.682782440185546
2024-03-24 11:00:00-05:00,11.78,18.937643,-7.157643051147462
2024-03-24 12:00:00-05:00,10.25,18.053844,-7.803844451904297
2024-03-24 13:00:00-05:00,9.06,18.000164,-8.940164031982421
2024-03-24 14:00:00-05:00,8.2,17.477295,-9.277294921875
2024-03-24 15:00:00-05:00,8.1,18.245892,-10.145891571044922
2024-03-24 16:00:00-05:00,8.5,18.17621,-9.676210403442383
2024-03-24 17:00:00-05:00,11.0,20.657822,-9.657821655273438
2024-03-24 18:00:00-05:00,13.67,23.673458,-10.003458099365234
2024-03-24 19:00:00-05:00,15.02,25.48162,-10.46162078857422
2024-03-24 20:00:00-05:00,13.54,22.906717,-9.36671730041504
2024-03-24 21:00:00-05:00,11.42,21.518597,-10.098596649169922
2024-03-24 22:00:00-05:00,9.75,20.390358,-10.640357971191406
2024-03-24 23:00:00-05:00,8.47,20.299862,-11.829861907958984
2024-03-25 00:00:00-05:00,5.81,20.60062,-14.790620269775392
2024-03-25 01:00:00-05:00,4.74,20.699284,-15.959283599853515
2024-03-25 02:00:00-05:00,4.34,20.18118,-15.84117904663086
2024-03-25 03:00:00-05:00,5.8,20.064579,-14.264579010009765
2024-03-25 04:00:00-05:00,8.03,21.248146,-13.218146057128907
2024-03-25 05:00:00-05:00,13.34,27.95558,-14.61557975769043
2024-03-25 06:00:00-05:00,23.87,36.851955,-12.981955413818358
2024-03-25 07:00:00-05:00,21.38,35.72085,-14.34085189819336
2024-03-25 08:00:00-05:00,17.2,31.087929,-13.887928771972657
2024-03-25 09:00:00-05:00,17.35,26.378738,-9.028738403320311
2024-03-25 10:00:00-05:00,15.97,23.951193,-7.98119285583496
2024-03-25 11:00:00-05:00,15.57,21.271854,-5.701854400634765
2024-03-25 12:00:00-05:00,15.58,19.574757,-3.994756622314453
2024-03-25 13:00:00-05:00,13.17,19.275913,-6.105913238525391
2024-03-25 14:00:00-05:00,12.78,18.85632,-6.076319427490235
2024-03-25 15:00:00-05:00,14.51,18.255884,-3.7458841705322268
2024-03-25 16:00:00-05:00,15.88,17.495705,-1.6157046508789055
2024-03-25 17:00:00-05:00,18.31,18.627243,-0.3172430419921888
2024-03-25 18:00:00-05:00,20.99,24.827421,-3.8374211883544938
2024-03-25 19:00:00-05:00,22.47,27.92403,-5.454030303955079
2024-03-25 20:00:00-05:00,19.15,26.184385,-7.034385299682619
2024-03-25 21:00:00-05:00,16.23,21.504868,-5.274867553710937
2024-03-25 22:00:00-05:00,14.31,19.33119,-5.021190109252929
2024-03-25 23:00:00-05:00,14.14,19.332943,-5.192942962646484
2024-03-26 00:00:00-05:00,11.26,16.810478,-5.550478210449219
2024-03-26 01:00:00-05:00,9.48,15.282044,-5.802044410705566
2024-03-26 02:00:00-05:00,8.76,15.801864,-7.041863670349121
2024-03-26 03:00:00-05:00,8.03,17.06867,-9.038670272827149
2024-03-26 04:00:00-05:00,10.29,16.338118,-6.0481175994873055
2024-03-26 05:00:00-05:00,15.42,23.569166,-8.14916618347168
2024-03-26 06:00:00-05:00,21.44,29.688017,-8.248016891479491
2024-03-26 07:00:00-05:00,18.28,23.38618,-5.106180877685546
2024-03-26 08:00:00-05:00,15.37,21.45076,-6.080759887695313
2024-03-26 09:00:00-05:00,15.07,20.866655,-5.796655349731445
2024-03-26 10:00:00-05:00,13.79,19.546232,-5.756232223510743
2024-03-26 11:00:00-05:00,12.92,19.487352,-6.56735237121582
2024-03-26 12:00:00-05:00,12.66,19.460726,-6.800725784301758
2024-03-26 13:00:00-05:00,11.28,18.732994,-7.452994079589844
2024-03-26 14:00:00-05:00,10.57,18.675179,-8.105178527832031
2024-03-26 15:00:00-05:00,11.92,19.808075,-7.888074951171875
2024-03-26 16:00:00-05:00,11.92,21.057213,-9.137212829589844
2024-03-26 17:00:00-05:00,13.94,21.789604,-7.849604187011719
2024-03-26 18:00:00-05:00,18.1,24.132965,-6.032965087890624
2024-03-26 19:00:00-05:00,19.87,26.6148,-6.744799499511718
2024-03-26 20:00:00-05:00,19.13,21.656893,-2.526892776489259
2024-03-26 21:00:00-05:00,17.15,19.514473,-2.3644729614257827
2024-03-26 22:00:00-05:00,14.6,18.547873,-3.9478725433349613
2024-03-26 23:00:00-05:00,14.58,18.357252,-3.7772521209716796
2024-03-27 00:00:00-05:00,11.99,14.789932,-2.7999322509765623
2024-03-27 01:00:00-05:00,12.55,15.031303,-2.481303405761718
2024-03-27 02:00:00-05:00,12.88,14.899176,-2.0191756439208977
2024-03-27 03:00:00-05:00,14.27,15.397362,-1.1273617553710942
2024-03-27 04:00:00-05:00,16.66,15.086618,1.573381576538086
2024-03-27 05:00:00-05:00,25.64,19.115047,6.524952545166016
2024-03-27 06:00:00-05:00,40.71,24.697939,16.012061080932618
2024-03-27 07:00:00-05:00,36.55,20.46836,16.08163909912109
2024-03-27 08:00:00-05:00,29.37,19.584408,9.785592193603517
2024-03-27 09:00:00-05:00,28.87,18.38897,10.481030578613282
2024-03-27 10:00:00-05:00,25.91,18.54966,7.360340270996094
2024-03-27 11:00:00-05:00,23.66,17.63534,6.024660263061524
2024-03-27 12:00:00-05:00,22.14,16.61626,5.523739471435547
2024-03-27 13:00:00-05:00,19.58,15.429555,4.150445060729979
2024-03-27 14:00:00-05:00,18.39,15.552399,2.8376013183593756
2024-03-27 15:00:00-05:00,18.18,15.720676,2.459323577880859
2024-03-27 16:00:00-05:00,19.05,17.997677,1.0523231506347663
2024-03-27 17:00:00-05:00,22.33,21.687408,0.6425915527343733
2024-03-27 18:00:00-05:00,29.95,25.831936,4.11806411743164
2024-03-27 19:00:00-05:00,42.93,30.201147,12.728852920532226
2024-03-27 20:00:00-05:00,36.02,26.494217,9.52578308105469
2024-03-27 21:00:00-05:00,25.24,21.106518,4.133482208251952
2024-03-27 22:00:00-05:00,24.87,20.669672,4.200327987670899
2024-03-27 23:00:00-05:00,23.43,19.894049,3.5359513092041013
2024-03-28 00:00:00-05:00,23.58,17.37426,6.2057400512695295
2024-03-28 01:00:00-05:00,23.29,17.13705,6.15294937133789
2024-03-28 02:00:00-05:00,23.67,17.385603,6.284397048950197
2024-03-28 03:00:00-05:00,26.22,17.724857,8.495142669677733
2024-03-28 04:00:00-05:00,28.88,18.22696,10.653040771484374
2024-03-28 05:00:00-05:00,45.55,25.436312,20.11368827819824
2024-03-28 06:00:00-05:00,58.38,39.725395,18.654604797363284
2024-03-28 07:00:00-05:00,45.9,34.26885,11.631151580810545
2024-03-28 08:00:00-05:00,34.18,27.978504,6.201495819091797
2024-03-28 09:00:00-05:00,30.22,25.641027,4.578972549438475
2024-03-28 10:00:00-05:00,24.86,23.549671,1.3103288269042963
2024-03-28 11:00:00-05:00,22.89,22.833025,0.056975021362305256
2024-03-28 12:00:00-05:00,22.37,20.363451,2.0065489959716807
2024-03-28 13:00:00-05:00,19.58,17.95816,1.6218395996093733
2024-03-28 14:00:00-05:00,19.24,17.68528,1.5547201538085922
2024-03-28 15:00:00-05:00,19.26,17.858133,1.4018666839599625
2024-03-28 16:00:00-05:00,20.98,18.07301,2.9069905090332036
2024-03-28 17:00:00-05:00,22.9,21.781723,1.118276977539061
2024-03-28 18:00:00-05:00,28.26,27.217632,1.0423677062988297
2024-03-28 19:00:00-05:00,31.21,35.40875,-4.1987486267089835
2024-03-28 20:00:00-05:00,24.3,29.787329,-5.487328720092773
2024-03-28 21:00:00-05:00,21.65,18.20162,3.4483798980712876
2024-03-28 22:00:00-05:00,18.58,16.972723,1.6072769927978499
2024-03-28 23:00:00-05:00,17.42,16.915323,0.5046767425537126
2024-03-29 00:00:00-05:00,18.35,16.503244,1.8467555999755874
2024-03-29 01:00:00-05:00,17.79,16.689356,1.1006441497802726
2024-03-29 02:00:00-05:00,18.03,16.87904,1.1509602355957043
2024-03-29 03:00:00-05:00,17.17,18.12253,-0.9525299835205061
2024-03-29 04:00:00-05:00,19.27,19.731327,-0.46132705688476605
2024-03-29 05:00:00-05:00,25.4,36.91921,-11.51920852661133
2024-03-29 06:00:00-05:00,30.55,50.78011,-20.230109405517577
2024-03-29 07:00:00-05:00,27.02,37.337593,-10.317593078613282
2024-03-29 08:00:00-05:00,22.71,28.410725,-5.700724639892577
2024-03-29 09:00:00-05:00,21.48,24.606228,-3.126227874755859
2024-03-29 10:00:00-05:00,18.69,21.275341,-2.5853410339355456
2024-03-29 11:00:00-05:00,18.59,20.112726,-1.5227262115478517
2024-03-29 12:00:00-05:00,16.67,19.55007,-2.8800698089599592
2024-03-29 13:00:00-05:00,16.01,17.479568,-1.469568481445311
2024-03-29 14:00:00-05:00,15.91,17.593546,-1.683545913696289
2024-03-29 15:00:00-05:00,15.86,17.784794,-1.9247938537597662
2024-03-29 16:00:00-05:00,17.27,19.09957,-1.8295693206787114
2024-03-29 17:00:00-05:00,20.61,19.777836,0.8321641540527338
2024-03-29 18:00:00-05:00,23.46,23.875168,-0.41516784667968665
2024-03-29 19:00:00-05:00,22.44,26.710506,-4.270506439208983
2024-03-29 20:00:00-05:00,19.43,20.63405,-1.2040503692626956
2024-03-29 21:00:00-05:00,15.12,19.31442,-4.194420700073243
2024-03-29 22:00:00-05:00,13.32,17.264362,-3.944362335205078
2024-03-29 23:00:00-05:00,11.52,16.69785,-5.177849273681641
2024-03-30 00:00:00-05:00,8.94,16.624134,-7.684134063720704
2024-03-30 01:00:00-05:00,7.36,16.229696,-8.869696273803712
2024-03-30 02:00:00-05:00,6.52,16.437883,-9.917883377075196
2024-03-30 03:00:00-05:00,6.04,15.713648,-9.673647842407227
2024-03-30 04:00:00-05:00,6.14,16.27206,-10.132060394287109
2024-03-30 05:00:00-05:00,8.73,19.952925,-11.222924728393554
2024-03-30 06:00:00-05:00,10.42,26.515442,-16.09544189453125
2024-03-30 07:00:00-05:00,11.53,25.419865,-13.889864654541016
2024-03-30 08:00:00-05:00,12.51,22.823713,-10.313713302612305
2024-03-30 09:00:00-05:00,13.58,20.497076,-6.917076034545898
2024-03-30 10:00:00-05:00,15.78,17.881805,-2.1018054199218756
2024-03-30 11:00:00-05:00,16.98,16.947542,0.032457809448242614
2024-03-30 12:00:00-05:00,16.55,16.292015,0.25798492431640696
2024-03-30 13:00:00-05:00,14.99,15.9069195,-0.916919479370117
2024-03-30 14:00:00-05:00,15.04,15.799467,-0.759467086791993
2024-03-30 15:00:00-05:00,16.83,16.092737,0.7372628021240217
2024-03-30 16:00:00-05:00,21.48,16.695604,4.78439567565918
2024-03-30 17:00:00-05:00,24.36,18.279652,6.080348358154296
2024-03-30 18:00:00-05:00,30.65,23.367386,7.282614135742186
2024-03-30 19:00:00-05:00,31.12,26.424112,4.695887680053712
2024-03-30 20:00:00-05:00,25.15,22.983599,2.1664012908935533
2024-03-30 21:00:00-05:00,21.07,16.78588,4.284120864868164
2024-03-30 22:00:00-05:00,19.89,16.46698,3.4230200195312506
2024-03-30 23:00:00-05:00,19.76,13.727123,6.032876739501955
2024-03-31 00:00:00-05:00,18.07,10.143636,7.926364250183106
2024-03-31 01:00:00-05:00,16.71,9.9218445,6.788155517578126
2024-03-31 02:00:00-05:00,16.35,9.726331,6.623669242858888
2024-03-31 03:00:00-05:00,15.78,10.641249,5.13875129699707
2024-03-31 04:00:00-05:00,16.37,11.526523,4.843477363586427
2024-03-31 05:00:00-05:00,17.14,12.221746,4.918253555297852
2024-03-31 06:00:00-05:00,18.42,15.6701355,2.7498645019531267
2024-03-31 07:00:00-05:00,18.96,15.289384,3.670616111755372
2024-03-31 08:00:00-05:00,18.82,15.60283,3.2171700668334964
2024-03-31 09:00:00-05:00,19.07,16.401503,2.6684973907470706
2024-03-31 10:00:00-05:00,18.88,16.440691,2.4393090057373037
2024-03-31 11:00:00-05:00,17.71,17.406374,0.30362602233886804
2024-03-31 12:00:00-05:00,16.89,17.400549,-0.5105489349365229
2024-03-31 13:00:00-05:00,14.19,15.410104,-1.2201037979125982
2024-03-31 14:00:00-05:00,12.83,15.410104,-2.5801037979125976
2024-03-31 15:00:00-05:00,13.65,17.714529,-4.064529037475586
2024-03-31 16:00:00-05:00,14.21,18.705227,-4.4952268981933585
2024-03-31 17:00:00-05:00,17.36,21.412926,-4.052925720214844
2024-03-31 18:00:00-05:00,20.12,27.282555,-7.162554626464843
2024-03-31 19:00:00-05:00,19.03,27.032335,-8.00233528137207
2024-03-31 20:00:00-05:00,17.14,20.56093,-3.4209302520751947
2024-03-31 21:00:00-05:00,12.37,17.281923,-4.911923294067384
2024-03-31 22:00:00-05:00,10.35,15.944703,-5.594703102111817
2024-03-31 23:00:00-05:00,10.92,15.650046,-4.730046348571777
2024-04-01 00:00:00-05:00,11.46,15.627413,-4.167412796020507
2024-04-01 01:00:00-05:00,11.78,14.930486,-3.1504857254028327
2024-04-01 02:00:00-05:00,12.18,14.295641,-2.1156409454345706
2024-04-01 03:00:00-05:00,10.96,14.093196,-3.133195915222167
2024-04-01 04:00:00-05:00,14.45,15.410749,-0.9607494354248054
2024-04-01 05:00:00-05:00,18.59,19.615143,-1.0251428222656251
2024-04-01 06:00:00-05:00,32.26,27.918726,4.3412740325927714
2024-04-01 07:00:00-05:00,27.35,23.576889,3.773110961914064
2024-04-01 08:00:00-05:00,26.07,20.998487,5.071512527465821
2024-04-01 09:00:00-05:00,25.29,21.03947,4.250529327392577
2024-04-01 10:00:00-05:00,24.9,20.998323,3.9016765594482408
2024-04-01 11:00:00-05:00,24.71,20.161156,4.548844299316407
2024-04-01 12:00:00-05:00,21.92,19.507711,2.4122885894775408
2024-04-01 13:00:00-05:00,21.61,17.989204,3.620795593261718
2024-04-01 14:00:00-05:00,20.45,16.91692,3.533080291748046
2024-04-01 15:00:00-05:00,21.92,17.539806,4.380193634033205
2024-04-01 16:00:00-05:00,23.5,17.818157,5.681842803955078
2024-04-01 17:00:00-05:00,25.92,20.02853,5.891469879150392
2024-04-01 18:00:00-05:00,27.41,21.624979,5.785020980834961
2024-04-01 19:00:00-05:00,27.22,23.783936,3.436064453124999
2024-04-01 20:00:00-05:00,23.53,21.766693,1.7633068847656261
2024-04-01 21:00:00-05:00,19.4,18.859043,0.540956878662108
2024-04-01 22:00:00-05:00,16.25,16.810698,-0.5606975555419922
2024-04-01 23:00:00-05:00,13.51,15.910114,-2.4001142883300783
2024-04-02 00:00:00-05:00,13.06,12.390463,0.6695371246337896
2024-04-02 01:00:00-05:00,12.74,12.460176,0.2798235321044924
2024-04-02 02:00:00-05:00,11.27,12.2793865,-1.0093865203857426
2024-04-02 03:00:00-05:00,11.87,12.280556,-0.41055572509765703
2024-04-02 04:00:00-05:00,13.33,13.424143,-0.09414283752441399
2024-04-02 05:00:00-05:00,21.56,17.36439,4.195610580444335
2024-04-02 06:00:00-05:00,30.11,25.060375,5.049624786376953
2024-04-02 07:00:00-05:00,24.11,20.844904,3.265096054077148
2024-04-02 08:00:00-05:00,22.57,20.307072,2.2629283142089847
2024-04-02 09:00:00-05:00,23.66,19.309387,4.35061279296875
2024-04-02 10:00:00-05:00,22.76,19.3813,3.378700027465822
2024-04-02 11:00:00-05:00,20.83,19.471718,1.358282165527342
2024-04-02 12:00:00-05:00,17.18,18.800955,-1.6209548187255862
2024-04-02 13:00:00-05:00,15.79,18.177174,-2.387173614501954
2024-04-02 14:00:00-05:00,13.76,17.493834,-3.7338335418701174
2024-04-02 15:00:00-05:00,13.48,18.294844,-4.814843673706054
2024-04-02 16:00:00-05:00,13.08,20.206657,-7.126657409667969
2024-04-02 17:00:00-05:00,14.1,21.909182,-7.809181594848633
2024-04-02 18:00:00-05:00,16.81,26.036226,-9.226226272583009
2024-04-02 19:00:00-05:00,19.88,25.944014,-6.064013595581056
2024-04-02 20:00:00-05:00,15.77,20.27043,-4.500429611206055
2024-04-02 21:00:00-05:00,11.62,16.734138,-5.114138488769532
2024-04-02 22:00:00-05:00,9.6,14.973768,-5.37376823425293
2024-04-02 23:00:00-05:00,8.91,13.706123,-4.796123352050781
2024-04-03 00:00:00-05:00,8.44,12.175787,-3.735786972045899
2024-04-03 01:00:00-05:00,7.16,11.278774,-4.118774261474609
2024-04-03 02:00:00-05:00,6.77,11.644832,-4.874831657409668
2024-04-03 03:00:00-05:00,6.93,11.533066,-4.603065795898438
2024-04-03 04:00:00-05:00,9.87,12.775565,-2.905565147399903
2024-04-03 05:00:00-05:00,16.05,19.296043,-3.246043395996093
2024-04-03 06:00:00-05:00,27.06,27.95653,-0.8965296173095716
2024-04-03 07:00:00-05:00,20.91,24.130564,-3.220563735961914
2024-04-03 08:00:00-05:00,17.89,22.864166,-4.974166259765624
2024-04-03 09:00:00-05:00,17.61,22.878572,-5.268572463989258
2024-04-03 10:00:00-05:00,16.18,22.471766,-6.291765518188477
2024-04-03 11:00:00-05:00,15.55,20.23102,-4.681019973754882
2024-04-03 12:00:00-05:00,14.97,17.056345,-2.0863449859619134
2024-04-03 13:00:00-05:00,13.71,15.55678,-1.8467798614501945
2024-04-03 14:00:00-05:00,13.79,14.249245,-0.4592446899414071
2024-04-03 15:00:00-05:00,14.02,14.330494,-0.31049392700195355
2024-04-03 16:00:00-05:00,14.84,13.568929,1.2710712814331053
2024-04-03 17:00:00-05:00,16.73,16.286772,0.44322822570800824
2024-04-03 18:00:00-05:00,19.9,21.478775,-1.578775024414064
2024-04-03 19:00:00-05:00,25.03,24.894297,0.13570335388183707
2024-04-03 20:00:00-05:00,21.51,22.15189,-0.6418898010253891
2024-04-03 21:00:00-05:00,18.0,17.489094,0.5109062194824219
2024-04-03 22:00:00-05:00,15.51,16.377779,-0.867779006958008
2024-04-03 23:00:00-05:00,13.45,14.049208,-0.5992076873779304
2024-04-04 00:00:00-05:00,13.65,12.428792,1.2212080001831058
2024-04-04 01:00:00-05:00,13.67,12.676263,0.9937371444702148
2024-04-04 02:00:00-05:00,13.88,12.630542,1.249458198547364
2024-04-04 03:00:00-05:00,14.67,14.133301,0.5366992187499999
2024-04-04 04:00:00-05:00,18.1,16.333035,1.766965484619142
2024-04-04 05:00:00-05:00,25.42,22.766726,2.653274459838869
2024-04-04 06:00:00-05:00,35.77,34.105103,1.6648974609375031
2024-04-04 07:00:00-05:00,29.12,28.507786,0.6122142028808604
2024-04-04 08:00:00-05:00,23.82,24.219091,-0.39909141540527315
2024-04-04 09:00:00-05:00,22.22,23.235733,-1.0157330322265636
2024-04-04 10:00:00-05:00,18.22,21.507288,-3.2872879791259777
2024-04-04 11:00:00-05:00,17.46,19.501556,-2.041556396484374
2024-04-04 12:00:00-05:00,16.47,18.084467,-1.6144669342041027
2024-04-04 13:00:00-05:00,17.01,17.068363,-0.05836318969726406
2024-04-04 14:00:00-05:00,16.57,17.516264,-0.9462639617919919
2024-04-04 15:00:00-05:00,18.47,17.504921,0.9650790405273426
2024-04-04 16:00:00-05:00,18.97,17.878738,1.0912615966796864
2024-04-04 17:00:00-05:00,23.33,21.894262,1.4357376861572249
2024-04-04 18:00:00-05:00,32.57,25.737906,6.832094497680664
2024-04-04 19:00:00-05:00,42.29,27.191776,15.098223724365234
2024-04-04 20:00:00-05:00,33.57,23.297054,10.272945709228516
2024-04-04 21:00:00-05:00,28.42,19.231777,9.188222808837892
2024-04-04 22:00:00-05:00,27.72,17.24373,10.476269454956054
2024-04-04 23:00:00-05:00,26.22,14.923336,11.296663970947264
2024-04-05 00:00:00-05:00,25.84,13.23282,12.607180442810058
2024-04-05 01:00:00-05:00,25.41,13.714622,11.695378456115723
2024-04-05 02:00:00-05:00,25.12,12.870208,12.249792213439942
2024-04-05 03:00:00-05:00,25.96,14.345122,11.614877662658692
2024-04-05 04:00:00-05:00,31.62,17.939497,13.680503005981446
2024-04-05 05:00:00-05:00,41.52,25.134344,16.385655899047855
2024-04-05 06:00:00-05:00,58.4,34.54997,23.850031280517577
2024-04-05 07:00:00-05:00,52.04,26.12643,25.91356948852539
2024-04-05 08:00:00-05:00,42.49,23.962658,18.527342071533205
2024-04-05 09:00:00-05:00,36.21,22.393147,13.816853485107423
2024-04-05 10:00:00-05:00,30.65,20.319153,10.330847167968749
2024-04-05 11:00:00-05:00,26.87,19.699549,7.170451278686524
2024-04-05 12:00:00-05:00,24.81,19.40489,5.405109939575194
2024-04-05 13:00:00-05:00,23.93,18.382658,5.5473419952392575
2024-04-05 14:00:00-05:00,23.03,17.638674,5.391326217651368
2024-04-05 15:00:00-05:00,21.37,17.703335,3.6666651916503916
2024-04-05 16:00:00-05:00,22.7,17.92059,4.779410552978515
2024-04-05 17:00:00-05:00,25.77,20.416382,5.3536181640625
2024-04-05 18:00:00-05:00,29.21,25.611454,3.5985459899902352
2024-04-05 19:00:00-05:00,32.74,34.880955,-2.1409547424316386
2024-04-05 20:00:00-05:00,27.57,24.983057,2.5869429779052737
2024-04-05 21:00:00-05:00,23.93,21.197485,2.7325150299072263
2024-04-05 22:00:00-05:00,22.88,19.399885,3.4801148223876943
2024-04-05 23:00:00-05:00,23.29,18.735579,4.5544214630126945
2024-04-06 00:00:00-05:00,24.87,17.814524,7.055476303100587
2024-04-06 01:00:00-05:00,25.08,18.000635,7.079364852905272
2024-04-06 02:00:00-05:00,25.19,17.728815,7.46118492126465
2024-04-06 03:00:00-05:00,25.73,17.828722,7.90127799987793
2024-04-06 04:00:00-05:00,26.77,22.557558,4.212441940307617
2024-04-06 05:00:00-05:00,30.95,30.73085,0.2191497802734368
2024-04-06 06:00:00-05:00,37.29,41.497276,-4.207276306152345
2024-04-06 07:00:00-05:00,34.58,36.306442,-1.7264422607421892
2024-04-06 08:00:00-05:00,29.68,32.562325,-2.8823245239257815
2024-04-06 09:00:00-05:00,26.16,27.414642,-1.2546423339843749
2024-04-06 10:00:00-05:00,23.33,21.533575,1.7964249420165999
2024-04-06 11:00:00-05:00,21.9,19.361162,2.5388378143310533
2024-04-06 12:00:00-05:00,19.11,17.6318,1.4782003021240229
2024-04-06 13:00:00-05:00,18.92,17.509174,1.4108256530761736
2024-04-06 14:00:00-05:00,18.11,17.493124,0.6168759918212885
2024-04-06 15:00:00-05:00,17.91,16.635223,1.2747766113281251
2024-04-06 16:00:00-05:00,19.41,18.883596,0.5264035797119142
2024-04-06 17:00:00-05:00,20.89,20.803793,0.08620704650878963
2024-04-06 18:00:00-05:00,25.66,24.871841,0.7881585693359376
2024-04-06 19:00:00-05:00,27.13,26.860538,0.2694615173339834
2024-04-06 20:00:00-05:00,22.8,22.27496,0.5250404357910163
2024-04-06 21:00:00-05:00,18.23,18.779898,-0.5498976898193355
2024-04-06 22:00:00-05:00,14.93,18.397259,-3.467258758544922
2024-04-06 23:00:00-05:00,14.32,18.047749,-3.727748565673828
2024-04-07 00:00:00-05:00,12.13,15.588631,-3.4586306762695305
2024-04-07 01:00:00-05:00,11.71,15.588631,-3.8786306762695304
2024-04-07 02:00:00-05:00,10.43,15.55463,-5.124630279541016
2024-04-07 03:00:00-05:00,11.24,15.743474,-4.503474006652832
2024-04-07 04:00:00-05:00,10.57,20.2432,-9.673200302124023
2024-04-07 05:00:00-05:00,11.7,21.606104,-9.906103897094727
2024-04-07 06:00:00-05:00,13.28,26.231537,-12.951536865234376
2024-04-07 07:00:00-05:00,11.93,24.846476,-12.91647560119629
2024-04-07 08:00:00-05:00,10.88,22.272335,-11.392335052490234
2024-04-07 09:00:00-05:00,10.35,21.612988,-11.262987518310547
2024-04-07 10:00:00-05:00,9.17,19.848824,-10.678823547363281
2024-04-07 11:00:00-05:00,9.56,18.9883,-9.428300323486328
2024-04-07 12:00:00-05:00,9.56,17.735996,-8.17599624633789
2024-04-07 13:00:00-05:00,9.16,17.724138,-8.564138259887695
2024-04-07 14:00:00-05:00,9.41,17.848885,-8.438884582519531
2024-04-07 15:00:00-05:00,10.08,18.69458,-8.614580078125
2024-04-07 16:00:00-05:00,14.35,19.155499,-4.805498504638672
2024-04-07 17:00:00-05:00,17.97,21.047182,-3.077182083129884
2024-04-07 18:00:00-05:00,22.85,25.423124,-2.5731243133544908
2024-04-07 19:00:00-05:00,24.42,28.118248,-3.698247985839842
2024-04-07 20:00:00-05:00,22.36,25.129377,-2.7693773651123053
2024-04-07 21:00:00-05:00,19.1,21.955765,-2.855764770507811
2024-04-07 22:00:00-05:00,15.43,19.464628,-4.0346282196044925
2024-04-07 23:00:00-05:00,14.87,19.127356,-4.257355575561524
2024-04-08 00:00:00-05:00,12.35,17.261885,-4.911884689331055
2024-04-08 01:00:00-05:00,10.77,16.559893,-5.789892654418946
2024-04-08 02:00:00-05:00,11.56,16.759333,-5.199332656860351
2024-04-08 03:00:00-05:00,11.7,16.38616,-4.686159896850587
2024-04-08 04:00:00-05:00,14.93,19.785576,-4.855575866699219
2024-04-08 05:00:00-05:00,21.33,22.010136,-0.6801356506347673
2024-04-08 06:00:00-05:00,30.33,31.93339,-1.6033896636962908
2024-04-08 07:00:00-05:00,25.16,25.02268,0.1373197174072267
2024-04-08 08:00:00-05:00,21.82,24.185284,-2.3652836608886716
2024-04-08 09:00:00-05:00,21.32,23.747318,-2.4273182678222653
2024-04-08 10:00:00-05:00,19.71,23.823883,-4.113883056640624
2024-04-08 11:00:00-05:00,20.29,23.697968,-3.407967529296876
2024-04-08 12:00:00-05:00,21.29,19.893808,1.396191635131835
2024-04-08 13:00:00-05:00,22.65,18.853615,3.7963851928710923
2024-04-08 14:00:00-05:00,30.41,17.758696,12.651304397583008
2024-04-08 15:00:00-05:00,27.12,18.372072,8.747927780151368
2024-04-08 16:00:00-05:00,25.41,21.107994,4.302005920410156
2024-04-08 17:00:00-05:00,25.88,24.67333,1.206669692993163
2024-04-08 18:00:00-05:00,34.83,28.367746,6.462253646850584
2024-04-08 19:00:00-05:00,44.86,29.895037,14.964963302612304
2024-04-08 20:00:00-05:00,37.06,26.267412,10.792587814331057
2024-04-08 21:00:00-05:00,27.94,20.8001,7.139899673461915
2024-04-08 22:00:00-05:00,23.64,19.597908,4.042091979980469
2024-04-08 23:00:00-05:00,22.09,18.363235,3.7267645263671874
2024-04-09 00:00:00-05:00,14.22,15.950778,-1.7307780075073236
2024-04-09 01:00:00-05:00,13.47,15.95349,-2.483490257263183
2024-04-09 02:00:00-05:00,13.93,15.9507,-2.020699806213379
2024-04-09 03:00:00-05:00,13.89,16.05328,-2.163279876708984
2024-04-09 04:00:00-05:00,17.05,17.444036,-0.3940364837646477
2024-04-09 05:00:00-05:00,22.59,24.101702,-1.5117017364501955
2024-04-09 06:00:00-05:00,29.26,30.18035,-0.9203493499755844
2024-04-09 07:00:00-05:00,25.04,26.865156,-1.8251561737060555
2024-04-09 08:00:00-05:00,24.16,24.431343,-0.2713430786132811
2024-04-09 09:00:00-05:00,25.49,24.039877,1.4501230621337875
2024-04-09 10:00:00-05:00,25.13,21.490738,3.6392620849609365
2024-04-09 11:00:00-05:00,22.19,21.071053,1.11894744873047
2024-04-09 12:00:00-05:00,19.41,21.685137,-2.275136795043945
2024-04-09 13:00:00-05:00,19.45,23.087502,-3.637501525878907
2024-04-09 14:00:00-05:00,18.49,24.896418,-6.406417617797853
2024-04-09 15:00:00-05:00,19.47,24.550861,-5.080861358642579
2024-04-09 16:00:00-05:00,19.63,24.1245,-4.494500274658204
2024-04-09 17:00:00-05:00,24.22,23.870691,0.3493087005615223
2024-04-09 18:00:00-05:00,33.45,32.16735,1.282649230957034
2024-04-09 19:00:00-05:00,40.22,41.23317,-1.0131695556640636
2024-04-09 20:00:00-05:00,35.86,35.030186,0.8298143005371088
2024-04-09 21:00:00-05:00,25.93,24.649637,1.2803627777099607
2024-04-09 22:00:00-05:00,23.78,21.597301,2.1826985168457043
2024-04-09 23:00:00-05:00,22.74,20.344728,2.3952715301513656
2024-04-10 00:00:00-05:00,19.56,15.177828,4.382172164916991
2024-04-10 01:00:00-05:00,18.11,15.123453,2.9865468597412104
2024-04-10 02:00:00-05:00,18.17,14.897191,3.2728089523315447
2024-04-10 03:00:00-05:00,17.57,15.933611,1.636389083862305
2024-04-10 04:00:00-05:00,19.89,18.628027,1.2619730377197271
2024-04-10 05:00:00-05:00,24.79,21.963497,2.8265028381347648
2024-04-10 06:00:00-05:00,30.28,27.738455,2.541545181274415
2024-04-10 07:00:00-05:00,30.0,23.237272,6.762727737426758
2024-04-10 08:00:00-05:00,29.83,22.400185,7.429815368652342
2024-04-10 09:00:00-05:00,29.28,22.765291,6.514708786010743
2024-04-10 10:00:00-05:00,29.68,22.678108,7.0018917846679685
2024-04-10 11:00:00-05:00,26.49,21.94636,4.543640365600584
2024-04-10 12:00:00-05:00,23.36,20.256664,3.1033357238769526
2024-04-10 13:00:00-05:00,22.94,20.641132,2.298867645263673
2024-04-10 14:00:00-05:00,21.42,20.917376,0.5026244354248064
2024-04-10 15:00:00-05:00,22.21,21.074236,1.1357640838623055
2024-04-10 16:00:00-05:00,23.67,21.042776,2.6272238922119158
2024-04-10 17:00:00-05:00,25.99,23.859428,2.1305715942382797
2024-04-10 18:00:00-05:00,28.54,31.522352,-2.9823522186279305
2024-04-10 19:00:00-05:00,29.16,40.07615,-10.916148986816406
2024-04-10 20:00:00-05:00,25.78,35.56274,-9.782740325927733
2024-04-10 21:00:00-05:00,19.37,24.818928,-5.448927764892577
2024-04-10 22:00:00-05:00,16.39,22.921152,-6.5311521148681635
2024-04-10 23:00:00-05:00,14.68,22.931322,-8.25132209777832
2024-04-11 00:00:00-05:00,14.63,18.526632,-3.89663230895996
2024-04-11 01:00:00-05:00,12.33,18.272694,-5.942693634033203
2024-04-11 02:00:00-05:00,11.05,17.559044,-6.509043884277343
2024-04-11 03:00:00-05:00,10.21,18.135612,-7.925612487792968
2024-04-11 04:00:00-05:00,11.67,18.995539,-7.325538711547852
2024-04-11 05:00:00-05:00,14.84,24.750128,-9.910127792358399
2024-04-11 06:00:00-05:00,17.49,31.863241,-14.373241195678713
2024-04-11 07:00:00-05:00,17.25,29.44064,-12.19063949584961
2024-04-11 08:00:00-05:00,16.25,28.945076,-12.695075988769531
2024-04-11 09:00:00-05:00,16.85,28.543505,-11.693504714965819
2024-04-11 10:00:00-05:00,15.42,28.005838,-12.58583839416504
2024-04-11 11:00:00-05:00,14.39,24.98803,-10.598029479980468
2024-04-11 12:00:00-05:00,14.06,23.787956,-9.727956237792968
2024-04-11 13:00:00-05:00,13.41,23.316519,-9.906518783569336
2024-04-11 14:00:00-05:00,12.52,24.158596,-11.63859603881836
2024-04-11 15:00:00-05:00,11.71,23.576141,-11.866141357421874
2024-04-11 16:00:00-05:00,11.79,24.379644,-12.5896443939209
2024-04-11 17:00:00-05:00,13.1,26.323357,-13.223356628417969
2024-04-11 18:00:00-05:00,14.47,29.665878,-15.195878295898437
2024-04-11 19:00:00-05:00,17.82,33.353973,-15.533973388671875
2024-04-11 20:00:00-05:00,16.39,29.203007,-12.813006744384765
2024-04-11 21:00:00-05:00,12.48,25.6469,-13.166900177001953
2024-04-11 22:00:00-05:00,10.08,22.835003,-12.755002899169922
2024-04-11 23:00:00-05:00,9.65,21.893246,-12.243245697021484
2024-04-12 00:00:00-05:00,10.22,19.143711,-8.92371109008789
2024-04-12 01:00:00-05:00,9.09,18.156769,-9.066768798828125
2024-04-12 02:00:00-05:00,8.33,17.937649,-9.60764877319336
2024-04-12 03:00:00-05:00,7.88,16.992664,-9.112664337158204
2024-04-12 04:00:00-05:00,9.15,19.612062,-10.462062454223632
2024-04-12 05:00:00-05:00,11.66,24.550655,-12.890655364990234
2024-04-12 06:00:00-05:00,16.71,29.883324,-13.173323669433593
2024-04-12 07:00:00-05:00,17.14,28.82456,-11.684560165405273
2024-04-12 08:00:00-05:00,17.0,26.952326,-9.952325820922852
2024-04-12 09:00:00-05:00,15.23,26.373339,-11.14333869934082
2024-04-12 10:00:00-05:00,14.42,24.970814,-10.550813751220703
2024-04-12 11:00:00-05:00,13.15,22.311705,-9.161704635620117
2024-04-12 12:00:00-05:00,13.27,22.02142,-8.751419525146485
2024-04-12 13:00:00-05:00,12.47,20.800556,-8.330556182861327
2024-04-12 14:00:00-05:00,13.04,19.563734,-6.5237340545654305
2024-04-12 15:00:00-05:00,13.81,17.506783,-3.6967825317382808
2024-04-12 16:00:00-05:00,15.31,18.40984,-3.0998396301269526
2024-04-12 17:00:00-05:00,18.72,22.178131,-3.458131103515626
2024-04-12 18:00:00-05:00,25.07,25.796942,-0.7269417572021482
2024-04-12 19:00:00-05:00,31.64,30.345228,1.2947718048095709
2024-04-12 20:00:00-05:00,31.05,27.73309,3.3169105529785163
2024-04-12 21:00:00-05:00,23.65,21.931635,1.718365097045897
2024-04-12 22:00:00-05:00,20.73,20.310534,0.4194664764404301
2024-04-12 23:00:00-05:00,20.03,19.989399,0.04060104370117301
2024-04-13 00:00:00-05:00,16.08,18.165586,-2.085586471557619
2024-04-13 01:00:00-05:00,14.74,18.899593,-4.159593353271484
2024-04-13 02:00:00-05:00,13.8,19.633247,-5.8332473754882805
2024-04-13 03:00:00-05:00,14.05,19.66891,-5.618909072875976
2024-04-13 04:00:00-05:00,15.0,20.517084,-5.517084121704102
2024-04-13 05:00:00-05:00,16.72,20.774946,-4.054946212768556
2024-04-13 06:00:00-05:00,19.08,27.769363,-8.689363403320314
2024-04-13 07:00:00-05:00,16.77,26.261274,-9.491274337768555
2024-04-13 08:00:00-05:00,17.79,25.179676,-7.389676055908204
2024-04-13 09:00:00-05:00,18.12,21.435461,-3.3154610443115224
2024-04-13 10:00:00-05:00,15.78,19.016941,-3.2369410705566413
2024-04-13 11:00:00-05:00,13.76,17.86678,-4.106779327392578
2024-04-13 12:00:00-05:00,12.72,18.267561,-5.547560958862304
2024-04-13 13:00:00-05:00,12.0,17.342405,-5.342405319213867
2024-04-13 14:00:00-05:00,11.0,17.46205,-6.46204948425293
2024-04-13 15:00:00-05:00,11.06,18.792253,-7.732253494262695
2024-04-13 16:00:00-05:00,12.93,19.554537,-6.624536819458008
2024-04-13 17:00:00-05:00,14.45,21.281435,-6.8314350128173835
2024-04-13 18:00:00-05:00,15.98,24.171389,-8.191388626098632
2024-04-13 19:00:00-05:00,16.28,26.999353,-10.719353408813475
2024-04-13 20:00:00-05:00,13.87,24.918974,-11.048973922729493
2024-04-13 21:00:00-05:00,9.21,20.38842,-11.178420104980468
2024-04-13 22:00:00-05:00,7.71,18.289402,-10.57940200805664
2024-04-13 23:00:00-05:00,6.37,17.33565,-10.965649490356444
2024-04-14 00:00:00-05:00,4.2,13.334343,-9.13434295654297
2024-04-14 01:00:00-05:00,2.23,12.503748,-10.273747940063476
2024-04-14 02:00:00-05:00,0.9,12.382686,-11.482685661315918
2024-04-14 03:00:00-05:00,1.62,11.979403,-10.359402542114257
2024-04-14 04:00:00-05:00,2.7,12.919246,-10.219245719909669
2024-04-14 05:00:00-05:00,4.16,14.138699,-9.97869857788086
2024-04-14 06:00:00-05:00,6.8,14.883084,-8.083084297180175
2024-04-14 07:00:00-05:00,8.12,15.068762,-6.948761825561524
2024-04-14 08:00:00-05:00,11.32,15.52737,-4.207370452880859
2024-04-14 09:00:00-05:00,14.52,15.948948,-1.428947906494141
2024-04-14 10:00:00-05:00,15.18,15.280339,-0.10033924102783232
2024-04-14 11:00:00-05:00,17.63,13.7693615,3.8606385040283193
2024-04-14 12:00:00-05:00,17.82,13.213985,4.606014556884766
2024-04-14 13:00:00-05:00,21.22,13.244147,7.975852699279784
2024-04-14 14:00:00-05:00,19.04,12.840574,6.199425735473632
2024-04-14 15:00:00-05:00,22.34,13.180178,9.159822311401367
2024-04-14 16:00:00-05:00,25.57,13.790283,11.779716796875
2024-04-14 17:00:00-05:00,32.29,15.308755,16.981245079040526
2024-04-14 18:00:00-05:00,38.99,18.1634,20.826599349975588
2024-04-14 19:00:00-05:00,40.03,21.820873,18.209126739501954
2024-04-14 20:00:00-05:00,29.76,22.108305,7.651695022583009
2024-04-14 21:00:00-05:00,22.65,20.012947,2.6370529174804673
2024-04-14 22:00:00-05:00,18.98,19.33812,-0.3581195068359371
2024-04-14 23:00:00-05:00,18.24,18.696821,-0.45682121276855625
2024-04-15 00:00:00-05:00,16.1,15.701874,0.3981262207031264
2024-04-15 01:00:00-05:00,12.53,12.905867,-0.3758666229248053
2024-04-15 02:00:00-05:00,11.61,12.598288,-0.9882875823974615
2024-04-15 03:00:00-05:00,11.41,12.219961,-0.8099611663818358
2024-04-15 04:00:00-05:00,12.46,12.580917,-0.12091735839843665
2024-04-15 05:00:00-05:00,21.23,17.661291,3.568708877563477
2024-04-15 06:00:00-05:00,21.68,26.86604,-5.186039276123047
2024-04-15 07:00:00-05:00,19.7,24.612684,-4.91268424987793
2024-04-15 08:00:00-05:00,23.27,21.446995,1.823005218505859
2024-04-15 09:00:00-05:00,26.66,22.394653,4.2653466796875
2024-04-15 10:00:00-05:00,23.06,21.636324,1.423676071166991
2024-04-15 11:00:00-05:00,24.02,22.137093,1.8829074096679683
2024-04-15 12:00:00-05:00,25.16,22.244167,2.9158326721191408
2024-04-15 13:00:00-05:00,25.62,24.645739,0.9742613983154307
2024-04-15 14:00:00-05:00,24.26,25.639336,-1.3793356323242172
2024-04-15 15:00:00-05:00,25.6,26.299137,-0.6991371154785142
2024-04-15 16:00:00-05:00,26.77,28.648588,-1.8785881805419926
2024-04-15 17:00:00-05:00,28.28,32.08862,-3.8086192321777332
2024-04-15 18:00:00-05:00,26.91,40.272095,-13.3620947265625
2024-04-15 19:00:00-05:00,26.09,43.251404,-17.16140380859375
2024-04-15 20:00:00-05:00,18.75,32.562008,-13.812007904052734
2024-04-15 21:00:00-05:00,12.56,23.827288,-11.267287673950195
2024-04-15 22:00:00-05:00,10.59,20.31743,-9.72743049621582
2024-04-15 23:00:00-05:00,9.47,19.048885,-9.578885345458984
2024-04-16 00:00:00-05:00,2.34,14.438746,-12.098746452331543
2024-04-16 01:00:00-05:00,0.01,12.144816,-12.134816398620606
2024-04-16 02:00:00-05:00,0.01,11.909739,-11.899738540649414
2024-04-16 03:00:00-05:00,0.01,11.35162,-11.341619720458985
2024-04-16 04:00:00-05:00,2.95,12.606765,-9.656764793395997
2024-04-16 05:00:00-05:00,8.27,18.985634,-10.715633850097657
2024-04-16 06:00:00-05:00,12.88,22.962784,-10.082783813476562
2024-04-16 07:00:00-05:00,10.81,20.009872,-9.199872436523437
2024-04-16 08:00:00-05:00,12.4,21.939623,-9.53962287902832
2024-04-16 09:00:00-05:00,12.23,23.14516,-10.915160675048828
2024-04-16 10:00:00-05:00,11.62,22.191856,-10.571856384277345
2024-04-16 11:00:00-05:00,11.16,18.41021,-7.250209655761719
2024-04-16 12:00:00-05:00,11.82,18.22631,-6.4063107299804685
2024-04-16 13:00:00-05:00,11.0,18.277622,-7.277622222900391
2024-04-16 14:00:00-05:00,9.86,17.323254,-7.463253631591797
2024-04-16 15:00:00-05:00,11.53,18.160154,-6.630154342651368
2024-04-16 16:00:00-05:00,12.94,19.256447,-6.316446838378907
2024-04-16 17:00:00-05:00,13.54,21.567207,-8.027207336425782
2024-04-16 18:00:00-05:00,16.73,26.428726,-9.698726196289062
2024-04-16 19:00:00-05:00,18.16,28.938206,-10.77820571899414
2024-04-16 20:00:00-05:00,16.34,21.367989,-5.027988586425781
2024-04-16 21:00:00-05:00,10.54,16.654106,-6.11410614013672
2024-04-16 22:00:00-05:00,8.55,14.213011,-5.6630107879638665
2024-04-16 23:00:00-05:00,6.9,12.8158455,-5.915845489501953
2024-04-17 00:00:00-05:00,3.1,7.589707,-4.489706897735596
2024-04-17 01:00:00-05:00,1.73,7.592505,-5.862504978179931
2024-04-17 02:00:00-05:00,0.53,7.5416207,-7.0116207313537595
2024-04-17 03:00:00-05:00,0.79,8.167686,-7.377686462402344
2024-04-17 04:00:00-05:00,1.96,8.143398,-6.183398284912109
2024-04-17 05:00:00-05:00,6.98,13.92155,-6.941549797058105
2024-04-17 06:00:00-05:00,10.7,17.942265,-7.242264556884766
2024-04-17 07:00:00-05:00,10.19,18.00625,-7.816250381469727
2024-04-17 08:00:00-05:00,8.74,18.317928,-9.577928314208984
2024-04-17 09:00:00-05:00,9.56,18.329718,-8.769717636108398
2024-04-17 10:00:00-05:00,9.78,19.598234,-9.818234176635743
2024-04-17 11:00:00-05:00,9.45,17.840597,-8.390597152709962
2024-04-17 12:00:00-05:00,9.78,15.119933,-5.339933128356934
2024-04-17 13:00:00-05:00,10.68,14.477474,-3.7974742126464847
2024-04-17 14:00:00-05:00,11.29,14.876827,-3.5868272399902352
2024-04-17 15:00:00-05:00,12.38,15.700893,-3.3208934020996086
2024-04-17 16:00:00-05:00,15.7,19.038818,-3.3388183593750007
2024-04-17 17:00:00-05:00,17.11,24.282665,-7.172665252685547
2024-04-17 18:00:00-05:00,21.65,28.149338,-6.499337768554689
2024-04-17 19:00:00-05:00,27.25,28.705233,-1.4552326202392578
2024-04-17 20:00:00-05:00,27.73,26.357862,1.3721375274658207
2024-04-17 21:00:00-05:00,22.59,17.49612,5.0938795471191405
2024-04-17 22:00:00-05:00,17.57,17.692596,-0.12259643554687472
2024-04-17 23:00:00-05:00,16.92,17.526321,-0.6063214111328108
2024-04-18 00:00:00-05:00,15.93,15.693602,0.23639839172363253
2024-04-18 01:00:00-05:00,14.41,14.677244,-0.26724418640136705
2024-04-18 02:00:00-05:00,13.35,13.658775,-0.3087753295898441
2024-04-18 03:00:00-05:00,13.47,14.236669,-0.7666685867309564
2024-04-18 04:00:00-05:00,16.84,15.349792,1.4902084732055663
2024-04-18 05:00:00-05:00,20.66,19.511715,1.1482850646972658
2024-04-18 06:00:00-05:00,25.65,20.511595,5.138405227661131
2024-04-18 07:00:00-05:00,26.8,19.601662,7.1983383178710945
2024-04-18 08:00:00-05:00,25.2,19.619678,5.580321502685546
2024-04-18 09:00:00-05:00,24.04,20.227827,3.8121729278564445
2024-04-18 10:00:00-05:00,23.77,19.729101,4.040898818969726
2024-04-18 11:00:00-05:00,24.65,20.425396,4.224604034423827
2024-04-18 12:00:00-05:00,25.02,21.311726,3.7082743835449214
2024-04-18 13:00:00-05:00,25.1,21.115723,3.9842773437500014
2024-04-18 14:00:00-05:00,25.56,21.788916,3.7710843658447253
2024-04-18 15:00:00-05:00,24.55,23.347935,1.20206527709961
2024-04-18 16:00:00-05:00,22.94,25.281952,-2.3419519042968737
2024-04-18 17:00:00-05:00,22.87,25.264643,-2.3946427154541006
2024-04-18 18:00:00-05:00,24.18,27.47687,-3.296869583129883
2024-04-18 19:00:00-05:00,23.67,30.441406,-6.771406249999998
2024-04-18 20:00:00-05:00,22.91,27.814789,-4.904788818359375
2024-04-18 21:00:00-05:00,15.43,22.236204,-6.8062041473388675
2024-04-18 22:00:00-05:00,13.97,18.186554,-4.216553955078124
2024-04-18 23:00:00-05:00,13.89,17.393087,-3.5030873870849604
2024-04-19 00:00:00-05:00,13.62,16.162977,-2.5429772186279305
2024-04-19 01:00:00-05:00,12.22,14.302033,-2.0820334243774408
2024-04-19 02:00:00-05:00,12.82,14.274391,-1.454391174316406
2024-04-19 03:00:00-05:00,13.64,14.273878,-0.6338780975341791
2024-04-19 04:00:00-05:00,14.98,15.997068,-1.0170684051513668
2024-04-19 05:00:00-05:00,20.9,20.931383,-0.031383132934571734
2024-04-19 06:00:00-05:00,26.29,24.489471,1.8005285644531241
2024-04-19 07:00:00-05:00,24.95,24.61894,0.3310596466064446
2024-04-19 08:00:00-05:00,21.66,24.120222,-2.4602220916748045
2024-04-19 09:00:00-05:00,19.79,24.174307,-4.384306869506837
2024-04-19 10:00:00-05:00,16.75,23.012327,-6.262327194213867
2024-04-19 11:00:00-05:00,16.86,22.34106,-5.481060638427735
2024-04-19 12:00:00-05:00,16.48,23.483343,-7.003343124389648
2024-04-19 13:00:00-05:00,16.44,23.119677,-6.679676589965819
2024-04-19 14:00:00-05:00,16.02,23.765396,-7.745396118164063
2024-04-19 15:00:00-05:00,18.04,23.815819,-5.775818786621095
2024-04-19 16:00:00-05:00,17.44,25.188059,-7.748058853149413
2024-04-19 17:00:00-05:00,21.78,24.91746,-3.137459487915038
2024-04-19 18:00:00-05:00,23.5,28.912552,-5.4125518798828125
2024-04-19 19:00:00-05:00,26.12,29.040724,-2.9207238006591787
2024-04-19 20:00:00-05:00,24.72,26.881224,-2.1612236785888683
2024-04-19 21:00:00-05:00,18.73,17.785303,0.9446968841552739
2024-04-19 22:00:00-05:00,15.93,15.030604,0.8993956375122067
2024-04-19 23:00:00-05:00,14.36,15.082449,-0.7224489593505865
2024-04-20 00:00:00-05:00,15.16,14.1661005,0.99389949798584
2024-04-20 01:00:00-05:00,13.62,12.66547,0.9545298767089836
2024-04-20 02:00:00-05:00,13.85,12.715816,1.1341844558715817
2024-04-20 03:00:00-05:00,14.62,12.235901,2.384099121093749
2024-04-20 04:00:00-05:00,15.65,12.118466,3.5315336227416996
2024-04-20 05:00:00-05:00,17.49,15.024759,2.4652407073974594
2024-04-20 06:00:00-05:00,20.25,18.772938,1.4770622253417969
2024-04-20 07:00:00-05:00,18.01,17.082699,0.9273011779785172
2024-04-20 08:00:00-05:00,16.3,15.469335,0.8306653976440437
2024-04-20 09:00:00-05:00,15.61,14.195098,1.4149020767211908
2024-04-20 10:00:00-05:00,14.86,14.60678,0.25321994781494084
2024-04-20 11:00:00-05:00,14.2,13.963742,0.2362577438354485
2024-04-20 12:00:00-05:00,14.47,14.5969515,-0.12695148468017514
2024-04-20 13:00:00-05:00,14.01,14.296634,-0.28663372039794943
2024-04-20 14:00:00-05:00,13.25,14.94904,-1.699040412902832
2024-04-20 15:00:00-05:00,13.28,16.141521,-2.8615214538574225
2024-04-20 16:00:00-05:00,15.21,16.8482,-1.6381998443603507
2024-04-20 17:00:00-05:00,19.49,18.846231,0.6437685394287094
2024-04-20 18:00:00-05:00,23.52,20.767252,2.7527480316162105
2024-04-20 19:00:00-05:00,36.43,23.3191,13.110900573730468
2024-04-20 20:00:00-05:00,36.11,22.486927,13.623072967529296
2024-04-20 21:00:00-05:00,28.32,19.07418,9.245819396972657
2024-04-20 22:00:00-05:00,23.83,17.910055,5.919944839477537
2024-04-20 23:00:00-05:00,20.7,15.560175,5.139825057983398
2024-04-21 00:00:00-05:00,17.21,15.408412,1.8015880203247079
2024-04-21 01:00:00-05:00,15.99,13.990579,1.9994213485717776
2024-04-21 02:00:00-05:00,16.24,14.674236,1.5657637023925766
2024-04-21 03:00:00-05:00,15.82,14.70082,1.1191800308227542
2024-04-21 04:00:00-05:00,15.51,16.753351,-1.2433512115478518
2024-04-21 05:00:00-05:00,18.4,18.618399,-0.21839866638183736
2024-04-21 06:00:00-05:00,21.53,20.389318,1.1406815338134777
2024-04-21 07:00:00-05:00,22.93,20.495934,2.434066467285156
2024-04-21 08:00:00-05:00,25.22,19.244846,5.975153656005858
2024-04-21 09:00:00-05:00,22.66,18.967264,3.692735824584961
2024-04-21 10:00:00-05:00,18.66,17.805391,0.8546086883544923
2024-04-21 11:00:00-05:00,16.81,18.601624,-1.7916235351562513
2024-04-21 12:00:00-05:00,15.85,17.325836,-1.4758361816406254
2024-04-21 13:00:00-05:00,14.81,18.111376,-3.30137580871582
2024-04-21 14:00:00-05:00,13.19,18.040483,-4.850483474731446
2024-04-21 15:00:00-05:00,14.39,18.36601,-3.976010665893554
2024-04-21 16:00:00-05:00,17.29,20.193945,-2.9039449310302743
2024-04-21 17:00:00-05:00,22.59,24.037453,-1.4474526977539064
2024-04-21 18:00:00-05:00,32.12,27.650448,4.469552154541013
2024-04-21 19:00:00-05:00,43.96,32.49671,11.46328826904297
2024-04-21 20:00:00-05:00,42.17,31.03637,11.133630676269533
2024-04-21 21:00:00-05:00,27.37,21.133745,6.236254806518556
2024-04-21 22:00:00-05:00,21.72,17.075642,4.644358367919921
2024-04-21 23:00:00-05:00,19.87,15.103932,4.7660676193237315
2024-04-22 00:00:00-05:00,22.74,14.247619,8.492381324768065
2024-04-22 01:00:00-05:00,20.62,13.132888,7.487112159729005
2024-04-22 02:00:00-05:00,20.97,13.098992,7.871007652282714
2024-04-22 03:00:00-05:00,22.98,13.278076,9.701923828125
2024-04-22 04:00:00-05:00,28.01,14.706352,13.303647766113283
2024-04-22 05:00:00-05:00,41.43,18.703661,22.72633903503418
2024-04-22 06:00:00-05:00,45.79,24.06932,21.72067932128906
2024-04-22 07:00:00-05:00,33.55,23.821203,9.728796768188474
2024-04-22 08:00:00-05:00,30.68,23.835087,6.844913177490234
2024-04-22 09:00:00-05:00,29.95,23.439394,6.5106060028076165
2024-04-22 10:00:00-05:00,24.99,18.758165,6.231834640502928
2024-04-22 11:00:00-05:00,21.7,18.03307,3.666930389404296
2024-04-22 12:00:00-05:00,20.48,18.632637,1.8473629760742192
2024-04-22 13:00:00-05:00,16.07,18.434246,-2.3642460632324216
2024-04-22 14:00:00-05:00,14.74,16.884735,-2.144735107421875
2024-04-22 15:00:00-05:00,14.79,18.922,-4.1320008850097665
2024-04-22 16:00:00-05:00,13.59,20.003393,-6.413393173217774
2024-04-22 17:00:00-05:00,14.81,23.165924,-8.355924072265625
2024-04-22 18:00:00-05:00,18.67,30.710703,-12.040702896118162
2024-04-22 19:00:00-05:00,22.54,40.379017,-17.839016876220704
2024-04-22 20:00:00-05:00,18.9,38.302174,-19.402173614501955
2024-04-22 21:00:00-05:00,13.04,23.280521,-10.240521392822266
2024-04-22 22:00:00-05:00,10.8,18.183092,-7.38309211730957
2024-04-22 23:00:00-05:00,8.77,16.263947,-7.493946533203125
2024-04-23 00:00:00-05:00,7.38,17.525997,-10.145997161865235
2024-04-23 01:00:00-05:00,5.62,15.565551,-9.945550804138183
2024-04-23 02:00:00-05:00,4.14,16.31273,-12.17273078918457
2024-04-23 03:00:00-05:00,5.4,17.364418,-11.964418029785156
2024-04-23 04:00:00-05:00,8.46,19.388445,-10.928444900512694
2024-04-23 05:00:00-05:00,15.27,33.052715,-17.782715301513672
2024-04-23 06:00:00-05:00,21.47,36.979992,-15.509991912841798
2024-04-23 07:00:00-05:00,18.29,25.058498,-6.76849838256836
2024-04-23 08:00:00-05:00,16.58,23.51902,-6.939020080566408
2024-04-23 09:00:00-05:00,16.42,22.558483,-6.138483123779295
2024-04-23 10:00:00-05:00,15.94,19.729355,-3.789354858398438
2024-04-23 11:00:00-05:00,16.48,18.751099,-2.2710986328124996
2024-04-23 12:00:00-05:00,15.59,17.983984,-2.3939839935302736
2024-04-23 13:00:00-05:00,15.1,16.048489,-0.9484886169433597
2024-04-23 14:00:00-05:00,14.34,14.682224,-0.34222427368164077
2024-04-23 15:00:00-05:00,14.89,14.87712,0.012879981994629475
2024-04-23 16:00:00-05:00,17.11,14.987896,2.1221040344238276
2024-04-23 17:00:00-05:00,19.23,16.020964,3.2090363311767582
2024-04-23 18:00:00-05:00,21.38,18.97345,2.406550292968749
2024-04-23 19:00:00-05:00,30.2,26.87183,3.3281700134277337
2024-04-23 20:00:00-05:00,30.55,24.73625,5.813750076293946
2024-04-23 21:00:00-05:00,21.32,16.834991,4.485008544921875
2024-04-23 22:00:00-05:00,18.87,13.019638,5.8503619384765635
2024-04-23 23:00:00-05:00,20.11,12.699987,7.410012588500976
2024-04-24 00:00:00-05:00,17.54,9.949408,7.590592422485351
2024-04-24 01:00:00-05:00,16.42,9.617839,6.802161140441896
2024-04-24 02:00:00-05:00,16.59,7.783884,8.806115951538086
2024-04-24 03:00:00-05:00,18.03,9.040442,8.989557533264161
2024-04-24 04:00:00-05:00,24.29,10.03478,14.25522045135498
2024-04-24 05:00:00-05:00,30.98,16.139608,14.84039161682129
2024-04-24 06:00:00-05:00,37.76,21.086212,16.673787841796873
2024-04-24 07:00:00-05:00,32.06,18.38496,13.675039825439455
2024-04-24 08:00:00-05:00,31.73,18.65674,13.073259811401368
2024-04-24 09:00:00-05:00,31.21,17.606243,13.603756866455079
2024-04-24 10:00:00-05:00,29.86,18.044432,11.815568313598632
2024-04-24 11:00:00-05:00,26.35,18.204803,8.145196533203126
2024-04-24 12:00:00-05:00,26.21,17.557974,8.652026138305665
2024-04-24 13:00:00-05:00,24.94,16.59569,8.344310226440431
2024-04-24 14:00:00-05:00,23.96,15.542674,8.41732593536377
2024-04-24 15:00:00-05:00,25.94,16.049946,9.890054168701173
2024-04-24 16:00:00-05:00,29.22,19.194767,10.025233001708983
2024-04-24 17:00:00-05:00,30.05,19.98209,10.06791000366211
2024-04-24 18:00:00-05:00,39.2,24.79176,14.408240509033206
2024-04-24 19:00:00-05:00,45.36,32.73411,12.625888214111328
2024-04-24 20:00:00-05:00,36.25,32.35485,3.8951492309570312
2024-04-24 21:00:00-05:00,25.05,22.432693,2.617306518554688
2024-04-24 22:00:00-05:00,23.53,18.114737,5.415263442993165
2024-04-24 23:00:00-05:00,21.35,18.403362,2.9466377258300795
2024-04-25 00:00:00-05:00,26.48,15.120466,11.359533767700196
2024-04-25 01:00:00-05:00,23.17,14.263014,8.906986160278322
2024-04-25 02:00:00-05:00,24.21,15.281293,8.928707084655763
2024-04-25 03:00:00-05:00,29.8,16.132126,13.667874145507813
2024-04-25 04:00:00-05:00,34.72,21.333065,13.386934967041014
2024-04-25 05:00:00-05:00,50.09,26.80359,23.28640922546387
2024-04-25 06:00:00-05:00,54.67,33.52037,21.149629516601564
2024-04-25 07:00:00-05:00,40.72,28.927364,11.792635650634764
2024-04-25 08:00:00-05:00,30.03,27.209185,2.820815353393556
2024-04-25 09:00:00-05:00,31.18,26.66901,4.510989837646484
2024-04-25 10:00:00-05:00,29.02,24.624285,4.395715255737304
2024-04-25 11:00:00-05:00,29.96,23.266973,6.693026504516602
2024-04-25 12:00:00-05:00,29.44,22.49714,6.942859115600587
2024-04-25 13:00:00-05:00,27.05,21.343956,5.706044006347657
2024-04-25 14:00:00-05:00,24.76,20.927338,3.8326623535156266
2024-04-25 15:00:00-05:00,24.6,25.334167,-0.7341674804687486
2024-04-25 16:00:00-05:00,27.78,27.482218,0.2977822113037121
2024-04-25 17:00:00-05:00,31.99,27.876404,4.113596191406248
2024-04-25 18:00:00-05:00,34.54,35.83298,-1.2929811096191415
2024-04-25 19:00:00-05:00,37.36,38.460243,-1.1002432250976568
2024-04-25 20:00:00-05:00,30.38,33.35807,-2.9780703735351572
2024-04-25 21:00:00-05:00,16.84,22.532972,-5.69297233581543
2024-04-25 22:00:00-05:00,13.0,21.773424,-8.77342414855957
2024-04-25 23:00:00-05:00,10.49,20.952911,-10.462911376953125
2024-04-26 00:00:00-05:00,8.24,21.41319,-13.173190841674804
2024-04-26 01:00:00-05:00,5.45,20.151468,-14.70146827697754
2024-04-26 02:00:00-05:00,5.57,20.581116,-15.01111572265625
2024-04-26 03:00:00-05:00,7.34,21.23721,-13.89720932006836
2024-04-26 04:00:00-05:00,10.69,23.990084,-13.300083694458008
2024-04-26 05:00:00-05:00,18.47,35.3016,-16.83160140991211
2024-04-26 06:00:00-05:00,17.88,40.294212,-22.414212341308595
2024-04-26 07:00:00-05:00,17.51,30.739305,-13.229305496215819
2024-04-26 08:00:00-05:00,15.82,22.709763,-6.889762573242187
2024-04-26 09:00:00-05:00,16.71,22.770884,-6.060883560180663
2024-04-26 10:00:00-05:00,15.55,22.117422,-6.567422103881835
2024-04-26 11:00:00-05:00,15.27,22.583473,-7.313473205566407
2024-04-26 12:00:00-05:00,15.79,22.253666,-6.4636659240722665
2024-04-26 13:00:00-05:00,15.44,21.243391,-5.803391036987305
2024-04-26 14:00:00-05:00,14.22,20.861147,-6.641146926879882
2024-04-26 15:00:00-05:00,13.63,21.104435,-7.474434967041015
2024-04-26 16:00:00-05:00,14.6,22.865337,-8.265337371826172
2024-04-26 17:00:00-05:00,15.04,24.196112,-9.15611167907715
2024-04-26 18:00:00-05:00,15.53,28.690823,-13.16082260131836
2024-04-26 19:00:00-05:00,16.57,30.306898,-13.73689811706543
2024-04-26 20:00:00-05:00,14.67,27.104898,-12.43489845275879
2024-04-26 21:00:00-05:00,10.22,19.721237,-9.501237182617187
2024-04-26 22:00:00-05:00,7.77,16.359962,-8.589962463378907
2024-04-26 23:00:00-05:00,6.72,16.553566,-9.833565979003907
2024-04-27 00:00:00-05:00,2.83,13.15709,-10.327090187072754
2024-04-27 01:00:00-05:00,0.09,11.904527,-11.814526710510254
2024-04-27 02:00:00-05:00,0.05,11.664261,-11.614260864257812
2024-04-27 03:00:00-05:00,-0.36,12.737261,-13.097260818481445
2024-04-27 04:00:00-05:00,0.68,14.114522,-13.434521980285645
2024-04-27 05:00:00-05:00,3.23,19.599329,-16.369328994750976
2024-04-27 06:00:00-05:00,6.22,20.726906,-14.506905822753907
2024-04-27 07:00:00-05:00,7.4,20.601873,-13.201873397827148
2024-04-27 08:00:00-05:00,8.53,20.152151,-11.622151107788087
2024-04-27 09:00:00-05:00,10.3,20.910002,-10.610001754760741
2024-04-27 10:00:00-05:00,10.52,19.260454,-8.740454177856446
2024-04-27 11:00:00-05:00,10.47,17.054243,-6.584243087768554
2024-04-27 12:00:00-05:00,11.18,18.225351,-7.045351333618164
2024-04-27 13:00:00-05:00,12.27,17.79629,-5.526289443969727
2024-04-27 14:00:00-05:00,13.4,15.65544,-2.2554403305053707
2024-04-27 15:00:00-05:00,14.88,15.981527,-1.1015273284912102
2024-04-27 16:00:00-05:00,18.5,17.982151,0.5178489685058594
2024-04-27 17:00:00-05:00,22.26,20.911325,1.3486745452880875
2024-04-27 18:00:00-05:00,25.22,24.773289,0.44671127319335824
2024-04-27 19:00:00-05:00,25.9,31.006742,-5.106742477416994
2024-04-27 20:00:00-05:00,22.5,30.224133,-7.724132537841797
2024-04-27 21:00:00-05:00,16.83,24.282091,-7.452091140747072
2024-04-27 22:00:00-05:00,13.15,20.246464,-7.096463775634765
2024-04-27 23:00:00-05:00,11.13,18.189522,-7.0595217895507805
2024-04-28 00:00:00-05:00,12.29,15.304095,-3.0140952682495126
2024-04-28 01:00:00-05:00,10.89,13.396331,-2.506330833435058
2024-04-28 02:00:00-05:00,8.79,14.583521,-5.793520889282227
2024-04-28 03:00:00-05:00,7.38,12.328324,-4.948324317932129
2024-04-28 04:00:00-05:00,7.49,12.2484045,-4.758404502868652
2024-04-28 05:00:00-05:00,10.06,11.125908,-1.0659078979492183
2024-04-28 06:00:00-05:00,9.96,14.377246,-4.417245903015136
2024-04-28 07:00:00-05:00,10.07,15.005282,-4.935282402038574
2024-04-28 08:00:00-05:00,10.46,17.12237,-6.662369766235351
2024-04-28 09:00:00-05:00,11.37,14.54354,-3.173540000915528
2024-04-28 10:00:00-05:00,12.11,14.138909,-2.0289093399047857
2024-04-28 11:00:00-05:00,14.19,13.554436,0.6355642700195308
2024-04-28 12:00:00-05:00,14.17,12.761516,1.4084843826293945
2024-04-28 13:00:00-05:00,13.44,12.405809,1.0341905975341792
2024-04-28 14:00:00-05:00,14.67,13.027964,1.6420363616943359
2024-04-28 15:00:00-05:00,15.66,13.499227,2.1607734298706056
2024-04-28 16:00:00-05:00,17.74,16.814928,0.9250719451904281
2024-04-28 17:00:00-05:00,21.23,17.586372,3.643627624511719
2024-04-28 18:00:00-05:00,23.52,23.59684,-0.07683990478515668
2024-04-28 19:00:00-05:00,26.56,26.85342,-0.29342025756836065
2024-04-28 20:00:00-05:00,25.56,24.839901,0.7200990295410143
2024-04-28 21:00:00-05:00,17.7,17.153872,0.5461284637451165
2024-04-28 22:00:00-05:00,14.43,11.3398905,3.090109519958496
2024-04-28 23:00:00-05:00,12.68,10.861942,1.818057708740234
2024-04-29 00:00:00-05:00,15.58,11.1615305,4.418469505310059
2024-04-29 01:00:00-05:00,13.74,9.754325,3.985675086975098
2024-04-29 02:00:00-05:00,12.7,9.433464,3.2665359497070305
2024-04-29 03:00:00-05:00,13.08,11.754764,1.3252363967895509
2024-04-29 04:00:00-05:00,14.62,15.61156,-0.9915598678588875
2024-04-29 05:00:00-05:00,19.44,25.470446,-6.030445632934569
2024-04-29 06:00:00-05:00,21.7,28.574642,-6.874642181396485
2024-04-29 07:00:00-05:00,22.6,24.73804,-2.138040924072264
2024-04-29 08:00:00-05:00,21.55,24.368586,-2.818585586547851
2024-04-29 09:00:00-05:00,23.78,24.029827,-0.24982711791992074
2024-04-29 10:00:00-05:00,22.63,21.832933,0.7970665740966787
2024-04-29 11:00:00-05:00,21.35,18.918575,2.431424713134767
2024-04-29 12:00:00-05:00,23.15,17.981236,5.168764495849608
2024-04-29 13:00:00-05:00,22.36,17.884031,4.475968704223632
2024-04-29 14:00:00-05:00,22.31,17.612202,4.697798309326171
2024-04-29 15:00:00-05:00,23.53,19.136557,4.39344337463379
2024-04-29 16:00:00-05:00,25.63,22.535429,3.094570999145507
2024-04-29 17:00:00-05:00,28.79,24.179451,4.610549011230468
2024-04-29 18:00:00-05:00,32.51,26.683905,5.82609535217285
2024-04-29 19:00:00-05:00,45.84,29.13108,16.708919372558597
2024-04-29 20:00:00-05:00,46.46,25.794008,20.665991744995118
2024-04-29 21:00:00-05:00,36.87,18.361826,18.508174057006833
2024-04-29 22:00:00-05:00,29.29,15.366844,13.923155822753905
2024-04-29 23:00:00-05:00,28.11,14.414661,13.695338592529296
2024-04-30 00:00:00-05:00,24.74,12.8431635,11.896836509704588
2024-04-30 01:00:00-05:00,22.29,11.319238,10.970762290954589
2024-04-30 02:00:00-05:00,20.58,10.514558,10.065442161560057
2024-04-30 03:00:00-05:00,20.66,11.007716,9.652283821105957
2024-04-30 04:00:00-05:00,22.69,12.106846,10.58315414428711
2024-04-30 05:00:00-05:00,29.99,16.992407,12.997593154907225
2024-04-30 06:00:00-05:00,31.54,20.073696,11.46630386352539
2024-04-30 07:00:00-05:00,29.52,20.075222,9.44477798461914
2024-04-30 08:00:00-05:00,26.16,19.534395,6.625604782104492
2024-04-30 09:00:00-05:00,26.32,22.875647,3.444353408813477
2024-04-30 10:00:00-05:00,23.51,19.809345,3.7006547546386734
2024-04-30 11:00:00-05:00,24.63,18.75767,5.87233055114746
2024-04-30 12:00:00-05:00,24.7,19.727732,4.972268295288085
2024-04-30 13:00:00-05:00,24.37,18.77823,5.591769332885743
2024-04-30 14:00:00-05:00,26.39,19.207895,7.1821047210693365
2024-04-30 15:00:00-05:00,29.02,20.192848,8.827151794433593
2024-04-30 16:00:00-05:00,32.19,21.463573,10.72642654418945
2024-04-30 17:00:00-05:00,33.22,24.19375,9.026249618530272
2024-04-30 18:00:00-05:00,38.19,26.05362,12.136380615234373
2024-04-30 19:00:00-05:00,40.55,39.349655,1.2003448486328097
2024-04-30 20:00:00-05:00,32.85,38.710365,-5.860365295410155
2024-04-30 21:00:00-05:00,18.4,29.245674,-10.845674133300783
2024-04-30 22:00:00-05:00,15.29,20.652878,-5.362877807617188
2024-04-30 23:00:00-05:00,13.18,19.098919,-5.918918914794922
2024-05-01 00:00:00-05:00,8.35,19.163595,-10.813595199584961
2024-05-01 01:00:00-05:00,8.1,17.621319,-9.521318817138672
2024-05-01 02:00:00-05:00,8.64,16.91086,-8.270860061645507
2024-05-01 03:00:00-05:00,8.82,17.05552,-8.235519104003906
2024-05-01 04:00:00-05:00,10.52,20.239456,-9.719456176757813
2024-05-01 05:00:00-05:00,15.44,25.87739,-10.437389907836915
2024-05-01 06:00:00-05:00,19.88,30.143137,-10.263136978149415
2024-05-01 07:00:00-05:00,19.84,27.70794,-7.867939147949219
2024-05-01 08:00:00-05:00,20.7,25.542898,-4.842898178100587
2024-05-01 09:00:00-05:00,21.05,26.541243,-5.491242599487304
2024-05-01 10:00:00-05:00,20.71,25.125679,-4.41567901611328
2024-05-01 11:00:00-05:00,22.01,25.33385,-3.3238508605957016
2024-05-01 12:00:00-05:00,25.41,25.461899,-0.05189880371093736
2024-05-01 13:00:00-05:00,27.16,24.919977,2.2400228118896486
2024-05-01 14:00:00-05:00,29.9,25.566988,4.333012008666991
2024-05-01 15:00:00-05:00,31.95,27.423744,4.526255798339843
2024-05-01 16:00:00-05:00,36.8,30.34363,6.456370162963864
2024-05-01 17:00:00-05:00,38.07,31.47555,6.594450302124024
2024-05-01 18:00:00-05:00,40.25,36.906425,3.3435745239257812
2024-05-01 19:00:00-05:00,40.89,39.606186,1.283814086914063
2024-05-01 20:00:00-05:00,34.15,33.934147,0.21585311889648295
2024-05-01 21:00:00-05:00,25.94,22.215536,3.7244638824462903
2024-05-01 22:00:00-05:00,20.37,19.210627,1.1593733978271494
2024-05-01 23:00:00-05:00,17.19,16.588177,0.6018232727050794
2024-05-02 00:00:00-05:00,14.2,16.57988,-2.379879760742188
2024-05-02 01:00:00-05:00,12.38,14.0882225,-1.7082225036621086
2024-05-02 02:00:00-05:00,10.54,14.527558,-3.9875583267211923
2024-05-02 03:00:00-05:00,10.17,16.858097,-6.688097076416016
2024-05-02 04:00:00-05:00,10.72,19.024387,-8.30438735961914
2024-05-02 05:00:00-05:00,16.66,25.319448,-8.659448471069336
2024-05-02 06:00:00-05:00,22.9,30.436712,-7.53671226501465
2024-05-02 07:00:00-05:00,21.08,27.550371,-6.470371170043947
2024-05-02 08:00:00-05:00,21.31,25.469622,-4.159621658325197
2024-05-02 09:00:00-05:00,21.62,24.95842,-3.3384197998046865
2024-05-02 10:00:00-05:00,22.9,24.38797,-1.4879699707031264
2024-05-02 11:00:00-05:00,24.17,24.705261,-0.5352612304687483
2024-05-02 12:00:00-05:00,25.1,26.10805,-1.008049392700194
2024-05-02 13:00:00-05:00,25.55,26.482533,-0.9325325012207024
2024-05-02 14:00:00-05:00,25.3,26.725933,-1.4259330749511712
2024-05-02 15:00:00-05:00,26.96,28.352373,-1.3923731231689445
2024-05-02 16:00:00-05:00,29.84,34.920635,-5.080635223388672
2024-05-02 17:00:00-05:00,32.02,38.08314,-6.063141326904294
2024-05-02 18:00:00-05:00,32.18,43.770077,-11.590076751708985
2024-05-02 19:00:00-05:00,37.87,44.64927,-6.779269104003909
2024-05-02 20:00:00-05:00,39.6,35.19322,4.4067817687988295
2024-05-02 21:00:00-05:00,30.36,26.62663,3.7333692169189447
2024-05-02 22:00:00-05:00,24.27,22.173962,2.0960383605957027
2024-05-02 23:00:00-05:00,20.5,21.720346,-1.220346450805664
2024-05-03 00:00:00-05:00,19.08,16.423613,2.656387405395506
2024-05-03 01:00:00-05:00,17.01,14.620819,2.3891809082031266
2024-05-03 02:00:00-05:00,15.82,14.581512,1.2384875488281253
2024-05-03 03:00:00-05:00,15.91,14.272409,1.637590560913086
2024-05-03 04:00:00-05:00,20.96,14.094593,6.865406951904298
2024-05-03 05:00:00-05:00,26.08,20.50373,5.576269226074217
2024-05-03 06:00:00-05:00,28.56,25.468159,3.0918412780761706
2024-05-03 07:00:00-05:00,30.8,23.52366,7.276339340209962
2024-05-03 08:00:00-05:00,31.7,22.73167,8.968329620361327
2024-05-03 09:00:00-05:00,31.17,22.58572,8.584279937744142
2024-05-03 10:00:00-05:00,31.48,23.202053,8.277946929931641
2024-05-03 11:00:00-05:00,30.93,23.900757,7.0292431640625
2024-05-03 12:00:00-05:00,30.4,24.333105,6.066894912719725
2024-05-03 13:00:00-05:00,28.0,24.600447,3.3995532989501953
2024-05-03 14:00:00-05:00,27.45,25.000061,2.4499389648437493
2024-05-03 15:00:00-05:00,30.14,27.307907,2.832092895507813
2024-05-03 16:00:00-05:00,34.77,34.31818,0.4518199157714875
2024-05-03 17:00:00-05:00,34.79,33.50271,1.2872915649414054
2024-05-03 18:00:00-05:00,36.4,35.20021,1.199789428710936
2024-05-03 19:00:00-05:00,36.55,40.388252,-3.838252258300784
2024-05-03 20:00:00-05:00,33.67,37.233192,-3.5631924438476545
2024-05-03 21:00:00-05:00,22.02,26.635105,-4.615105133056641
2024-05-03 22:00:00-05:00,16.89,20.34705,-3.457049713134765
2024-05-03 23:00:00-05:00,16.05,19.079805,-3.029805374145507
2024-05-04 00:00:00-05:00,13.65,14.737218,-1.0872179031372067
2024-05-04 01:00:00-05:00,11.13,14.658823,-3.5288230133056633
2024-05-04 02:00:00-05:00,11.62,14.402332,-2.782332305908204
2024-05-04 03:00:00-05:00,11.51,14.703404,-3.1934044265747072
2024-05-04 04:00:00-05:00,12.52,17.802124,-5.2821240234375
2024-05-04 05:00:00-05:00,14.38,21.854652,-7.4746524047851555
2024-05-04 06:00:00-05:00,15.37,23.663246,-8.293246154785157
2024-05-04 07:00:00-05:00,16.93,25.967348,-9.037348098754883
2024-05-04 08:00:00-05:00,19.65,26.68562,-7.035619354248048
2024-05-04 09:00:00-05:00,19.85,25.426733,-5.576733016967772
2024-05-04 10:00:00-05:00,19.94,25.508696,-5.568695602416991
2024-05-04 11:00:00-05:00,19.9,25.25575,-5.355750656127931
2024-05-04 12:00:00-05:00,20.3,27.304777,-7.0047771453857415
2024-05-04 13:00:00-05:00,21.28,24.78864,-3.5086390686035145
2024-05-04 14:00:00-05:00,22.49,24.815813,-2.325813064575197
2024-05-04 15:00:00-05:00,25.4,27.724548,-2.3245483398437514
2024-05-04 16:00:00-05:00,29.47,32.92467,-3.4546711730957043
2024-05-04 17:00:00-05:00,30.28,32.7421,-2.4620997619628895
2024-05-04 18:00:00-05:00,31.65,33.240997,-1.5909973144531264
2024-05-04 19:00:00-05:00,34.47,33.536316,0.9336840820312489
2024-05-04 20:00:00-05:00,33.41,30.880522,2.5294782257080044
2024-05-04 21:00:00-05:00,25.15,22.31382,2.8361801147460923
2024-05-04 22:00:00-05:00,22.77,19.65269,3.1173091125488277
2024-05-04 23:00:00-05:00,20.84,18.840527,1.999473419189453
2024-05-05 00:00:00-05:00,19.55,16.13403,3.4159706115722663
2024-05-05 01:00:00-05:00,19.79,13.369418,6.420581855773925
2024-05-05 02:00:00-05:00,17.98,14.574194,3.405806045532227
2024-05-05 03:00:00-05:00,19.08,14.641944,4.4380560684204085
2024-05-05 04:00:00-05:00,20.43,14.837456,5.592544250488281
2024-05-05 05:00:00-05:00,20.25,14.975481,5.274518966674805
2024-05-05 06:00:00-05:00,21.11,17.804798,3.3052018737792963
2024-05-05 07:00:00-05:00,22.26,18.73414,3.5258596038818375
2024-05-05 08:00:00-05:00,22.6,19.129023,3.4709774017334
2024-05-05 09:00:00-05:00,22.84,19.375353,3.4646471405029295
2024-05-05 10:00:00-05:00,22.12,19.205984,2.914015884399415
2024-05-05 11:00:00-05:00,23.62,19.582216,4.037783737182618
2024-05-05 12:00:00-05:00,23.94,20.232645,3.707354965209962
2024-05-05 13:00:00-05:00,23.65,20.72956,2.9204391479492173
2024-05-05 14:00:00-05:00,24.47,22.22732,2.2426802825927723
2024-05-05 15:00:00-05:00,26.08,24.406809,1.6731911468505842
2024-05-05 16:00:00-05:00,27.79,27.56026,0.22973922729492102
2024-05-05 17:00:00-05:00,30.47,29.942316,0.5276839447021473
2024-05-05 18:00:00-05:00,30.86,30.743345,0.11665473937988224
2024-05-05 19:00:00-05:00,33.39,35.566433,-2.176432952880859
2024-05-05 20:00:00-05:00,31.69,34.612373,-2.92237335205078
2024-05-05 21:00:00-05:00,22.4,25.484112,-3.0841117858886733
2024-05-05 22:00:00-05:00,15.69,22.872787,-7.182787475585938
2024-05-05 23:00:00-05:00,14.44,21.118656,-6.678656158447266
2024-05-06 00:00:00-05:00,14.11,19.293354,-5.183354034423829
2024-05-06 01:00:00-05:00,12.88,19.181643,-6.301642532348632
2024-05-06 02:00:00-05:00,12.84,18.491007,-5.651006851196289
2024-05-06 03:00:00-05:00,13.59,19.549965,-5.959964904785156
2024-05-06 04:00:00-05:00,15.26,21.497557,-6.237556686401367
2024-05-06 05:00:00-05:00,21.1,23.878117,-2.778116607666014
2024-05-06 06:00:00-05:00,24.38,27.476484,-3.0964842987060557
2024-05-06 07:00:00-05:00,22.81,27.652319,-4.842318954467775
2024-05-06 08:00:00-05:00,24.25,27.213022,-2.963022232055664
2024-05-06 09:00:00-05:00,26.13,28.450155,-2.320155258178712
2024-05-06 10:00:00-05:00,24.42,26.899519,-2.479518966674803
2024-05-06 11:00:00-05:00,24.81,27.404228,-2.59422821044922
2024-05-06 12:00:00-05:00,24.33,28.698872,-4.36887161254883
2024-05-06 13:00:00-05:00,24.57,27.158735,-2.5887352752685544
2024-05-06 14:00:00-05:00,24.62,27.393599,-2.7735985565185537
2024-05-06 15:00:00-05:00,26.33,29.83564,-3.505639953613283
2024-05-06 16:00:00-05:00,28.69,31.139633,-2.449633178710936
2024-05-06 17:00:00-05:00,27.94,34.478264,-6.5382638549804675
2024-05-06 18:00:00-05:00,26.93,35.588135,-8.658134765625
2024-05-06 19:00:00-05:00,27.79,37.25846,-9.468460998535157
2024-05-06 20:00:00-05:00,26.11,35.83658,-9.726578369140626
2024-05-06 21:00:00-05:00,17.88,27.6525,-9.772500152587892
2024-05-06 22:00:00-05:00,14.39,23.329391,-8.939391479492187
2024-05-06 23:00:00-05:00,11.26,22.398848,-11.138847579956055
2024-05-07 00:00:00-05:00,9.63,18.783741,-9.153740997314452
2024-05-07 01:00:00-05:00,7.17,14.484872,-7.314871864318848
2024-05-07 02:00:00-05:00,6.23,14.326758,-8.09675838470459
2024-05-07 03:00:00-05:00,7.1,15.157586,-8.057586097717286
2024-05-07 04:00:00-05:00,10.0,16.447895,-6.447895050048828
2024-05-07 05:00:00-05:00,13.26,23.1799,-9.919899215698242
2024-05-07 06:00:00-05:00,19.56,26.610662,-7.05066246032715
2024-05-07 07:00:00-05:00,19.47,26.022911,-6.552911071777345
2024-05-07 08:00:00-05:00,20.09,25.796867,-5.706867370605469
2024-05-07 09:00:00-05:00,22.46,26.875603,-4.415602722167968
2024-05-07 10:00:00-05:00,20.79,24.939224,-4.149224243164063
2024-05-07 11:00:00-05:00,21.25,25.618671,-4.368671417236328
2024-05-07 12:00:00-05:00,21.87,25.532251,-3.6622513580322256
2024-05-07 13:00:00-05:00,21.31,25.194,-3.8840002441406263
2024-05-07 14:00:00-05:00,21.1,25.833464,-4.733463668823241
2024-05-07 15:00:00-05:00,23.72,28.760817,-5.040816574096681
2024-05-07 16:00:00-05:00,26.51,32.674633,-6.164633026123045
2024-05-07 17:00:00-05:00,29.72,33.638645,-3.9186451721191418
2024-05-07 18:00:00-05:00,36.85,32.96136,3.888639068603517
2024-05-07 19:00:00-05:00,45.08,33.90996,11.170038299560545
2024-05-07 20:00:00-05:00,45.42,31.55465,13.865350646972658
2024-05-07 21:00:00-05:00,34.16,22.469526,11.690473709106442
2024-05-07 22:00:00-05:00,28.44,18.612944,9.827056350708009
2024-05-07 23:00:00-05:00,21.97,17.150335,4.81966468811035
2024-05-08 00:00:00-05:00,18.75,14.414974,4.335025787353516
2024-05-08 01:00:00-05:00,17.55,14.482582,3.0674179077148445
2024-05-08 02:00:00-05:00,16.76,14.482582,2.2774179077148453
2024-05-08 03:00:00-05:00,17.02,13.999593,3.020407218933105
2024-05-08 04:00:00-05:00,19.32,14.664414,4.655585594177246
2024-05-08 05:00:00-05:00,24.63,16.995756,7.634243850708007
2024-05-08 06:00:00-05:00,28.2,21.607904,6.592095565795898
2024-05-08 07:00:00-05:00,29.52,21.251427,8.268573303222656
2024-05-08 08:00:00-05:00,29.46,21.745426,7.714573822021485
2024-05-08 09:00:00-05:00,29.91,23.584826,6.32517448425293
2024-05-08 10:00:00-05:00,30.67,22.21815,8.451850814819338
2024-05-08 11:00:00-05:00,33.9,23.412344,10.487656021118163
2024-05-08 12:00:00-05:00,34.99,25.489832,9.500168075561525
2024-05-08 13:00:00-05:00,34.51,25.292122,9.217878112792967
2024-05-08 14:00:00-05:00,36.91,26.537035,10.372965011596676
2024-05-08 15:00:00-05:00,42.72,28.866512,13.853487701416014
2024-05-08 16:00:00-05:00,45.98,32.292057,13.687942962646481
2024-05-08 17:00:00-05:00,46.1,35.788696,10.311303710937501
2024-05-08 18:00:00-05:00,42.69,39.862915,2.8270849609374977
2024-05-08 19:00:00-05:00,46.46,48.532192,-2.0721922302246085
2024-05-08 20:00:00-05:00,41.06,43.121128,-2.0611280822753884
2024-05-08 21:00:00-05:00,28.1,33.181458,-5.081457519531249
2024-05-08 22:00:00-05:00,21.95,24.675594,-2.725594329833985
2024-05-08 23:00:00-05:00,16.59,21.152645,-4.5626451110839845
2024-05-09 00:00:00-05:00,17.79,17.388681,0.4013185882568351
2024-05-09 01:00:00-05:00,16.69,16.95131,-0.2613092041015612
2024-05-09 02:00:00-05:00,15.33,16.71271,-1.3827094268798827
2024-05-09 03:00:00-05:00,16.0,16.95904,-0.9590396881103516
2024-05-09 04:00:00-05:00,18.07,19.932016,-1.8620163726806638
2024-05-09 05:00:00-05:00,21.52,23.162952,-1.6429524230957036
2024-05-09 06:00:00-05:00,24.58,27.401157,-2.8211573791503923
2024-05-09 07:00:00-05:00,24.29,27.484251,-3.194251022338868
2024-05-09 08:00:00-05:00,24.12,27.604013,-3.484013442993163
2024-05-09 09:00:00-05:00,23.74,28.182983,-4.442983398437502
2024-05-09 10:00:00-05:00,23.04,29.033651,-5.993651351928712
2024-05-09 11:00:00-05:00,22.4,31.090744,-8.690744018554689
2024-05-09 12:00:00-05:00,23.53,32.10043,-8.570429534912108
2024-05-09 13:00:00-05:00,23.96,32.930798,-8.970797576904296
2024-05-09 14:00:00-05:00,24.72,34.855785,-10.135785369873048
2024-05-09 15:00:00-05:00,25.67,39.47283,-13.802831726074217
2024-05-09 16:00:00-05:00,29.2,42.01463,-12.814629364013673
2024-05-09 17:00:00-05:00,29.41,42.703667,-13.293666687011719
2024-05-09 18:00:00-05:00,32.82,41.260628,-8.440627746582031
2024-05-09 19:00:00-05:00,37.76,45.2298,-7.469801177978518
2024-05-09 20:00:00-05:00,38.55,41.988018,-3.4380180358886747
2024-05-09 21:00:00-05:00,29.41,27.38323,2.026769790649414
2024-05-09 22:00:00-05:00,24.5,22.890429,1.6095714569091797
2024-05-09 23:00:00-05:00,22.44,18.511784,3.9282164001464857
2024-05-10 00:00:00-05:00,20.7,17.855413,2.844586563110351
2024-05-10 01:00:00-05:00,18.6,17.210138,1.3898616790771499
2024-05-10 02:00:00-05:00,17.94,16.5434,1.3966001892089857
2024-05-10 03:00:00-05:00,18.44,16.472555,1.9674448394775403
2024-05-10 04:00:00-05:00,19.96,17.842213,2.1177873229980477
2024-05-10 05:00:00-05:00,26.51,22.583347,3.926652679443361
2024-05-10 06:00:00-05:00,27.99,25.830873,2.1591265106201156
2024-05-10 07:00:00-05:00,26.66,25.928362,0.7316381072998048
2024-05-10 08:00:00-05:00,26.1,26.12238,-0.022379302978514204
2024-05-10 09:00:00-05:00,27.33,26.11802,1.211980895996092
2024-05-10 10:00:00-05:00,22.07,25.974413,-3.90441291809082
2024-05-10 11:00:00-05:00,22.85,25.930288,-3.0802883148193345
2024-05-10 12:00:00-05:00,24.16,26.051502,-1.891502227783203
2024-05-10 13:00:00-05:00,25.43,26.426006,-0.9960063171386722
2024-05-10 14:00:00-05:00,25.18,26.858286,-1.6782859039306643
2024-05-10 15:00:00-05:00,26.14,28.341698,-2.201697692871093
2024-05-10 16:00:00-05:00,27.71,36.047626,-8.337626495361327
2024-05-10 17:00:00-05:00,27.62,34.458492,-6.838492279052733
2024-05-10 18:00:00-05:00,28.92,37.19083,-8.270830230712889
2024-05-10 19:00:00-05:00,34.88,40.850227,-5.970227355957029
2024-05-10 20:00:00-05:00,30.92,39.896893,-8.97689254760742
2024-05-10 21:00:00-05:00,21.88,28.25214,-6.372140045166017
2024-05-10 22:00:00-05:00,17.86,24.087406,-6.227406158447266
2024-05-10 23:00:00-05:00,16.43,21.754986,-5.324985809326172
2024-05-11 00:00:00-05:00,14.31,20.642557,-6.332557144165039
2024-05-11 01:00:00-05:00,13.79,19.544199,-5.754198989868165
2024-05-11 02:00:00-05:00,13.2,19.059345,-5.859345245361329
2024-05-11 03:00:00-05:00,12.85,19.032522,-6.182522201538086
2024-05-11 04:00:00-05:00,13.05,19.306461,-6.256461334228515
2024-05-11 05:00:00-05:00,14.42,23.04571,-8.625709609985352
2024-05-11 06:00:00-05:00,16.4,22.542336,-6.142335510253908
2024-05-11 07:00:00-05:00,18.14,22.219296,-4.079295501708984
2024-05-11 08:00:00-05:00,19.33,22.199543,-2.86954299926758
2024-05-11 09:00:00-05:00,20.39,22.810888,-2.420888290405273
2024-05-11 10:00:00-05:00,17.94,20.845001,-2.9050012207031237
2024-05-11 11:00:00-05:00,16.43,22.19824,-5.7682402801513675
2024-05-11 12:00:00-05:00,15.03,22.373245,-7.343245239257813
2024-05-11 13:00:00-05:00,15.14,22.332838,-7.192838058471679
2024-05-11 14:00:00-05:00,15.49,23.750362,-8.260362396240234
2024-05-11 15:00:00-05:00,17.73,25.505795,-7.775794525146484
2024-05-11 16:00:00-05:00,21.4,27.302061,-5.902061080932619
2024-05-11 17:00:00-05:00,26.74,27.943203,-1.203202972412111
2024-05-11 18:00:00-05:00,33.4,29.285212,4.114788436889647
2024-05-11 19:00:00-05:00,38.33,33.830746,4.499254302978514
2024-05-11 20:00:00-05:00,35.14,31.565332,3.574667587280274
2024-05-11 21:00:00-05:00,23.24,24.22448,-0.9844796752929703
2024-05-11 22:00:00-05:00,19.71,20.18422,-0.47421936035156165
2024-05-11 23:00:00-05:00,17.85,18.805727,-0.9557270050048814
2024-05-12 00:00:00-05:00,17.72,17.054956,0.6650435638427723
2024-05-12 01:00:00-05:00,15.67,16.475342,-0.8053417968750001
2024-05-12 02:00:00-05:00,14.96,16.378675,-1.4186754608154288
2024-05-12 03:00:00-05:00,14.86,14.759353,0.10064731597900334
2024-05-12 04:00:00-05:00,14.32,14.650792,-0.33079212188720675
2024-05-12 05:00:00-05:00,15.42,15.709698,-0.28969772338867195
2024-05-12 06:00:00-05:00,16.54,17.784452,-1.244452438354493
2024-05-12 07:00:00-05:00,16.62,18.568916,-1.9489163208007803
2024-05-12 08:00:00-05:00,18.57,18.481907,0.08809310913085966
2024-05-12 09:00:00-05:00,20.81,19.387026,1.422974166870116
2024-05-12 10:00:00-05:00,19.03,18.048845,0.9811547088623058
2024-05-12 11:00:00-05:00,18.23,18.10212,0.12788055419921918
2024-05-12 12:00:00-05:00,19.5,18.21994,1.280059814453125
2024-05-12 13:00:00-05:00,20.49,17.80123,2.6887705230712875
2024-05-12 14:00:00-05:00,20.36,19.958477,0.40152297973632756
2024-05-12 15:00:00-05:00,22.86,20.609417,2.2505830383300776
2024-05-12 16:00:00-05:00,24.68,23.76871,0.9112908172607419
2024-05-12 17:00:00-05:00,26.83,27.353111,-0.5231112670898455
2024-05-12 18:00:00-05:00,32.12,32.912876,-0.7928761291503932
2024-05-12 19:00:00-05:00,38.56,38.698765,-0.13876480102538835
2024-05-12 20:00:00-05:00,34.19,34.32026,-0.13025909423828352
2024-05-12 21:00:00-05:00,23.64,22.672396,0.9676042938232428
2024-05-12 22:00:00-05:00,19.85,20.26236,-0.4123596191406236
2024-05-12 23:00:00-05:00,18.75,19.83882,-1.0888195037841797
2024-05-13 00:00:00-05:00,15.59,19.657871,-4.067871246337891
2024-05-13 01:00:00-05:00,14.37,18.713804,-4.343804244995118
2024-05-13 02:00:00-05:00,13.79,17.450487,-3.660487136840821
2024-05-13 03:00:00-05:00,15.79,17.375237,-1.5852365112304696
2024-05-13 04:00:00-05:00,17.41,18.171919,-0.7619188690185545
2024-05-13 05:00:00-05:00,19.93,22.683472,-2.7534716796875003
2024-05-13 06:00:00-05:00,22.3,27.33079,-5.030789566040038
2024-05-13 07:00:00-05:00,25.04,24.700926,0.33907417297363196
2024-05-13 08:00:00-05:00,28.63,25.925772,2.704228286743163
2024-05-13 09:00:00-05:00,27.7,27.79199,-0.0919902801513679
2024-05-13 10:00:00-05:00,26.67,24.807478,1.862522048950197
2024-05-13 11:00:00-05:00,27.17,24.807478,2.362522048950197
2024-05-13 12:00:00-05:00,28.41,25.110907,3.2990933990478517
2024-05-13 13:00:00-05:00,28.15,26.889526,1.2604736328124986
2024-05-13 14:00:00-05:00,27.25,26.522797,0.727203369140625
2024-05-13 15:00:00-05:00,28.66,29.55163,-0.8916300201416014
2024-05-13 16:00:00-05:00,28.58,32.123047,-3.5430468750000017
2024-05-13 17:00:00-05:00,30.26,33.156635,-2.8966352844238266
2024-05-13 18:00:00-05:00,30.33,36.477436,-6.14743606567383
2024-05-13 19:00:00-05:00,34.85,42.887268,-8.037268066406249
2024-05-13 20:00:00-05:00,33.9,36.92702,-3.0270210266113295
2024-05-13 21:00:00-05:00,24.56,26.074986,-1.514985504150392
2024-05-13 22:00:00-05:00,21.53,23.07191,-1.5419108581542957
2024-05-13 23:00:00-05:00,20.72,22.398142,-1.6781418609619152
2024-05-14 00:00:00-05:00,17.37,18.222605,-0.8526047515869131
2024-05-14 01:00:00-05:00,16.18,16.698679,-0.5186789703369143
2024-05-14 02:00:00-05:00,14.54,16.769178,-2.2291783905029305
2024-05-14 03:00:00-05:00,15.16,18.23873,-3.078729476928711
2024-05-14 04:00:00-05:00,18.46,19.114305,-0.6543054962158195
2024-05-14 05:00:00-05:00,21.97,21.413206,0.5567938995361317
2024-05-14 06:00:00-05:00,27.08,23.998714,3.081285552978514
2024-05-14 07:00:00-05:00,30.79,25.092064,5.697936096191405
2024-05-14 08:00:00-05:00,31.75,27.657352,4.092647552490234
2024-05-14 09:00:00-05:00,31.58,27.00442,4.575580673217772
2024-05-14 10:00:00-05:00,27.94,26.302122,1.637877883911134
2024-05-14 11:00:00-05:00,25.85,26.557522,-0.707521820068358
2024-05-14 12:00:00-05:00,25.2,28.06431,-2.8643100738525398
2024-05-14 13:00:00-05:00,25.15,27.355999,-2.2059989929199233
2024-05-14 14:00:00-05:00,25.7,27.366001,-1.6660011291503913
2024-05-14 15:00:00-05:00,28.07,29.05511,-0.9851109313964841
2024-05-14 16:00:00-05:00,29.35,29.448322,-0.0983222961425767
2024-05-14 17:00:00-05:00,29.61,31.220741,-1.6107412719726568
2024-05-14 18:00:00-05:00,29.83,33.2601,-3.4301013183593767
2024-05-14 19:00:00-05:00,31.66,37.79728,-6.137279357910156
2024-05-14 20:00:00-05:00,28.42,34.574245,-6.154245452880858
2024-05-14 21:00:00-05:00,20.4,26.218718,-5.818717575073244
2024-05-14 22:00:00-05:00,16.68,24.294287,-7.614286727905274
2024-05-14 23:00:00-05:00,15.72,21.709923,-5.989922790527343
2024-05-15 00:00:00-05:00,13.9,18.88038,-4.980380630493164
2024-05-15 01:00:00-05:00,13.41,17.9297,-4.5197008514404295
2024-05-15 02:00:00-05:00,13.54,16.309061,-2.76906105041504
2024-05-15 03:00:00-05:00,13.45,16.515295,-3.065295028686524
2024-05-15 04:00:00-05:00,15.87,18.470587,-2.600586776733399
2024-05-15 05:00:00-05:00,21.32,22.949553,-1.629552536010742
2024-05-15 06:00:00-05:00,25.03,27.744047,-2.714047164916991
2024-05-15 07:00:00-05:00,24.84,30.540901,-5.700901184082031
2024-05-15 08:00:00-05:00,25.24,31.413446,-6.173446426391603
2024-05-15 09:00:00-05:00,25.77,31.411896,-5.641895751953125
2024-05-15 10:00:00-05:00,23.54,28.088085,-4.548085174560548
2024-05-15 11:00:00-05:00,24.03,27.8631,-3.8331000518798817
2024-05-15 12:00:00-05:00,25.9,27.569983,-1.6699825286865249
2024-05-15 13:00:00-05:00,27.32,27.81029,-0.49028938293457003
2024-05-15 14:00:00-05:00,27.85,28.5296,-0.6796001434326158
2024-05-15 15:00:00-05:00,30.07,30.576412,-0.5064122009277341
2024-05-15 16:00:00-05:00,32.08,31.913172,0.16682823181152173
2024-05-15 17:00:00-05:00,34.41,32.080654,2.329345855712887
2024-05-15 18:00:00-05:00,35.62,33.221508,2.3984919738769506
2024-05-15 19:00:00-05:00,37.41,35.7378,1.6721994018554653
2024-05-15 20:00:00-05:00,36.63,34.171276,2.4587239074707057
2024-05-15 21:00:00-05:00,28.71,24.7957,3.9142999267578134
2024-05-15 22:00:00-05:00,23.25,20.906242,2.3437576293945312
2024-05-15 23:00:00-05:00,22.53,20.133883,2.3961174774169933
2024-05-16 00:00:00-05:00,20.76,16.75428,4.00571990966797
2024-05-16 01:00:00-05:00,19.07,15.555279,3.5147212219238284
2024-05-16 02:00:00-05:00,17.6,15.509558,2.090442276000978
2024-05-16 03:00:00-05:00,19.48,16.220438,3.2595619964599614
2024-05-16 04:00:00-05:00,23.27,18.142456,5.1275439453125
2024-05-16 05:00:00-05:00,29.46,21.92459,7.535410842895509
2024-05-16 06:00:00-05:00,30.3,26.071993,4.228007125854493
2024-05-16 07:00:00-05:00,31.08,26.46364,4.616359786987303
2024-05-16 08:00:00-05:00,31.66,26.56452,5.095480117797852
2024-05-16 09:00:00-05:00,29.63,26.495907,3.1340931701660146
2024-05-16 10:00:00-05:00,28.52,25.816124,2.703876037597656
2024-05-16 11:00:00-05:00,28.87,25.667412,3.2025881958007822
2024-05-16 12:00:00-05:00,30.06,26.776243,3.2837567901611315
2024-05-16 13:00:00-05:00,31.0,28.357056,2.6429443359375
2024-05-16 14:00:00-05:00,31.78,28.529057,3.2509434509277355
2024-05-16 15:00:00-05:00,33.47,29.830086,3.6399142456054676
2024-05-16 16:00:00-05:00,36.16,31.909145,4.250854644775387
2024-05-16 17:00:00-05:00,38.28,34.24381,4.0361912536621105
2024-05-16 18:00:00-05:00,40.4,36.75055,3.6494506835937486
2024-05-16 19:00:00-05:00,48.16,37.923485,10.236515197753903
2024-05-16 20:00:00-05:00,47.64,36.830303,10.809696807861329
2024-05-16 21:00:00-05:00,34.47,27.804434,6.665566177368163
2024-05-16 22:00:00-05:00,28.19,24.361189,3.8288111114501966
2024-05-16 23:00:00-05:00,24.43,22.331953,2.098046951293945
2024-05-17 00:00:00-05:00,23.61,19.88411,3.725890502929687
2024-05-17 01:00:00-05:00,22.02,18.635952,3.38404800415039
2024-05-17 02:00:00-05:00,20.88,17.524307,3.3556927490234365
2024-05-17 03:00:00-05:00,21.39,18.74553,2.644470825195313
2024-05-17 04:00:00-05:00,22.19,21.786123,0.40387672424316534
2024-05-17 05:00:00-05:00,27.23,27.533575,-0.303575057983398
2024-05-17 06:00:00-05:00,28.46,29.217266,-0.757266082763671
2024-05-17 07:00:00-05:00,31.17,28.739405,2.430595321655275
2024-05-17 08:00:00-05:00,31.24,28.73511,2.5048906707763656
2024-05-17 09:00:00-05:00,32.69,27.86742,4.822579803466795
2024-05-17 10:00:00-05:00,28.76,26.773962,1.9860379791259781
2024-05-17 11:00:00-05:00,28.45,27.30068,1.1493198394775384
2024-05-17 12:00:00-05:00,30.08,27.629948,2.4500523376464827
2024-05-17 13:00:00-05:00,30.26,28.241047,2.0189530944824234
2024-05-17 14:00:00-05:00,30.66,28.537746,2.1222535705566408
2024-05-17 15:00:00-05:00,30.81,30.34563,0.4643693542480456
2024-05-17 16:00:00-05:00,34.25,32.149227,2.1007728576660156
2024-05-17 17:00:00-05:00,34.12,34.137417,-0.017416839599611933
2024-05-17 18:00:00-05:00,32.54,35.65643,-3.1164292907714852
2024-05-17 19:00:00-05:00,32.36,40.426334,-8.066334381103516
2024-05-17 20:00:00-05:00,32.6,38.831856,-6.23185577392578
2024-05-17 21:00:00-05:00,25.14,29.718895,-4.578894958496093
2024-05-17 22:00:00-05:00,20.29,23.59283,-3.3028306579589852
2024-05-17 23:00:00-05:00,18.22,22.173111,-3.9531109619140636
2024-05-18 00:00:00-05:00,18.54,21.34365,-2.8036508178710946
2024-05-18 01:00:00-05:00,16.45,20.246109,-3.796109008789063
2024-05-18 02:00:00-05:00,15.73,19.225756,-3.49575569152832
2024-05-18 03:00:00-05:00,15.23,18.432568,-3.2025675964355464
2024-05-18 04:00:00-05:00,15.99,18.971422,-2.98142219543457
2024-05-18 05:00:00-05:00,17.55,22.338295,-4.7882949829101555
2024-05-18 06:00:00-05:00,20.37,23.225975,-2.8559750366210928
2024-05-18 07:00:00-05:00,20.93,23.755377,-2.8253768157958987
2024-05-18 08:00:00-05:00,23.1,24.329626,-1.229626083374022
2024-05-18 09:00:00-05:00,23.56,24.754486,-1.1944860839843763
2024-05-18 10:00:00-05:00,24.44,23.008766,1.431233825683595
2024-05-18 11:00:00-05:00,24.79,23.63087,1.1591291809082023
2024-05-18 12:00:00-05:00,28.36,24.060223,4.299777374267578
2024-05-18 13:00:00-05:00,30.97,24.692894,6.277106018066405
2024-05-18 14:00:00-05:00,30.9,25.57846,5.321539306640624
2024-05-18 15:00:00-05:00,33.0,25.704805,7.295194625854492
2024-05-18 16:00:00-05:00,37.88,28.258175,9.621825103759768
2024-05-18 17:00:00-05:00,37.01,29.025648,7.984351882934568
2024-05-18 18:00:00-05:00,39.27,30.342552,8.92744781494141
2024-05-18 19:00:00-05:00,40.46,32.219933,8.240067443847657
2024-05-18 20:00:00-05:00,37.08,31.094427,5.98557289123535
2024-05-18 21:00:00-05:00,29.12,23.736319,5.383681411743165
2024-05-18 22:00:00-05:00,23.95,19.944677,4.005322647094726
2024-05-18 23:00:00-05:00,19.83,19.401167,0.4288330841064436
2024-05-19 00:00:00-05:00,19.29,18.722647,0.5673532867431632
2024-05-19 01:00:00-05:00,17.73,18.242985,-0.5129847717285152
2024-05-19 02:00:00-05:00,15.93,17.509756,-1.5797560882568362
2024-05-19 03:00:00-05:00,15.71,16.017004,-0.3070040130615226
2024-05-19 04:00:00-05:00,16.85,17.084126,-0.2341255187988267
2024-05-19 05:00:00-05:00,16.94,19.136103,-2.1961026763916003
2024-05-19 06:00:00-05:00,16.94,19.92012,-2.980120239257811
2024-05-19 07:00:00-05:00,19.57,20.505817,-0.9358174133300778
2024-05-19 08:00:00-05:00,21.45,22.052132,-0.602131652832032
2024-05-19 09:00:00-05:00,24.52,21.705008,2.8149924468994136
2024-05-19 10:00:00-05:00,25.83,21.66399,4.166009979248045
2024-05-19 11:00:00-05:00,28.92,21.688251,7.231748504638674
2024-05-19 12:00:00-05:00,31.64,24.116917,7.52308334350586
2024-05-19 13:00:00-05:00,35.92,25.255098,10.664901657104494
2024-05-19 14:00:00-05:00,40.98,25.935677,15.044323425292966
2024-05-19 15:00:00-05:00,44.18,27.874256,16.305743865966797
2024-05-19 16:00:00-05:00,50.08,33.01915,17.06085021972656
2024-05-19 17:00:00-05:00,50.62,32.91432,17.705678100585935
2024-05-19 18:00:00-05:00,49.26,36.27967,12.980329284667967
2024-05-19 19:00:00-05:00,46.22,38.263607,7.9563929748535145
2024-05-19 20:00:00-05:00,38.36,35.431473,2.928527221679687
2024-05-19 21:00:00-05:00,28.01,26.282589,1.7274110412597672
2024-05-19 22:00:00-05:00,20.92,22.778067,-1.8580666351318342
2024-05-19 23:00:00-05:00,18.33,19.831,-1.5009993743896501
2024-05-20 00:00:00-05:00,15.03,20.295794,-5.265793533325196
2024-05-20 01:00:00-05:00,12.11,19.702074,-7.592074050903321
2024-05-20 02:00:00-05:00,11.48,18.40996,-6.92995979309082
2024-05-20 03:00:00-05:00,12.27,18.219028,-5.949028472900391
2024-05-20 04:00:00-05:00,14.54,19.570696,-5.030695877075196
2024-05-20 05:00:00-05:00,18.69,23.616417,-4.9264169311523425
2024-05-20 06:00:00-05:00,24.69,26.274046,-1.584045944213866
2024-05-20 07:00:00-05:00,23.91,27.6072,-3.6972006225585936
2024-05-20 08:00:00-05:00,27.55,29.359207,-1.8092071533203118
2024-05-20 09:00:00-05:00,28.66,29.955484,-1.295484390258789
2024-05-20 10:00:00-05:00,30.83,29.565905,1.264095382690428
2024-05-20 11:00:00-05:00,36.93,31.550085,5.379914932250976
2024-05-20 12:00:00-05:00,37.57,34.500614,3.0693858337402347
2024-05-20 13:00:00-05:00,40.19,35.83309,4.356908264160154
2024-05-20 14:00:00-05:00,44.76,39.33492,5.42508102416992
2024-05-20 15:00:00-05:00,49.64,43.00357,6.636429443359376
2024-05-20 16:00:00-05:00,58.93,42.33522,16.594779663085937
2024-05-20 17:00:00-05:00,65.82,44.59174,21.228260345458978
2024-05-20 18:00:00-05:00,66.79,44.414864,22.375136413574225
2024-05-20 19:00:00-05:00,58.06,44.16688,13.893118438720705
2024-05-20 20:00:00-05:00,51.66,38.723816,12.936184082031247
2024-05-20 21:00:00-05:00,36.57,27.95832,8.611679382324219
2024-05-20 22:00:00-05:00,27.01,21.452251,5.55774856567383
2024-05-20 23:00:00-05:00,22.87,19.871449,2.998551483154298
2024-05-21 00:00:00-05:00,15.73,16.674366,-0.9443659973144527
2024-05-21 01:00:00-05:00,13.58,15.089545,-1.5095452499389648
2024-05-21 02:00:00-05:00,11.71,15.713241,-4.00324062347412
2024-05-21 03:00:00-05:00,11.04,15.662616,-4.622615776062013
2024-05-21 04:00:00-05:00,11.23,16.636398,-5.406398315429687
2024-05-21 05:00:00-05:00,15.14,21.247122,-6.107121810913085
2024-05-21 06:00:00-05:00,17.26,25.009657,-7.749656906127928
2024-05-21 07:00:00-05:00,19.22,25.551208,-6.331208496093751
2024-05-21 08:00:00-05:00,21.28,28.489859,-7.209858627319335
2024-05-21 09:00:00-05:00,21.7,28.694212,-6.994211959838868
2024-05-21 10:00:00-05:00,20.89,28.937551,-8.047551498413085
2024-05-21 11:00:00-05:00,21.99,33.865494,-11.875493774414064
2024-05-21 12:00:00-05:00,23.96,35.426956,-11.466956176757812
2024-05-21 13:00:00-05:00,29.48,42.229942,-12.749942321777343
2024-05-21 14:00:00-05:00,36.5,47.645596,-11.14559555053711
2024-05-21 15:00:00-05:00,41.38,50.902622,-9.522622222900388
2024-05-21 16:00:00-05:00,49.67,60.68672,-11.01672180175781
2024-05-21 17:00:00-05:00,53.71,65.2134,-11.503401794433593
2024-05-21 18:00:00-05:00,49.06,64.56897,-15.508969726562498
2024-05-21 19:00:00-05:00,42.87,56.2801,-13.41010177612305
2024-05-21 20:00:00-05:00,33.62,46.5773,-12.957301025390628
2024-05-21 21:00:00-05:00,23.59,35.17605,-11.586048278808594
2024-05-21 22:00:00-05:00,17.37,24.782393,-7.412392501831054
2024-05-21 23:00:00-05:00,13.79,21.984629,-8.194628677368165
2024-05-22 00:00:00-05:00,14.11,16.259783,-2.149782791137696
2024-05-22 01:00:00-05:00,12.21,15.0095825,-2.799582519531249
2024-05-22 02:00:00-05:00,11.92,12.989763,-1.0697632598876954
2024-05-22 03:00:00-05:00,12.75,13.173565,-0.4235649108886719
2024-05-22 04:00:00-05:00,14.59,13.315795,1.2742050552368163
2024-05-22 05:00:00-05:00,18.64,16.283762,2.3562380218505865
2024-05-22 06:00:00-05:00,20.76,21.60061,-0.840610733032225
2024-05-22 07:00:00-05:00,23.63,23.040783,0.5892170715332021
2024-05-22 08:00:00-05:00,24.99,23.84649,1.1435091400146469
2024-05-22 09:00:00-05:00,27.13,25.042023,2.087977294921874
2024-05-22 10:00:00-05:00,25.25,23.665087,1.5849132537841797
2024-05-22 11:00:00-05:00,25.09,26.727085,-1.6370851135253908
2024-05-22 12:00:00-05:00,24.46,34.79363,-10.333628692626952
2024-05-22 13:00:00-05:00,24.85,37.268757,-12.418756866455077
2024-05-22 14:00:00-05:00,24.76,39.130596,-14.37059616088867
2024-05-22 15:00:00-05:00,29.35,45.252617,-15.902616882324217
2024-05-22 16:00:00-05:00,34.99,54.547768,-19.557767639160154
2024-05-22 17:00:00-05:00,37.45,54.509613,-17.059613037109372
2024-05-22 18:00:00-05:00,43.79,47.236572,-3.446572265625001
2024-05-22 19:00:00-05:00,50.77,46.53368,4.2363200378418
2024-05-22 20:00:00-05:00,46.23,37.89465,8.335350494384762
2024-05-22 21:00:00-05:00,29.76,27.932264,1.8277356719970719
2024-05-22 22:00:00-05:00,24.72,20.119207,4.60079261779785
2024-05-22 23:00:00-05:00,22.33,18.035833,4.29416664123535
2024-05-23 00:00:00-05:00,21.77,15.067277,6.702723045349121
2024-05-23 01:00:00-05:00,19.49,13.116887,6.373112907409666
2024-05-23 02:00:00-05:00,18.82,12.691028,6.128972358703614
2024-05-23 03:00:00-05:00,19.48,13.518787,5.961212615966797
2024-05-23 04:00:00-05:00,19.84,16.9805,2.859500732421875
2024-05-23 05:00:00-05:00,23.08,22.691864,0.3881359863281233
2024-05-23 06:00:00-05:00,24.95,25.416506,-0.4665058135986335
2024-05-23 07:00:00-05:00,24.89,26.063957,-1.1739572143554682
2024-05-23 08:00:00-05:00,26.53,26.5807,-0.05069992065429574
2024-05-23 09:00:00-05:00,26.58,27.638805,-1.0588053894042986
2024-05-23 10:00:00-05:00,25.86,27.460882,-1.600882186889649
2024-05-23 11:00:00-05:00,26.45,28.402794,-1.9527938842773445
2024-05-23 12:00:00-05:00,28.03,28.088734,-0.05873367309570199
2024-05-23 13:00:00-05:00,34.39,28.014494,6.375506057739258
2024-05-23 14:00:00-05:00,38.88,29.27492,9.605080490112307
2024-05-23 15:00:00-05:00,42.08,32.815758,9.264242248535155
2024-05-23 16:00:00-05:00,47.44,36.620796,10.819203796386716
2024-05-23 17:00:00-05:00,47.9,38.047783,9.85221710205078
2024-05-23 18:00:00-05:00,47.66,44.405064,3.254936370849606
2024-05-23 19:00:00-05:00,42.79,51.46948,-8.679478607177735
2024-05-23 20:00:00-05:00,38.85,45.20236,-6.352358245849608
2024-05-23 21:00:00-05:00,28.12,29.65021,-1.5302094268798818
2024-05-23 22:00:00-05:00,23.36,25.374166,-2.0141664886474615
2024-05-23 23:00:00-05:00,20.34,22.548803,-2.2088033294677736
2024-05-24 00:00:00-05:00,17.53,20.636591,-3.1065909576416004
2024-05-24 01:00:00-05:00,14.99,18.117056,-3.1270558929443357
2024-05-24 02:00:00-05:00,14.25,17.831688,-3.5816879272460938
2024-05-24 03:00:00-05:00,14.0,17.850119,-3.850118637084961
2024-05-24 04:00:00-05:00,15.02,17.941267,-2.921267013549805
2024-05-24 05:00:00-05:00,18.3,23.138126,-4.838126373291015
2024-05-24 06:00:00-05:00,23.31,25.710445,-2.4004454040527357
2024-05-24 07:00:00-05:00,21.68,25.703747,-4.023746795654297
2024-05-24 08:00:00-05:00,26.12,27.4201,-1.3000992584228506
2024-05-24 09:00:00-05:00,22.63,27.689775,-5.059775466918946
2024-05-24 10:00:00-05:00,22.39,26.412022,-4.02202163696289
2024-05-24 11:00:00-05:00,22.52,26.780115,-4.260115127563477
2024-05-24 12:00:00-05:00,27.18,27.553234,-0.37323410034179716
2024-05-24 13:00:00-05:00,31.27,33.230633,-1.9606327819824223
2024-05-24 14:00:00-05:00,30.59,35.581326,-4.9913255310058595
2024-05-24 15:00:00-05:00,34.11,37.677658,-3.567658081054688
2024-05-24 16:00:00-05:00,37.47,40.73317,-3.2631695556640636
2024-05-24 17:00:00-05:00,38.48,39.19468,-0.7146792602539094
2024-05-24 18:00:00-05:00,36.22,40.077457,-3.8574574279785168
2024-05-24 19:00:00-05:00,33.48,38.159317,-4.679317016601566
2024-05-24 20:00:00-05:00,34.78,35.735607,-0.9556071472167957
2024-05-24 21:00:00-05:00,26.34,25.27555,1.0644491577148436
2024-05-24 22:00:00-05:00,22.11,21.589207,0.5207933044433588
2024-05-24 23:00:00-05:00,22.05,19.05442,2.9955795288085945
2024-05-25 00:00:00-05:00,21.7,17.746296,3.953704071044921
2024-05-25 01:00:00-05:00,19.76,15.3427105,4.417289505004884
2024-05-25 02:00:00-05:00,19.11,14.790933,4.319067344665527
2024-05-25 03:00:00-05:00,18.21,14.701861,3.508138618469239
2024-05-25 04:00:00-05:00,18.14,14.372163,3.767837181091309
2024-05-25 05:00:00-05:00,18.61,17.176079,1.4339212036132807
2024-05-25 06:00:00-05:00,18.03,19.240084,-1.2100836944580067
2024-05-25 07:00:00-05:00,18.78,18.246552,0.5334484863281261
2024-05-25 08:00:00-05:00,21.52,22.209011,-0.6890110778808598
2024-05-25 09:00:00-05:00,21.56,21.588724,-0.02872413635254034
2024-05-25 10:00:00-05:00,23.4,21.250095,2.149904632568358
2024-05-25 11:00:00-05:00,25.64,22.234318,3.405682220458985
2024-05-25 12:00:00-05:00,28.33,25.264845,3.0651551055908186
2024-05-25 13:00:00-05:00,31.36,28.05076,3.3092397308349604
2024-05-25 14:00:00-05:00,31.53,29.744822,1.785178451538087
2024-05-25 15:00:00-05:00,37.85,35.898888,1.9511123657226577
2024-05-25 16:00:00-05:00,44.44,38.26902,6.1709799194335915
2024-05-25 17:00:00-05:00,40.58,39.893394,0.6866055297851545
2024-05-25 18:00:00-05:00,40.68,37.544773,3.135226898193359
2024-05-25 19:00:00-05:00,39.1,35.44542,3.654580688476564
2024-05-25 20:00:00-05:00,33.13,34.837887,-1.7078868103027318
2024-05-25 21:00:00-05:00,25.85,26.218834,-0.36883392333984233
2024-05-25 22:00:00-05:00,16.43,21.939,-5.508999176025391
2024-05-25 23:00:00-05:00,14.52,20.831226,-6.3112263488769536
2024-05-26 00:00:00-05:00,13.0,20.839378,-7.839378356933594
2024-05-26 01:00:00-05:00,12.39,19.461094,-7.07109390258789
2024-05-26 02:00:00-05:00,11.77,19.070251,-7.30025146484375
2024-05-26 03:00:00-05:00,12.51,18.74385,-6.233850708007813
2024-05-26 04:00:00-05:00,14.01,18.077593,-4.0675928497314455
2024-05-26 05:00:00-05:00,14.65,17.897102,-3.247102355957031
2024-05-26 06:00:00-05:00,15.69,18.10004,-2.410040435791016
2024-05-26 07:00:00-05:00,18.84,18.184793,0.6552065277099608
2024-05-26 08:00:00-05:00,21.77,19.40844,2.361560363769531
2024-05-26 09:00:00-05:00,23.2,20.899021,2.3009788513183587
2024-05-26 10:00:00-05:00,22.56,22.535072,0.02492767333984247
2024-05-26 11:00:00-05:00,21.8,23.729984,-1.929984283447265
2024-05-26 12:00:00-05:00,21.93,25.437769,-3.507768936157227
2024-05-26 13:00:00-05:00,22.23,27.965754,-5.735753555297851
2024-05-26 14:00:00-05:00,23.66,29.889845,-6.2298448944091795
2024-05-26 15:00:00-05:00,23.74,35.446262,-11.706262359619142
2024-05-26 16:00:00-05:00,25.89,39.24786,-13.357859954833984
2024-05-26 17:00:00-05:00,26.8,36.898426,-10.098426055908202
2024-05-26 18:00:00-05:00,28.5,35.721794,-7.221794128417969
2024-05-26 19:00:00-05:00,29.31,33.933468,-4.623467864990236
2024-05-26 20:00:00-05:00,29.79,30.367655,-0.5776548004150399
2024-05-26 21:00:00-05:00,24.87,25.144897,-0.274897460937499
2024-05-26 22:00:00-05:00,19.85,18.931849,0.9181514739990249
2024-05-26 23:00:00-05:00,19.51,17.230412,2.279588470458986
2024-05-27 00:00:00-05:00,19.65,16.132946,3.5170539855957017
2024-05-27 01:00:00-05:00,18.32,16.19423,2.125770874023438
2024-05-27 02:00:00-05:00,16.82,15.173118,1.646882362365723
2024-05-27 03:00:00-05:00,16.1,15.643735,0.45626506805420064
2024-05-27 04:00:00-05:00,15.86,17.541126,-1.6811262512207037
2024-05-27 05:00:00-05:00,16.2,18.560051,-2.3600509643554695
2024-05-27 06:00:00-05:00,15.51,23.898502,-8.388502349853516
2024-05-27 07:00:00-05:00,16.07,23.503202,-7.433202438354492
2024-05-27 08:00:00-05:00,16.99,27.046135,-10.05613494873047
2024-05-27 09:00:00-05:00,17.43,27.47405,-10.044050521850586
2024-05-27 10:00:00-05:00,16.32,27.23122,-10.911220245361328
2024-05-27 11:00:00-05:00,17.06,28.499134,-11.439134063720704
2024-05-27 12:00:00-05:00,19.72,29.747835,-10.027835159301759
2024-05-27 13:00:00-05:00,21.79,33.302395,-11.51239486694336
2024-05-27 14:00:00-05:00,21.88,35.193947,-13.313946838378907
2024-05-27 15:00:00-05:00,23.35,37.129116,-13.779116058349608
2024-05-27 16:00:00-05:00,25.09,40.30191,-15.211910400390625
2024-05-27 17:00:00-05:00,25.15,41.74015,-16.590150451660158
2024-05-27 18:00:00-05:00,25.69,40.099937,-14.409937438964842
2024-05-27 19:00:00-05:00,26.03,38.07689,-12.046889038085936
2024-05-27 20:00:00-05:00,25.42,36.718582,-11.29858215332031
2024-05-27 21:00:00-05:00,21.94,28.09657,-6.156569061279296
2024-05-27 22:00:00-05:00,17.51,21.534702,-4.024702301025389
2024-05-27 23:00:00-05:00,18.17,20.240688,-2.0706883239746077
2024-05-28 00:00:00-05:00,14.54,19.937204,-5.397204360961915
2024-05-28 01:00:00-05:00,14.43,19.684263,-5.2542632293701175
2024-05-28 02:00:00-05:00,13.02,20.263569,-7.2435688781738286
2024-05-28 03:00:00-05:00,13.77,20.454744,-6.684744338989258
2024-05-28 04:00:00-05:00,16.49,20.232552,-3.742551574707033
2024-05-28 05:00:00-05:00,20.61,21.631428,-1.0214277648925787
2024-05-28 06:00:00-05:00,24.51,22.35053,2.159469375610353
2024-05-28 07:00:00-05:00,27.31,22.35362,4.956379470825194
2024-05-28 08:00:00-05:00,28.4,22.630426,5.769573593139647
2024-05-28 09:00:00-05:00,28.07,22.65316,5.4168399047851565
2024-05-28 10:00:00-05:00,25.09,22.031172,3.058828201293945
2024-05-28 11:00:00-05:00,25.97,23.42893,2.5410697174072254
2024-05-28 12:00:00-05:00,25.8,27.203096,-1.403096389770507
2024-05-28 13:00:00-05:00,27.07,29.15521,-2.085210494995117
2024-05-28 14:00:00-05:00,27.16,30.477707,-3.3177069091796874
2024-05-28 15:00:00-05:00,28.08,33.212414,-5.132413787841799
2024-05-28 16:00:00-05:00,29.28,34.715027,-5.435026855468749
2024-05-28 17:00:00-05:00,29.65,35.31366,-5.663659667968751
2024-05-28 18:00:00-05:00,28.75,35.01549,-6.265491485595703
2024-05-28 19:00:00-05:00,31.16,36.008625,-4.848625030517578
2024-05-28 20:00:00-05:00,32.92,30.819473,2.100526733398439
2024-05-28 21:00:00-05:00,26.94,25.792795,1.1472048187255872
2024-05-28 22:00:00-05:00,22.22,21.962244,0.2577559661865223
2024-05-28 23:00:00-05:00,19.08,21.381815,-2.3018149566650408
2024-05-29 00:00:00-05:00,18.9,17.786781,1.1132186889648423
2024-05-29 01:00:00-05:00,16.68,17.20694,-0.5269396972656253
2024-05-29 02:00:00-05:00,16.75,16.069443,0.6805572509765625
2024-05-29 03:00:00-05:00,15.86,16.507284,-0.6472841644287115
2024-05-29 04:00:00-05:00,16.86,18.694422,-1.8344217681884771
2024-05-29 05:00:00-05:00,22.31,21.311745,0.9982553100585925
2024-05-29 06:00:00-05:00,25.65,23.453382,2.196617507934569
2024-05-29 07:00:00-05:00,27.18,26.415041,0.7649590301513669
2024-05-29 08:00:00-05:00,27.35,27.241165,0.10883483886718892
2024-05-29 09:00:00-05:00,27.64,27.22511,0.4148908996582037
2024-05-29 10:00:00-05:00,26.61,25.930222,0.6797784423828119
2024-05-29 11:00:00-05:00,25.51,26.29184,-0.7818395996093734
2024-05-29 12:00:00-05:00,25.99,27.009865,-1.0198648071289078
2024-05-29 13:00:00-05:00,26.19,27.757092,-1.5670915222167956
2024-05-29 14:00:00-05:00,26.68,28.419697,-1.7396968078613284
2024-05-29 15:00:00-05:00,27.8,29.041044,-1.2410442352294915
2024-05-29 16:00:00-05:00,28.6,31.413727,-2.8137268066406236
2024-05-29 17:00:00-05:00,28.71,31.856092,-3.146092453002929
2024-05-29 18:00:00-05:00,30.97,31.505566,-0.535565643310548
2024-05-29 19:00:00-05:00,29.96,32.996407,-3.0364065551757804
2024-05-29 20:00:00-05:00,30.11,33.009922,-2.899922027587891
2024-05-29 21:00:00-05:00,25.11,27.503761,-2.393761291503907
2024-05-29 22:00:00-05:00,20.0,23.36857,-3.368570327758789
2024-05-29 23:00:00-05:00,17.13,20.78492,-3.6549197387695322
2024-05-30 00:00:00-05:00,16.89,19.233438,-2.3434384918212885
2024-05-30 01:00:00-05:00,15.08,18.439384,-3.3593844604492187
2024-05-30 02:00:00-05:00,13.87,18.27793,-4.407929306030274
2024-05-30 03:00:00-05:00,14.31,17.676298,-3.3662981414794917
2024-05-30 04:00:00-05:00,16.31,18.443886,-2.1338858032226575
2024-05-30 05:00:00-05:00,19.78,22.206396,-2.4263961029052723
2024-05-30 06:00:00-05:00,22.32,25.04977,-2.729770355224609
2024-05-30 07:00:00-05:00,23.03,26.188324,-3.158323974609374
2024-05-30 08:00:00-05:00,23.6,27.06477,-3.4647697448730455
2024-05-30 09:00:00-05:00,23.39,26.876562,-3.486562118530273
2024-05-30 10:00:00-05:00,23.37,26.041014,-2.671013717651366
2024-05-30 11:00:00-05:00,25.94,25.799562,0.14043754577636847
2024-05-30 12:00:00-05:00,25.02,26.465923,-1.4459233093261723
2024-05-30 13:00:00-05:00,25.52,28.516293,-2.996292572021485
2024-05-30 14:00:00-05:00,26.7,29.669434,-2.9694335937500007
2024-05-30 15:00:00-05:00,27.68,30.31333,-2.6333296966552737
2024-05-30 16:00:00-05:00,30.09,31.013103,-0.923103485107422
2024-05-30 17:00:00-05:00,29.8,31.023315,-1.2233154296874993
2024-05-30 18:00:00-05:00,27.04,31.997627,-4.957627258300782
2024-05-30 19:00:00-05:00,28.22,31.593695,-3.3736946868896496
2024-05-30 20:00:00-05:00,29.1,31.252335,-2.152334594726561
2024-05-30 21:00:00-05:00,23.23,25.799492,-2.5694918823242183
2024-05-30 22:00:00-05:00,19.57,21.856207,-2.286206893920898
2024-05-30 23:00:00-05:00,16.7,20.190083,-3.490082550048829
2024-05-31 00:00:00-05:00,14.89,18.033699,-3.1436990356445307
2024-05-31 01:00:00-05:00,13.74,15.823017,-2.083017120361328
2024-05-31 02:00:00-05:00,13.44,15.634466,-2.194466171264649
2024-05-31 03:00:00-05:00,13.92,15.634466,-1.7144661712646485
2024-05-31 04:00:00-05:00,14.96,17.189766,-2.2297659301757804
2024-05-31 05:00:00-05:00,16.9,20.097649,-3.19764862060547
2024-05-31 06:00:00-05:00,20.01,24.301456,-4.291456451416014
2024-05-31 07:00:00-05:00,22.12,24.954538,-2.834538345336913
2024-05-31 08:00:00-05:00,24.7,26.944159,-2.244158554077149
2024-05-31 09:00:00-05:00,23.96,26.034502,-2.0745020294189445
2024-05-31 10:00:00-05:00,23.63,25.397808,-1.7678080749511729
2024-05-31 11:00:00-05:00,23.66,26.544407,-2.8844068908691405
2024-05-31 12:00:00-05:00,24.51,27.666773,-3.156772842407225
2024-05-31 13:00:00-05:00,24.47,28.534294,-4.06429412841797
2024-05-31 14:00:00-05:00,24.56,29.005833,-4.445832672119142
2024-05-31 15:00:00-05:00,24.78,30.2661,-5.486099929809569
2024-05-31 16:00:00-05:00,26.4,32.261143,-5.861142730712892
2024-05-31 17:00:00-05:00,27.48,32.25172,-4.7717204284667964
2024-05-31 18:00:00-05:00,28.07,32.465015,-4.395015411376953
2024-05-31 19:00:00-05:00,26.88,30.422344,-3.542344207763673
2024-05-31 20:00:00-05:00,25.03,30.762018,-5.73201820373535
2024-05-31 21:00:00-05:00,22.78,25.912832,-3.132832260131835
2024-05-31 22:00:00-05:00,19.64,21.300728,-1.6607278442382807
2024-05-31 23:00:00-05:00,19.03,20.332787,-1.3027865600585926
2024-06-01 00:00:00-05:00,16.59,17.55699,-0.9669896697998048
2024-06-01 01:00:00-05:00,14.56,16.66046,-2.1004595184326167
2024-06-01 02:00:00-05:00,14.61,16.474714,-1.8647142791748053
2024-06-01 03:00:00-05:00,14.4,16.388279,-1.9882789611816403
2024-06-01 04:00:00-05:00,13.93,16.395344,-2.4653437805175784
2024-06-01 05:00:00-05:00,13.56,18.172222,-4.612222137451171
2024-06-01 06:00:00-05:00,15.59,19.321857,-3.7318574523925783
2024-06-01 07:00:00-05:00,17.53,20.719326,-3.1893260192871082
2024-06-01 08:00:00-05:00,19.53,22.099333,-2.569332809448241
2024-06-01 09:00:00-05:00,20.66,21.915695,-1.2556951904296874
2024-06-01 10:00:00-05:00,21.4,22.692585,-1.2925849914550795
2024-06-01 11:00:00-05:00,21.42,23.318998,-1.8989983367919905
2024-06-01 12:00:00-05:00,21.92,24.405209,-2.4852085876464827
2024-06-01 13:00:00-05:00,22.29,24.871542,-2.581541976928712
2024-06-01 14:00:00-05:00,22.3,25.421276,-3.121276092529296
2024-06-01 15:00:00-05:00,23.04,28.036522,-4.996521911621095
2024-06-01 16:00:00-05:00,24.78,29.86334,-5.083340377807616
2024-06-01 17:00:00-05:00,26.49,30.87753,-4.387529144287111
2024-06-01 18:00:00-05:00,28.09,31.54876,-3.458759460449219
2024-06-01 19:00:00-05:00,27.43,30.206842,-2.776842422485352
2024-06-01 20:00:00-05:00,26.36,27.862339,-1.5023390197753912
2024-06-01 21:00:00-05:00,22.35,25.049303,-2.699303054809569
2024-06-01 22:00:00-05:00,20.19,21.34763,-1.1576295471191393
2024-06-01 23:00:00-05:00,17.96,20.908895,-2.94889549255371
2024-06-02 00:00:00-05:00,17.21,20.700169,-3.4901686096191398
2024-06-02 01:00:00-05:00,14.03,18.704012,-4.6740119171142585
2024-06-02 02:00:00-05:00,13.35,18.206837,-4.8568367004394535
2024-06-02 03:00:00-05:00,11.97,18.040167,-6.070166854858398
2024-06-02 04:00:00-05:00,10.99,17.83443,-6.844430694580078
2024-06-02 05:00:00-05:00,10.09,17.694635,-7.604635391235352
2024-06-02 06:00:00-05:00,10.89,18.830473,-7.940472946166992
2024-06-02 07:00:00-05:00,11.89,19.310852,-7.420852050781249
2024-06-02 08:00:00-05:00,14.66,20.148037,-5.488036956787109
2024-06-02 09:00:00-05:00,15.57,21.398275,-5.828275375366211
2024-06-02 10:00:00-05:00,15.77,21.44215,-5.672150115966797
2024-06-02 11:00:00-05:00,17.14,22.37869,-5.238690719604492
2024-06-02 12:00:00-05:00,19.53,22.467325,-2.937325210571288
2024-06-02 13:00:00-05:00,20.17,23.745745,-3.5757447052001936
2024-06-02 14:00:00-05:00,23.42,24.451122,-1.0311222839355452
2024-06-02 15:00:00-05:00,25.24,26.944967,-1.7049672698974625
2024-06-02 16:00:00-05:00,30.42,29.205185,1.2148150634765642
2024-06-02 17:00:00-05:00,31.64,28.57257,3.0674291992187506
2024-06-02 18:00:00-05:00,31.09,27.276306,3.81369384765625
2024-06-02 19:00:00-05:00,29.43,26.946873,2.483127288818359
2024-06-02 20:00:00-05:00,26.63,26.687796,-0.05779563903808693
2024-06-02 21:00:00-05:00,21.23,23.792439,-2.5624385070800777
2024-06-02 22:00:00-05:00,17.5,20.707014,-3.2070140838623047
2024-06-02 23:00:00-05:00,15.86,19.636482,-3.776482238769532
2024-06-03 00:00:00-05:00,11.24,18.245968,-7.005967864990234
2024-06-03 01:00:00-05:00,10.93,15.922435,-4.992434806823731
2024-06-03 02:00:00-05:00,11.46,15.922435,-4.46243480682373
2024-06-03 03:00:00-05:00,10.51,14.869914,-4.359914054870606
2024-06-03 04:00:00-05:00,15.3,14.889777,0.41022281646728587
2024-06-03 05:00:00-05:00,17.59,16.249935,1.3400648498535155
2024-06-03 06:00:00-05:00,21.89,17.96404,3.9259592437744146
2024-06-03 07:00:00-05:00,21.76,18.116198,3.6438024139404313
2024-06-03 08:00:00-05:00,24.82,19.220964,5.599035568237305
2024-06-03 09:00:00-05:00,25.79,18.690308,7.099692382812499
2024-06-03 10:00:00-05:00,26.59,18.669348,7.920652236938476
2024-06-03 11:00:00-05:00,29.03,19.369898,9.660102157592775
2024-06-03 12:00:00-05:00,32.99,21.220915,11.76908515930176
2024-06-03 13:00:00-05:00,35.48,21.822538,13.657461624145505
2024-06-03 14:00:00-05:00,40.54,24.944437,15.59556297302246
2024-06-03 15:00:00-05:00,46.57,28.532314,18.03768569946289
2024-06-03 16:00:00-05:00,47.54,32.051712,15.488287963867187
2024-06-03 17:00:00-05:00,48.82,32.475174,16.344826049804688
2024-06-03 18:00:00-05:00,44.89,31.991617,12.898382797241212
2024-06-03 19:00:00-05:00,38.94,30.962376,7.977624359130857
2024-06-03 20:00:00-05:00,31.47,27.052372,4.417628021240233
2024-06-03 21:00:00-05:00,23.9,20.774488,3.125511550903319
2024-06-03 22:00:00-05:00,19.2,18.356026,0.843974304199218
2024-06-03 23:00:00-05:00,17.88,19.542263,-1.6622630310058604
2024-06-04 00:00:00-05:00,17.43,14.535559,2.8944412994384763
2024-06-04 01:00:00-05:00,15.13,13.223225,1.9067753601074227
2024-06-04 02:00:00-05:00,13.7,13.177504,0.5224964141845696
2024-06-04 03:00:00-05:00,13.89,13.178017,0.7119833374023443
2024-06-04 04:00:00-05:00,15.4,15.793053,-0.3930526733398434
2024-06-04 05:00:00-05:00,18.82,18.389923,0.4300769042968753
2024-06-04 06:00:00-05:00,23.08,23.97208,-0.8920802307128923
2024-06-04 07:00:00-05:00,24.89,24.216642,0.6733576202392584
2024-06-04 08:00:00-05:00,27.57,25.3046,2.2654002380371097
2024-06-04 09:00:00-05:00,30.43,26.150309,4.279691390991211
2024-06-04 10:00:00-05:00,32.53,26.458088,6.071912078857423
2024-06-04 11:00:00-05:00,37.1,27.74499,9.3550106048584
2024-06-04 12:00:00-05:00,40.76,29.762291,10.997709045410154
2024-06-04 13:00:00-05:00,43.17,34.278458,8.89154235839844
2024-06-04 14:00:00-05:00,49.47,38.39148,11.078520507812499
2024-06-04 15:00:00-05:00,55.57,42.01649,13.553509063720703
2024-06-04 16:00:00-05:00,59.25,41.351994,17.898006439208984
2024-06-04 17:00:00-05:00,57.61,41.79613,15.813868865966796
2024-06-04 18:00:00-05:00,53.02,41.475704,11.544295806884769
2024-06-04 19:00:00-05:00,44.43,36.336014,8.093986206054687
2024-06-04 20:00:00-05:00,41.15,30.672018,10.477981948852538
2024-06-04 21:00:00-05:00,29.7,24.319746,5.380253982543945
2024-06-04 22:00:00-05:00,24.29,21.05848,3.231520690917968
2024-06-04 23:00:00-05:00,20.92,20.482035,0.43796531677246264
2024-06-05 00:00:00-05:00,19.69,18.759153,0.9308466339111341
2024-06-05 01:00:00-05:00,17.2,15.777961,1.4220392227172844
2024-06-05 02:00:00-05:00,14.96,15.639986,-0.679986038208007
2024-06-05 03:00:00-05:00,14.24,15.807762,-1.5677621459960935
2024-06-05 04:00:00-05:00,15.81,17.254936,-1.4449362182617183
2024-06-05 05:00:00-05:00,17.71,19.621426,-1.9114256286621085
2024-06-05 06:00:00-05:00,21.3,23.84922,-2.5492202758789055
2024-06-05 07:00:00-05:00,23.42,24.639614,-1.2196141052246077
2024-06-05 08:00:00-05:00,27.19,26.42356,0.7664408111572278
2024-06-05 09:00:00-05:00,28.96,28.222893,0.7371072387695321
2024-06-05 10:00:00-05:00,30.68,28.169182,2.510818176269531
2024-06-05 11:00:00-05:00,32.03,31.838581,0.191418914794923
2024-06-05 12:00:00-05:00,32.73,35.343826,-2.6138262939453156
2024-06-05 13:00:00-05:00,33.57,37.72451,-4.1545101928710935
2024-06-05 14:00:00-05:00,34.91,41.66746,-6.757461395263675
2024-06-05 15:00:00-05:00,39.22,48.89623,-9.676228790283204
2024-06-05 16:00:00-05:00,43.36,55.44238,-12.082378997802735
2024-06-05 17:00:00-05:00,43.07,53.369846,-10.29984634399414
2024-06-05 18:00:00-05:00,41.52,46.31452,-4.794521789550778
2024-06-05 19:00:00-05:00,38.14,43.913746,-5.773745880126953
2024-06-05 20:00:00-05:00,35.86,39.114502,-3.2545019531250006
2024-06-05 21:00:00-05:00,25.85,28.275238,-2.4252380371093736
2024-06-05 22:00:00-05:00,20.73,23.681599,-2.9515986633300777
2024-06-05 23:00:00-05:00,17.8,22.204464,-4.404463958740234
2024-06-06 00:00:00-05:00,17.31,18.929935,-1.619935455322267
2024-06-06 01:00:00-05:00,14.19,18.09157,-3.901569900512696
2024-06-06 02:00:00-05:00,12.62,16.162237,-3.542237167358399
2024-06-06 03:00:00-05:00,12.69,15.694705,-3.0047050094604497
2024-06-06 04:00:00-05:00,14.3,18.249607,-3.94960708618164
2024-06-06 05:00:00-05:00,17.87,20.43,-2.5600003051757803
2024-06-06 06:00:00-05:00,24.8,22.74546,2.0545394897460945
2024-06-06 07:00:00-05:00,25.88,24.801691,1.0783089447021474
2024-06-06 08:00:00-05:00,28.05,26.95324,1.096760559082032
2024-06-06 09:00:00-05:00,27.53,27.85205,-0.32205078124999886
2024-06-06 10:00:00-05:00,29.04,28.534895,0.5051050567626945
2024-06-06 11:00:00-05:00,30.15,29.592121,0.5578788757324205
2024-06-06 12:00:00-05:00,28.41,30.49678,-2.0867803955078124
2024-06-06 13:00:00-05:00,27.72,32.011803,-4.291802673339845
2024-06-06 14:00:00-05:00,26.59,33.1534,-6.563400421142578
2024-06-06 15:00:00-05:00,28.78,37.2467,-8.466700286865233
2024-06-06 16:00:00-05:00,31.41,40.07036,-8.660358276367187
2024-06-06 17:00:00-05:00,32.19,39.180607,-6.990606842041018
2024-06-06 18:00:00-05:00,31.54,36.8195,-5.279499969482423
2024-06-06 19:00:00-05:00,28.79,34.243744,-5.453743896484376
2024-06-06 20:00:00-05:00,30.2,32.960503,-2.7605026245117195
2024-06-06 21:00:00-05:00,24.93,24.38116,0.5488392639160153
2024-06-06 22:00:00-05:00,19.01,21.133059,-2.1230585479736312
2024-06-06 23:00:00-05:00,18.78,19.728205,-0.9482047271728504
2024-06-07 00:00:00-05:00,15.78,18.677767,-2.8977667999267585
2024-06-07 01:00:00-05:00,13.47,16.181755,-2.711755065917968
2024-06-07 02:00:00-05:00,12.27,14.686537,-2.41653678894043
2024-06-07 03:00:00-05:00,12.06,14.686537,-2.626536788940429
2024-06-07 04:00:00-05:00,13.14,16.39462,-3.2546208953857416
2024-06-07 05:00:00-05:00,15.48,20.296099,-4.816098709106445
2024-06-07 06:00:00-05:00,18.06,22.836464,-4.7764639282226575
2024-06-07 07:00:00-05:00,19.98,24.502085,-4.522084732055664
2024-06-07 08:00:00-05:00,21.12,25.108894,-3.9888943481445303
2024-06-07 09:00:00-05:00,22.72,25.848104,-3.128104476928712
2024-06-07 10:00:00-05:00,21.25,25.396873,-4.146873474121094
2024-06-07 11:00:00-05:00,21.76,26.954567,-5.194566955566405
2024-06-07 12:00:00-05:00,22.49,28.80511,-6.315110931396486
2024-06-07 13:00:00-05:00,25.01,28.649794,-3.639793624877928
2024-06-07 14:00:00-05:00,25.44,30.006502,-4.5665021514892565
2024-06-07 15:00:00-05:00,27.08,30.725367,-3.6453665924072283
2024-06-07 16:00:00-05:00,29.88,32.176315,-2.2963153076171885
2024-06-07 17:00:00-05:00,30.4,32.443394,-2.043393707275392
2024-06-07 18:00:00-05:00,30.19,31.705639,-1.5156388854980456
2024-06-07 19:00:00-05:00,29.9,30.428139,-0.5281387329101577
2024-06-07 20:00:00-05:00,28.04,29.386412,-1.346411666870118
2024-06-07 21:00:00-05:00,24.52,24.407196,0.11280395507812457
2024-06-07 22:00:00-05:00,21.2,20.717999,0.4820014953613274
2024-06-07 23:00:00-05:00,20.69,20.20452,0.48548072814941534
2024-06-08 00:00:00-05:00,19.94,17.573841,2.366158905029298
2024-06-08 01:00:00-05:00,16.37,15.951609,0.41839134216308693
2024-06-08 02:00:00-05:00,15.86,14.611164,1.2488359069824213
2024-06-08 03:00:00-05:00,14.98,13.744465,1.2355351257324223
2024-06-08 04:00:00-05:00,15.54,14.168103,1.3718967819213859
2024-06-08 05:00:00-05:00,14.79,16.732994,-1.9429940795898446
2024-06-08 06:00:00-05:00,16.36,17.491827,-1.131827011108399
2024-06-08 07:00:00-05:00,16.98,17.824694,-0.8446936798095699
2024-06-08 08:00:00-05:00,19.2,20.107508,-0.9075077056884773
2024-06-08 09:00:00-05:00,19.59,21.389875,-1.7998754119873048
2024-06-08 10:00:00-05:00,19.21,21.099594,-1.8895941162109366
2024-06-08 11:00:00-05:00,19.18,21.46508,-2.285080261230469
2024-06-08 12:00:00-05:00,19.78,22.78186,-3.001860351562499
2024-06-08 13:00:00-05:00,20.15,23.651525,-3.501525497436525
2024-06-08 14:00:00-05:00,21.45,24.004318,-2.554318237304688
2024-06-08 15:00:00-05:00,24.17,26.378912,-2.2089119720458967
2024-06-08 16:00:00-05:00,26.73,27.784048,-1.0540480804443355
2024-06-08 17:00:00-05:00,30.08,29.432962,0.6470375823974592
2024-06-08 18:00:00-05:00,31.1,28.941872,2.158128356933595
2024-06-08 19:00:00-05:00,28.35,28.530157,-0.18015708923339702
2024-06-08 20:00:00-05:00,26.92,26.974373,-0.054372863769529545
2024-06-08 21:00:00-05:00,24.03,22.453678,1.5763218688964855
2024-06-08 22:00:00-05:00,21.55,20.075825,1.4741752624511726
2024-06-08 23:00:00-05:00,20.21,19.706396,0.5036038970947274
2024-06-09 00:00:00-05:00,16.83,18.174368,-1.3443679046630876
2024-06-09 01:00:00-05:00,16.16,16.40302,-0.2430208587646483
2024-06-09 02:00:00-05:00,14.4,16.357302,-1.9573017120361325
2024-06-09 03:00:00-05:00,12.85,15.082933,-2.2329334259033207
2024-06-09 04:00:00-05:00,12.54,16.965103,-4.425103149414063
2024-06-09 05:00:00-05:00,13.1,15.949469,-2.849468612670899
2024-06-09 06:00:00-05:00,13.26,17.720066,-4.460066070556641
2024-06-09 07:00:00-05:00,14.87,18.715525,-3.845524673461915
2024-06-09 08:00:00-05:00,16.61,19.980665,-3.3706652069091803
2024-06-09 09:00:00-05:00,17.08,19.931892,-2.851892395019533
2024-06-09 10:00:00-05:00,16.52,20.20735,-3.68734977722168
2024-06-09 11:00:00-05:00,16.1,20.504045,-4.404045486450194
2024-06-09 12:00:00-05:00,15.94,20.238861,-4.2988610839843755
2024-06-09 13:00:00-05:00,15.98,20.310493,-4.330493469238281
2024-06-09 14:00:00-05:00,15.69,21.26369,-5.573690948486329
2024-06-09 15:00:00-05:00,16.35,24.892298,-8.542297744750975
2024-06-09 16:00:00-05:00,17.94,27.872353,-9.932352600097655
2024-06-09 17:00:00-05:00,19.56,30.13193,-10.571929397583009
2024-06-09 18:00:00-05:00,20.81,30.824364,-10.014363708496095
2024-06-09 19:00:00-05:00,22.84,28.122873,-5.282873306274414
2024-06-09 20:00:00-05:00,22.79,26.59088,-3.800879440307618
2024-06-09 21:00:00-05:00,21.5,22.95928,-1.459280014038086
2024-06-09 22:00:00-05:00,18.72,21.219341,-2.499341278076173
2024-06-09 23:00:00-05:00,17.99,20.459684,-2.4696843719482438
2024-06-10 00:00:00-05:00,14.18,19.631083,-5.451082534790039
2024-06-10 01:00:00-05:00,13.2,18.027786,-4.827786254882813
2024-06-10 02:00:00-05:00,13.3,15.839235,-2.539235305786132
2024-06-10 03:00:00-05:00,14.08,14.686315,-0.606314582824707
2024-06-10 04:00:00-05:00,15.04,15.7726965,-0.7326964950561532
2024-06-10 05:00:00-05:00,18.14,17.576004,0.5639959716796881
2024-06-10 06:00:00-05:00,19.25,20.179823,-0.9298229217529297
2024-06-10 07:00:00-05:00,20.89,20.383152,0.5068479919433599
2024-06-10 08:00:00-05:00,22.33,23.556866,-1.2268656921386736
2024-06-10 09:00:00-05:00,22.92,23.109629,-0.18962867736816236
2024-06-10 10:00:00-05:00,22.7,23.84253,-1.1425292968750007
2024-06-10 11:00:00-05:00,23.59,24.788074,-1.1980744934082033
2024-06-10 12:00:00-05:00,23.95,25.405436,-1.4554355621337898
2024-06-10 13:00:00-05:00,24.73,28.20452,-3.4745192718505855
2024-06-10 14:00:00-05:00,24.48,29.958126,-5.478126068115234
2024-06-10 15:00:00-05:00,26.67,30.632748,-3.9627476501464827
2024-06-10 16:00:00-05:00,27.83,32.189587,-4.359586639404299
2024-06-10 17:00:00-05:00,28.37,34.353104,-5.9831036376953115
2024-06-10 18:00:00-05:00,27.69,32.641888,-4.951887664794921
2024-06-10 19:00:00-05:00,27.19,32.203564,-5.013563690185546
2024-06-10 20:00:00-05:00,25.78,29.761381,-3.981381149291991
2024-06-10 21:00:00-05:00,20.48,25.650679,-5.170678634643554
2024-06-10 22:00:00-05:00,18.36,22.2792,-3.919199600219727
2024-06-10 23:00:00-05:00,22.52,22.19445,0.3255496215820308
2024-06-11 00:00:00-05:00,15.97,18.797232,-2.8272316741943353
2024-06-11 01:00:00-05:00,14.02,18.673555,-4.653555374145508
2024-06-11 02:00:00-05:00,12.8,18.375998,-5.57599754333496
2024-06-11 03:00:00-05:00,13.6,18.571041,-4.971041107177735
2024-06-11 04:00:00-05:00,17.98,18.583214,-0.6032138061523433
2024-06-11 05:00:00-05:00,21.88,20.808212,1.0717877197265615
2024-06-11 06:00:00-05:00,24.69,21.874767,2.8152326965332044
2024-06-11 07:00:00-05:00,23.0,23.78081,-0.7808094024658203
2024-06-11 08:00:00-05:00,22.38,25.325197,-2.945197219848634
2024-06-11 09:00:00-05:00,24.46,26.370523,-1.9105234527587882
2024-06-11 10:00:00-05:00,25.46,26.815275,-1.3552751922607413
2024-06-11 11:00:00-05:00,25.18,29.606428,-4.426428146362305
2024-06-11 12:00:00-05:00,24.16,29.996141,-5.83614143371582
2024-06-11 13:00:00-05:00,22.52,30.292868,-7.772867660522461
2024-06-11 14:00:00-05:00,23.29,31.429766,-8.139765701293946
2024-06-11 15:00:00-05:00,24.82,34.483284,-9.663283996582031
2024-06-11 16:00:00-05:00,27.01,35.276646,-8.266645660400389
2024-06-11 17:00:00-05:00,27.98,35.955414,-7.975413818359375
2024-06-11 18:00:00-05:00,31.24,34.28734,-3.047338256835939
2024-06-11 19:00:00-05:00,33.0,31.63495,1.3650493621826172
2024-06-11 20:00:00-05:00,31.26,29.524334,1.7356660461425797
2024-06-11 21:00:00-05:00,27.77,24.612633,3.157367248535156
2024-06-11 22:00:00-05:00,22.53,21.841501,0.6884987640380871
2024-06-11 23:00:00-05:00,21.66,22.1344,-0.47439941406249986
2024-06-12 00:00:00-05:00,17.05,17.502607,-0.452607345581054
2024-06-12 01:00:00-05:00,14.89,16.9075,-2.0174993133544916
2024-06-12 02:00:00-05:00,14.86,15.338615,-0.4786154174804693
2024-06-12 03:00:00-05:00,13.98,15.687292,-1.707292098999023
2024-06-12 04:00:00-05:00,13.91,17.808907,-3.898906555175781
2024-06-12 05:00:00-05:00,15.45,20.559204,-5.109204101562501
2024-06-12 06:00:00-05:00,16.51,23.39236,-6.882360687255858
2024-06-12 07:00:00-05:00,18.16,24.034145,-5.874145355224609
2024-06-12 08:00:00-05:00,20.69,24.371399,-3.6813989257812487
2024-06-12 09:00:00-05:00,23.42,25.737448,-2.3174477386474592
2024-06-12 10:00:00-05:00,25.66,26.490461,-0.8304613494873045
2024-06-12 11:00:00-05:00,28.72,26.44367,2.2763297271728504
2024-06-12 12:00:00-05:00,31.72,25.867712,5.852287979125975
2024-06-12 13:00:00-05:00,36.09,26.021055,10.068944778442386
2024-06-12 14:00:00-05:00,38.26,26.82792,11.432079086303709
2024-06-12 15:00:00-05:00,44.84,28.471617,16.368383255004886
2024-06-12 16:00:00-05:00,48.38,31.548845,16.831154708862307
2024-06-12 17:00:00-05:00,48.57,31.244543,17.325456924438477
2024-06-12 18:00:00-05:00,45.04,32.817123,12.222876586914062
2024-06-12 19:00:00-05:00,41.98,33.86484,8.115158538818356
2024-06-12 20:00:00-05:00,37.13,31.73939,5.3906105804443385
2024-06-12 21:00:00-05:00,28.32,26.244423,2.075577087402344
2024-06-12 22:00:00-05:00,21.67,22.350466,-0.6804657745361311
2024-06-12 23:00:00-05:00,20.02,22.272398,-2.2523979949951176
2024-06-13 00:00:00-05:00,16.6,17.505596,-0.9055961608886705
2024-06-13 01:00:00-05:00,13.96,15.608521,-1.6485214614868156
2024-06-13 02:00:00-05:00,13.02,15.783085,-2.763084869384766
2024-06-13 03:00:00-05:00,13.07,15.602761,-2.5327612686157224
2024-06-13 04:00:00-05:00,14.32,16.654896,-2.334895782470703
2024-06-13 05:00:00-05:00,17.44,19.413275,-1.9732747650146472
2024-06-13 06:00:00-05:00,19.72,22.700624,-2.980624465942384
2024-06-13 07:00:00-05:00,20.49,23.080757,-2.590757141113283
2024-06-13 08:00:00-05:00,24.54,24.933752,-0.3937520599365243
2024-06-13 09:00:00-05:00,26.11,25.572416,0.5375836944580072
2024-06-13 10:00:00-05:00,27.17,26.347116,0.8228835296630876
2024-06-13 11:00:00-05:00,30.8,27.92652,2.8734806060791023
2024-06-13 12:00:00-05:00,34.1,29.85496,4.245040512084962
2024-06-13 13:00:00-05:00,38.69,31.000751,7.68924850463867
2024-06-13 14:00:00-05:00,43.0,33.330193,9.669807434082031
2024-06-13 15:00:00-05:00,48.72,37.96139,10.75860855102539
2024-06-13 16:00:00-05:00,55.96,39.022392,16.937607727050782
2024-06-13 17:00:00-05:00,57.99,39.11084,18.879160156250002
2024-06-13 18:00:00-05:00,55.5,38.01274,17.487258911132812
2024-06-13 19:00:00-05:00,48.21,36.33277,11.87722869873047
2024-06-13 20:00:00-05:00,47.55,31.924025,15.625975418090817
2024-06-13 21:00:00-05:00,35.06,26.773888,8.286112365722659
2024-06-13 22:00:00-05:00,27.82,22.192776,5.627224273681641
2024-06-13 23:00:00-05:00,25.3,21.271654,4.02834587097168
2024-06-14 00:00:00-05:00,22.1,18.417065,3.6829353332519545
2024-06-14 01:00:00-05:00,19.45,15.60366,3.846340370178222
2024-06-14 02:00:00-05:00,17.5,14.608967,2.891033172607422
2024-06-14 03:00:00-05:00,16.76,14.608967,2.1510331726074234
2024-06-14 04:00:00-05:00,18.18,16.582952,1.5970475006103513
2024-06-14 05:00:00-05:00,20.77,19.840595,0.9294047546386714
2024-06-14 06:00:00-05:00,21.72,21.77043,-0.050429611206055824
2024-06-14 07:00:00-05:00,23.99,21.850712,2.139288177490233
2024-06-14 08:00:00-05:00,28.0,23.49246,4.507539749145508
2024-06-14 09:00:00-05:00,29.34,25.81085,3.5291498565673827
2024-06-14 10:00:00-05:00,30.64,25.903183,4.736817016601563
2024-06-14 11:00:00-05:00,34.08,28.374954,5.705045776367186
2024-06-14 12:00:00-05:00,35.58,30.86354,4.716459350585936
2024-06-14 13:00:00-05:00,39.17,34.912586,4.257413787841799
2024-06-14 14:00:00-05:00,41.37,39.485203,1.8847972106933568
2024-06-14 15:00:00-05:00,48.21,42.63495,5.575051269531251
2024-06-14 16:00:00-05:00,52.57,49.896137,2.673862762451172
2024-06-14 17:00:00-05:00,47.41,56.333023,-8.923023071289066
2024-06-14 18:00:00-05:00,43.53,50.866302,-7.336302490234374
2024-06-14 19:00:00-05:00,38.55,45.199356,-6.649356079101565
2024-06-14 20:00:00-05:00,34.55,43.13456,-8.584559631347659
2024-06-14 21:00:00-05:00,26.63,32.62189,-5.991891021728517
2024-06-14 22:00:00-05:00,20.6,24.831251,-4.231251144409178
2024-06-14 23:00:00-05:00,19.36,23.602777,-4.242777481079102
2024-06-15 00:00:00-05:00,18.81,20.273813,-1.4638132476806653
2024-06-15 01:00:00-05:00,17.07,18.903738,-1.8337380218505857
2024-06-15 02:00:00-05:00,16.48,18.324177,-1.8441767883300777
2024-06-15 03:00:00-05:00,15.56,17.664083,-2.1040834808349604
2024-06-15 04:00:00-05:00,15.68,17.688246,-2.00824577331543
2024-06-15 05:00:00-05:00,15.45,18.677498,-3.227497863769532
2024-06-15 06:00:00-05:00,15.51,19.020267,-3.510267486572266
2024-06-15 07:00:00-05:00,18.19,20.276106,-2.0861058807373034
2024-06-15 08:00:00-05:00,20.16,22.450191,-2.2901914978027342
2024-06-15 09:00:00-05:00,28.94,23.768177,5.171822967529298
2024-06-15 10:00:00-05:00,31.27,25.214218,6.055781860351562
2024-06-15 11:00:00-05:00,33.03,29.34806,3.681939392089845
2024-06-15 12:00:00-05:00,34.73,31.26447,3.4655308532714812
2024-06-15 13:00:00-05:00,36.61,33.41787,3.1921304321289057
2024-06-15 14:00:00-05:00,38.05,36.10093,1.949070739746091
2024-06-15 15:00:00-05:00,44.76,41.14252,3.6174790954589824
2024-06-15 16:00:00-05:00,46.93,42.401066,4.528934173583984
2024-06-15 17:00:00-05:00,45.35,41.61449,3.7355094909667983
2024-06-15 18:00:00-05:00,40.48,40.402767,0.0772328186035125
2024-06-15 19:00:00-05:00,35.62,35.210266,0.40973388671874744
2024-06-15 20:00:00-05:00,29.19,31.421883,-2.23188262939453
2024-06-15 21:00:00-05:00,22.86,24.742329,-1.8823286437988287
2024-06-15 22:00:00-05:00,18.95,20.826405,-1.8764045715332038
2024-06-15 23:00:00-05:00,16.23,19.744314,-3.5143141937255855
2024-06-16 00:00:00-05:00,14.04,19.214624,-5.174624404907227
2024-06-16 01:00:00-05:00,10.61,17.893755,-7.283754959106446
2024-06-16 02:00:00-05:00,9.01,17.962013,-8.952013244628906
2024-06-16 03:00:00-05:00,8.48,17.021559,-8.54155876159668
2024-06-16 04:00:00-05:00,8.35,16.593328,-8.243328475952149
2024-06-16 05:00:00-05:00,8.39,16.961466,-8.571465835571288
2024-06-16 06:00:00-05:00,7.68,17.134695,-9.454695053100586
2024-06-16 07:00:00-05:00,10.53,17.90441,-7.374409408569337
2024-06-16 08:00:00-05:00,14.25,19.117212,-4.867212295532227
2024-06-16 09:00:00-05:00,15.9,23.034914,-7.1349140167236325
2024-06-16 10:00:00-05:00,20.02,24.320314,-4.300314407348633
2024-06-16 11:00:00-05:00,23.72,25.826378,-2.106377868652345
2024-06-16 12:00:00-05:00,27.62,27.5812,0.038800354003907245
2024-06-16 13:00:00-05:00,30.64,29.042742,1.5972582244873053
2024-06-16 14:00:00-05:00,31.54,31.917227,-0.3772267913818368
2024-06-16 15:00:00-05:00,37.79,36.61552,1.1744795227050773
2024-06-16 16:00:00-05:00,41.72,39.899,1.821001739501952
2024-06-16 17:00:00-05:00,43.07,38.729534,4.340465850830078
2024-06-16 18:00:00-05:00,44.22,35.006195,9.213804931640624
2024-06-16 19:00:00-05:00,37.79,29.682175,8.107825317382812
2024-06-16 20:00:00-05:00,32.05,27.775005,4.274994659423825
2024-06-16 21:00:00-05:00,26.02,24.121307,1.8986926269531246
2024-06-16 22:00:00-05:00,23.6,20.947216,2.6527839660644545
2024-06-16 23:00:00-05:00,22.64,18.744291,3.8957086944580084
2024-06-17 00:00:00-05:00,19.59,16.130358,3.4596422576904295
2024-06-17 01:00:00-05:00,17.46,15.554662,1.9053382492065438
2024-06-17 02:00:00-05:00,16.84,13.580226,3.259774055480957
2024-06-17 03:00:00-05:00,16.04,13.280267,2.759733238220214
2024-06-17 04:00:00-05:00,17.15,14.216325,2.9336751937866197
2024-06-17 05:00:00-05:00,19.13,17.464548,1.665451889038085
2024-06-17 06:00:00-05:00,21.59,19.684917,1.905082550048828
2024-06-17 07:00:00-05:00,27.81,20.244154,7.565846023559569
2024-06-17 08:00:00-05:00,31.68,22.92265,8.757350616455078
2024-06-17 09:00:00-05:00,37.62,24.587973,13.032027359008787
2024-06-17 10:00:00-05:00,45.06,25.830404,19.22959571838379
2024-06-17 11:00:00-05:00,50.75,28.998116,21.75188446044922
2024-06-17 12:00:00-05:00,62.12,32.010796,30.10920440673828
2024-06-17 13:00:00-05:00,68.35,34.610344,33.739656066894526
2024-06-17 14:00:00-05:00,76.62,36.409042,40.21095764160157
2024-06-17 15:00:00-05:00,81.62,41.896763,39.723237152099614
2024-06-17 16:00:00-05:00,82.01,46.052036,35.957963714599614
2024-06-17 17:00:00-05:00,81.98,45.749397,36.23060272216797
2024-06-17 18:00:00-05:00,72.98,47.078625,25.901375274658207
2024-06-17 19:00:00-05:00,61.23,40.869003,20.36099670410156
2024-06-17 20:00:00-05:00,48.9,32.636417,16.263582611083983
2024-06-17 21:00:00-05:00,38.67,25.204727,13.46527282714844
2024-06-17 22:00:00-05:00,30.59,23.250273,7.339727249145508
2024-06-17 23:00:00-05:00,28.45,23.161568,5.288432312011718
2024-06-18 00:00:00-05:00,23.77,17.546629,6.223371047973632
2024-06-18 01:00:00-05:00,19.96,16.546223,3.4137773132324227
2024-06-18 02:00:00-05:00,18.84,16.80051,2.0394895935058592
2024-06-18 03:00:00-05:00,18.4,16.148605,2.251394653320311
2024-06-18 04:00:00-05:00,19.94,16.795395,3.144605102539064
2024-06-18 05:00:00-05:00,21.54,18.858965,2.681035079956054
2024-06-18 06:00:00-05:00,26.49,22.93186,3.558140029907225
2024-06-18 07:00:00-05:00,29.8,25.142557,4.657442855834962
2024-06-18 08:00:00-05:00,33.5,26.852146,6.647853851318359
2024-06-18 09:00:00-05:00,39.35,29.884388,9.465612030029298
2024-06-18 10:00:00-05:00,40.04,36.310013,3.7299871826171866
2024-06-18 11:00:00-05:00,46.15,40.421192,5.7288078308105455
2024-06-18 12:00:00-05:00,46.11,54.481625,-8.371624603271485
2024-06-18 13:00:00-05:00,49.89,65.271645,-15.381644592285156
2024-06-18 14:00:00-05:00,55.07,77.21942,-22.14942138671875
2024-06-18 15:00:00-05:00,62.44,86.135666,-23.69566589355469
2024-06-18 16:00:00-05:00,66.88,88.13719,-21.257191772460942
2024-06-18 17:00:00-05:00,64.22,89.23673,-25.016732482910157
2024-06-18 18:00:00-05:00,60.99,77.45347,-16.463468322753904
2024-06-18 19:00:00-05:00,53.42,50.832493,2.587507171630861
2024-06-18 20:00:00-05:00,46.82,39.946274,6.873726196289063
2024-06-18 21:00:00-05:00,41.25,33.245335,8.00466537475586
2024-06-18 22:00:00-05:00,33.13,27.436537,5.693463211059573
2024-06-18 23:00:00-05:00,26.73,25.736254,0.9937462615966801
2024-06-19 00:00:00-05:00,24.22,18.664562,5.555437774658202
2024-06-19 01:00:00-05:00,20.1,16.654106,3.4458938598632827
2024-06-19 02:00:00-05:00,19.54,16.3697,3.170300521850585
2024-06-19 03:00:00-05:00,19.04,16.373014,2.666985549926757
2024-06-19 04:00:00-05:00,19.86,16.893772,2.966227874755859
2024-06-19 05:00:00-05:00,23.05,19.418114,3.631886291503907
2024-06-19 06:00:00-05:00,26.94,22.215912,4.724088134765626
2024-06-19 07:00:00-05:00,27.84,22.976252,4.863748397827148
2024-06-19 08:00:00-05:00,30.64,25.685114,4.954886093139649
2024-06-19 09:00:00-05:00,37.7,30.64419,7.055810165405276
2024-06-19 10:00:00-05:00,41.01,34.310123,6.699876556396482
2024-06-19 11:00:00-05:00,47.75,39.059982,8.690017700195312
2024-06-19 12:00:00-05:00,55.28,40.11363,15.16637161254883
2024-06-19 13:00:00-05:00,58.57,43.12358,15.446419067382813
2024-06-19 14:00:00-05:00,66.53,49.205853,17.32414749145508
2024-06-19 15:00:00-05:00,74.72,59.884594,14.835406036376952
2024-06-19 16:00:00-05:00,80.65,65.11353,15.536466979980474
2024-06-19 17:00:00-05:00,74.71,66.8026,7.907402954101556
2024-06-19 18:00:00-05:00,68.47,60.267033,8.202967376708983
2024-06-19 19:00:00-05:00,54.86,51.942844,2.917155609130859
2024-06-19 20:00:00-05:00,53.39,45.172474,8.217526092529297
2024-06-19 21:00:00-05:00,43.49,36.816277,6.673723449707033
2024-06-19 22:00:00-05:00,31.65,30.248028,1.4019721984863267
2024-06-19 23:00:00-05:00,28.46,25.499277,2.960722885131837
2024-06-20 00:00:00-05:00,24.9,23.01621,1.8837894439697251
2024-06-20 01:00:00-05:00,21.42,20.80664,0.6133593750000017
2024-06-20 02:00:00-05:00,20.55,20.275434,0.274565505981446
2024-06-20 03:00:00-05:00,19.76,19.10713,0.6528699493408219
2024-06-20 04:00:00-05:00,21.39,19.539394,1.8506056213378912
2024-06-20 05:00:00-05:00,23.58,22.597271,0.9827290344238264
2024-06-20 06:00:00-05:00,25.69,26.127796,-0.43779617309570185
2024-06-20 07:00:00-05:00,27.5,27.187527,0.3124732971191406
2024-06-20 08:00:00-05:00,32.05,29.744719,2.305281448364255
2024-06-20 09:00:00-05:00,38.16,35.885136,2.274864349365231
2024-06-20 10:00:00-05:00,39.03,41.314228,-2.284228057861327
2024-06-20 11:00:00-05:00,46.92,45.479507,1.4404925537109392
2024-06-20 12:00:00-05:00,54.66,57.021465,-2.3614653015136753
2024-06-20 13:00:00-05:00,58.17,67.36802,-9.198019104003905
2024-06-20 14:00:00-05:00,62.13,80.81545,-18.68545257568359
2024-06-20 15:00:00-05:00,73.19,85.790726,-12.600725708007815
2024-06-20 16:00:00-05:00,77.37,87.17507,-9.80507171630859
2024-06-20 17:00:00-05:00,73.77,82.302986,-8.532986145019535
2024-06-20 18:00:00-05:00,67.17,75.84652,-8.676519470214842
2024-06-20 19:00:00-05:00,54.26,57.91744,-3.65743850708008
2024-06-20 20:00:00-05:00,52.31,52.52757,-0.2175688171386696
2024-06-20 21:00:00-05:00,41.24,42.93536,-1.6953599548339824
2024-06-20 22:00:00-05:00,32.62,30.551043,2.068957443237302
2024-06-20 23:00:00-05:00,29.73,28.317816,1.412184219360352
2024-06-21 00:00:00-05:00,27.68,22.716925,4.963075332641601
2024-06-21 01:00:00-05:00,24.41,21.0028,3.4072000122070314
2024-06-21 02:00:00-05:00,22.97,20.466259,2.503740997314452
2024-06-21 03:00:00-05:00,22.02,20.001118,2.0188822937011714
2024-06-21 04:00:00-05:00,23.95,21.02779,2.922209930419921
2024-06-21 05:00:00-05:00,26.45,23.489124,2.960875701904296
2024-06-21 06:00:00-05:00,28.1,24.939596,3.1604038238525405
2024-06-21 07:00:00-05:00,32.67,27.595951,5.074048919677736
2024-06-21 08:00:00-05:00,39.93,29.994726,9.935273818969726
2024-06-21 09:00:00-05:00,46.19,36.559364,9.630635681152341
2024-06-21 10:00:00-05:00,53.17,37.51369,15.656309051513674
2024-06-21 11:00:00-05:00,64.76,43.27572,21.48428131103516
2024-06-21 12:00:00-05:00,72.24,49.823006,22.416994323730464
2024-06-21 13:00:00-05:00,78.37,60.09177,18.278229827880864
2024-06-21 14:00:00-05:00,90.16,62.84111,27.31888977050781
2024-06-21 15:00:00-05:00,103.55,75.65738,27.892620849609372
2024-06-21 16:00:00-05:00,108.1,80.95643,27.143571472167963
2024-06-21 17:00:00-05:00,96.88,76.74279,20.137209777832027
2024-06-21 18:00:00-05:00,81.6,66.76804,14.831956481933588
2024-06-21 19:00:00-05:00,69.7,50.148804,19.551196289062503
2024-06-21 20:00:00-05:00,65.15,44.570126,20.57987442016602
2024-06-21 21:00:00-05:00,50.8,38.265068,12.534931945800778
2024-06-21 22:00:00-05:00,40.58,29.330797,11.249202804565428
2024-06-21 23:00:00-05:00,35.64,27.025915,8.614084854125977
2024-06-22 00:00:00-05:00,29.79,22.863304,6.926695861816405
2024-06-22 01:00:00-05:00,24.35,20.89408,3.455920791625978
2024-06-22 02:00:00-05:00,20.98,20.227053,0.7529473114013676
2024-06-22 03:00:00-05:00,19.6,19.255243,0.34475669860839986
2024-06-22 04:00:00-05:00,20.08,20.437998,-0.35799781799316577
2024-06-22 05:00:00-05:00,20.79,21.604492,-0.8144921875000009
2024-06-22 06:00:00-05:00,22.09,20.716736,1.3732641601562499
2024-06-22 07:00:00-05:00,25.28,23.856802,1.4231980133056652
2024-06-22 08:00:00-05:00,33.97,31.37722,2.592779846191405
2024-06-22 09:00:00-05:00,36.73,33.986904,2.7430958557128875
2024-06-22 10:00:00-05:00,39.08,37.21076,1.8692417907714827
2024-06-22 11:00:00-05:00,42.83,42.092808,0.7371922302246077
2024-06-22 12:00:00-05:00,44.55,42.524036,2.025963592529294
2024-06-22 13:00:00-05:00,45.08,42.215763,2.8642369079589827
2024-06-22 14:00:00-05:00,48.58,52.562218,-3.9822177124023455
2024-06-22 15:00:00-05:00,55.1,80.86304,-25.763037109375
2024-06-22 16:00:00-05:00,62.73,84.58777,-21.857768554687503
2024-06-22 17:00:00-05:00,59.71,67.47062,-7.760619201660155
2024-06-22 18:00:00-05:00,50.39,55.28324,-4.893241271972656
2024-06-22 19:00:00-05:00,44.88,42.411804,2.4681958007812526
2024-06-22 20:00:00-05:00,44.82,43.97289,0.8471110534667972
2024-06-22 21:00:00-05:00,39.05,39.49339,-0.4433891296386747
2024-06-22 22:00:00-05:00,33.46,34.397068,-0.9370680236816398
2024-06-22 23:00:00-05:00,28.51,31.29568,-2.785679092407225
2024-06-23 00:00:00-05:00,20.95,25.178799,-4.22879867553711
2024-06-23 01:00:00-05:00,18.38,21.540033,-3.1600333404541026
2024-06-23 02:00:00-05:00,18.04,19.535236,-1.495236358642579
2024-06-23 03:00:00-05:00,17.56,18.826614,-1.2666143798828138
2024-06-23 04:00:00-05:00,16.74,18.115099,-1.3750989532470719
2024-06-23 05:00:00-05:00,16.89,17.972904,-1.082904205322265
2024-06-23 06:00:00-05:00,16.44,19.76011,-3.320110855102538
2024-06-23 07:00:00-05:00,20.34,21.097595,-0.7575952148437501
2024-06-23 08:00:00-05:00,24.32,27.340513,-3.020513229370117
2024-06-23 09:00:00-05:00,24.72,30.345682,-5.62568214416504
2024-06-23 10:00:00-05:00,27.39,33.398678,-6.008677825927734
2024-06-23 11:00:00-05:00,30.64,35.832912,-5.192912445068359
2024-06-23 12:00:00-05:00,34.15,36.488777,-2.3387771606445327
2024-06-23 13:00:00-05:00,36.95,36.837456,0.11254425048828409
2024-06-23 14:00:00-05:00,40.05,37.95287,2.097130584716794
2024-06-23 15:00:00-05:00,44.0,46.219543,-2.21954345703125
2024-06-23 16:00:00-05:00,50.34,53.784317,-3.444317016601559
2024-06-23 17:00:00-05:00,54.02,52.3338,1.6861987304687531
2024-06-23 18:00:00-05:00,51.6,48.012363,3.587636566162111
2024-06-23 19:00:00-05:00,47.32,41.896725,5.423275299072266
2024-06-23 20:00:00-05:00,40.61,41.632988,-1.0229879760742193
2024-06-23 21:00:00-05:00,35.67,36.34064,-0.6706410217285139
2024-06-23 22:00:00-05:00,29.1,31.861383,-2.76138343811035
2024-06-23 23:00:00-05:00,28.22,26.49007,1.7299296569824207
2024-06-24 00:00:00-05:00,23.59,24.870844,-1.2808438873291017
2024-06-24 01:00:00-05:00,19.98,21.42929,-1.4492907714843746
2024-06-24 02:00:00-05:00,19.12,20.228634,-1.1086338806152334
2024-06-24 03:00:00-05:00,18.08,19.974728,-1.894727630615236
2024-06-24 04:00:00-05:00,20.91,20.222975,0.6870252227783205
2024-06-24 05:00:00-05:00,26.03,23.566362,2.463637619018556
2024-06-24 06:00:00-05:00,28.46,25.373476,3.086523971557618
2024-06-24 07:00:00-05:00,28.01,31.168467,-3.1584665679931625
2024-06-24 08:00:00-05:00,32.5,33.69466,-1.1946601867675781
2024-06-24 09:00:00-05:00,36.35,35.770126,0.5798736572265639
2024-06-24 10:00:00-05:00,37.53,41.385082,-3.8550822448730457
2024-06-24 11:00:00-05:00,46.81,44.450417,2.359583435058596
2024-06-24 12:00:00-05:00,44.6,46.249973,-1.6499732971191392
2024-06-24 13:00:00-05:00,49.01,47.94346,1.0665414428710918
2024-06-24 14:00:00-05:00,59.15,57.11695,2.0330490112304673
2024-06-24 15:00:00-05:00,66.25,64.67418,1.5758209228515625
2024-06-24 16:00:00-05:00,70.82,66.83895,3.9810488891601494
2024-06-24 17:00:00-05:00,65.92,67.54484,-1.6248379516601545
2024-06-24 18:00:00-05:00,57.27,64.702065,-7.432064514160153
2024-06-24 19:00:00-05:00,48.15,59.133057,-10.983056640625001
2024-06-24 20:00:00-05:00,43.01,49.773426,-6.763426055908205
2024-06-24 21:00:00-05:00,36.94,41.47063,-4.530630645751955
2024-06-24 22:00:00-05:00,29.25,34.66167,-5.411670684814453
2024-06-24 23:00:00-05:00,24.34,32.229355,-7.889354858398438
2024-06-25 00:00:00-05:00,19.47,25.80515,-6.335149078369142
2024-06-25 01:00:00-05:00,15.41,20.722723,-5.312723007202148
2024-06-25 02:00:00-05:00,14.38,20.249111,-5.869111175537109
2024-06-25 03:00:00-05:00,14.02,19.417809,-5.397808532714844
2024-06-25 04:00:00-05:00,14.5,20.663713,-6.163713455200195
2024-06-25 05:00:00-05:00,17.52,24.610273,-7.090273361206055
2024-06-25 06:00:00-05:00,20.55,27.46741,-6.917409133911132
2024-06-25 07:00:00-05:00,22.71,28.25333,-5.54333023071289
2024-06-25 08:00:00-05:00,25.46,34.013523,-8.55352310180664
2024-06-25 09:00:00-05:00,28.77,35.104576,-6.334576110839844
2024-06-25 10:00:00-05:00,31.4,36.983036,-5.583036041259767
2024-06-25 11:00:00-05:00,37.12,45.85667,-8.736670379638674
2024-06-25 12:00:00-05:00,39.85,44.752678,-4.902677917480467
2024-06-25 13:00:00-05:00,43.15,47.386524,-4.2365242004394545
2024-06-25 14:00:00-05:00,47.21,55.170544,-7.960543670654296
2024-06-25 15:00:00-05:00,52.69,66.62733,-13.937326965332034
2024-06-25 16:00:00-05:00,60.5,74.75974,-14.259742736816406
2024-06-25 17:00:00-05:00,58.92,70.27095,-11.35095031738281
2024-06-25 18:00:00-05:00,51.43,59.109344,-7.679344482421875
2024-06-25 19:00:00-05:00,47.63,51.3746,-3.744599456787107
2024-06-25 20:00:00-05:00,42.47,46.41042,-3.9404194641113293
2024-06-25 21:00:00-05:00,36.99,39.381416,-2.3914163208007793
2024-06-25 22:00:00-05:00,32.02,32.372253,-0.3522534179687469
2024-06-25 23:00:00-05:00,32.21,28.475588,3.734412155151368
2024-06-26 00:00:00-05:00,24.23,21.487335,2.7426647949218754
2024-06-26 01:00:00-05:00,21.39,19.869352,1.5206476593017584
2024-06-26 02:00:00-05:00,19.04,17.89792,1.1420793914794913
2024-06-26 03:00:00-05:00,19.05,17.89792,1.152079391479493
2024-06-26 04:00:00-05:00,19.11,17.967567,1.1424325561523432
2024-06-26 05:00:00-05:00,22.3,22.266123,0.03387718200683665
2024-06-26 06:00:00-05:00,25.26,25.376274,-0.11627410888671719
2024-06-26 07:00:00-05:00,28.77,27.07339,1.696610946655273
2024-06-26 08:00:00-05:00,31.77,27.993452,3.776547927856445
2024-06-26 09:00:00-05:00,34.04,32.992203,1.0477972412109366
2024-06-26 10:00:00-05:00,36.78,34.386414,2.393586425781251
2024-06-26 11:00:00-05:00,38.49,39.947002,-1.4570024108886699
2024-06-26 12:00:00-05:00,38.44,43.731762,-5.291761932373049
2024-06-26 13:00:00-05:00,41.48,47.313934,-5.833934326171878
2024-06-26 14:00:00-05:00,41.42,51.982723,-10.562723236083983
2024-06-26 15:00:00-05:00,42.24,54.86549,-12.625489959716795
2024-06-26 16:00:00-05:00,44.35,62.850323,-18.50032272338867
2024-06-26 17:00:00-05:00,42.01,61.563953,-19.553953399658205
2024-06-26 18:00:00-05:00,39.15,53.894913,-14.744912719726564
2024-06-26 19:00:00-05:00,36.58,49.959507,-13.379506988525392
2024-06-26 20:00:00-05:00,34.35,45.827156,-11.47715606689453
2024-06-26 21:00:00-05:00,29.8,39.00095,-9.20094985961914
2024-06-26 22:00:00-05:00,26.77,33.159527,-6.389526824951172
2024-06-26 23:00:00-05:00,24.98,32.579693,-7.5996928405761714
2024-06-27 00:00:00-05:00,22.01,24.90552,-2.8955194854736312
2024-06-27 01:00:00-05:00,20.24,21.615747,-1.3757474517822281
2024-06-27 02:00:00-05:00,19.44,20.126242,-0.6862416839599597
2024-06-27 03:00:00-05:00,18.34,20.034489,-1.6944886779785158
2024-06-27 04:00:00-05:00,20.05,20.500307,-0.4503070831298821
2024-06-27 05:00:00-05:00,21.91,24.72285,-2.8128507995605467
2024-06-27 06:00:00-05:00,22.02,27.509106,-5.489105682373047
2024-06-27 07:00:00-05:00,21.82,29.214682,-7.394681625366211
2024-06-27 08:00:00-05:00,22.5,32.673717,-10.173717498779297
2024-06-27 09:00:00-05:00,23.59,36.032078,-12.44207778930664
2024-06-27 10:00:00-05:00,25.65,36.684883,-11.034883117675783
2024-06-27 11:00:00-05:00,28.55,40.382965,-11.832965087890624
2024-06-27 12:00:00-05:00,29.28,41.982918,-12.70291778564453
2024-06-27 13:00:00-05:00,29.95,42.20096,-12.250958251953126
2024-06-27 14:00:00-05:00,29.78,42.60382,-12.823820800781249
2024-06-27 15:00:00-05:00,34.67,45.96879,-11.298788146972655
2024-06-27 16:00:00-05:00,36.36,48.057602,-11.697601928710938
2024-06-27 17:00:00-05:00,34.12,47.38176,-13.26175964355469
2024-06-27 18:00:00-05:00,30.25,40.35879,-10.10879135131836
2024-06-27 19:00:00-05:00,30.28,38.73219,-8.452189178466796
2024-06-27 20:00:00-05:00,29.74,37.515026,-7.775026092529298
2024-06-27 21:00:00-05:00,24.74,32.85536,-8.115358123779298
2024-06-27 22:00:00-05:00,22.22,28.104378,-5.884377746582032
2024-06-27 23:00:00-05:00,19.28,26.42136,-7.1413600158691395
2024-06-28 00:00:00-05:00,18.97,22.745651,-3.7756512451171886
2024-06-28 01:00:00-05:00,17.2,21.506292,-4.306292343139649
2024-06-28 02:00:00-05:00,15.21,19.884338,-4.674338378906249
2024-06-28 03:00:00-05:00,14.79,19.216757,-4.426756820678712
2024-06-28 04:00:00-05:00,16.1,21.046265,-4.946264648437499
2024-06-28 05:00:00-05:00,18.21,23.919298,-5.7092981719970695
2024-06-28 06:00:00-05:00,18.78,25.64035,-6.860350341796874
2024-06-28 07:00:00-05:00,19.07,26.729542,-7.659541778564453
2024-06-28 08:00:00-05:00,20.07,28.98189,-8.911889724731445
2024-06-28 09:00:00-05:00,22.44,29.237782,-6.797781524658202
2024-06-28 10:00:00-05:00,23.06,30.695889,-7.635888519287111
2024-06-28 11:00:00-05:00,25.91,33.694336,-7.7843359375
2024-06-28 12:00:00-05:00,27.68,33.6181,-5.938099212646485
2024-06-28 13:00:00-05:00,29.82,35.60235,-5.7823483276367185
2024-06-28 14:00:00-05:00,31.21,35.886837,-4.6768370056152335
2024-06-28 15:00:00-05:00,34.18,35.283802,-1.1038020324707034
2024-06-28 16:00:00-05:00,36.52,38.22329,-1.7032894897460906
2024-06-28 17:00:00-05:00,34.29,33.796238,0.4937620544433585
2024-06-28 18:00:00-05:00,32.35,31.95891,0.3910900115966811
2024-06-28 19:00:00-05:00,32.44,31.690292,0.7497076416015602
2024-06-28 20:00:00-05:00,29.87,31.001623,-1.1316231536865224
2024-06-28 21:00:00-05:00,27.76,28.73668,-0.9766790771484359
2024-06-28 22:00:00-05:00,23.88,27.472477,-3.5924769592285166
2024-06-28 23:00:00-05:00,22.1,26.668278,-4.568277740478514
2024-06-29 00:00:00-05:00,19.73,22.266552,-2.5365519714355464
2024-06-29 01:00:00-05:00,18.58,19.241386,-0.6613864135742205
2024-06-29 02:00:00-05:00,16.83,15.571156,1.2588444519042952
2024-06-29 03:00:00-05:00,14.54,15.526323,-0.9863233184814462
2024-06-29 04:00:00-05:00,14.72,16.6058,-1.8858006286621087
2024-06-29 05:00:00-05:00,15.0,17.317936,-2.3179359436035156
2024-06-29 06:00:00-05:00,14.75,17.806025,-3.0560245513916016
2024-06-29 07:00:00-05:00,17.84,21.1229,-3.2829000091552736
2024-06-29 08:00:00-05:00,20.39,22.47574,-2.0857404327392572
2024-06-29 09:00:00-05:00,22.35,24.45573,-2.1057304382324205
2024-06-29 10:00:00-05:00,24.58,25.253317,-0.6733168792724626
2024-06-29 11:00:00-05:00,28.34,26.728342,1.6116579437255858
2024-06-29 12:00:00-05:00,31.97,27.929956,4.040043563842772
2024-06-29 13:00:00-05:00,31.41,29.544481,1.8655187225341798
2024-06-29 14:00:00-05:00,34.28,29.492489,4.787511138916017
2024-06-29 15:00:00-05:00,37.79,31.88304,5.9069605255126945
2024-06-29 16:00:00-05:00,39.81,34.956085,4.853914794921877
2024-06-29 17:00:00-05:00,39.27,34.87851,4.391490478515628
2024-06-29 18:00:00-05:00,37.45,33.86421,3.585791778564456
2024-06-29 19:00:00-05:00,36.07,32.756416,3.313583679199219
2024-06-29 20:00:00-05:00,32.98,31.406647,1.5733532714843719
2024-06-29 21:00:00-05:00,29.12,28.76624,0.35376083374023537
2024-06-29 22:00:00-05:00,24.83,25.187925,-0.3579253387451189
2024-06-29 23:00:00-05:00,22.05,23.403912,-1.3539115905761712
2024-06-30 00:00:00-05:00,18.08,19.88238,-1.8023795318603533
2024-06-30 01:00:00-05:00,17.91,19.519138,-1.6091383361816405
2024-06-30 02:00:00-05:00,16.28,18.085487,-1.8054873657226551
2024-06-30 03:00:00-05:00,15.83,16.02166,-0.19165985107421868
2024-06-30 04:00:00-05:00,14.83,15.430737,-0.6007365417480468
2024-06-30 05:00:00-05:00,15.53,15.530109,-0.00010940551757876449
2024-06-30 06:00:00-05:00,15.54,15.358703,0.18129734039306555
2024-06-30 07:00:00-05:00,15.98,17.826883,-1.8468833160400386
2024-06-30 08:00:00-05:00,17.56,19.911936,-2.3519358062744153
2024-06-30 09:00:00-05:00,18.72,21.548328,-2.8283283996582043
2024-06-30 10:00:00-05:00,18.93,23.123724,-4.193723983764649
2024-06-30 11:00:00-05:00,20.82,26.402054,-5.582053833007812
2024-06-30 12:00:00-05:00,23.05,29.406723,-6.356723022460937
2024-06-30 13:00:00-05:00,23.73,29.614836,-5.884835739135742
2024-06-30 14:00:00-05:00,24.06,32.233162,-8.173161926269533
2024-06-30 15:00:00-05:00,24.78,37.00444,-12.224440307617186
2024-06-30 16:00:00-05:00,27.67,40.15288,-12.482881622314451
2024-06-30 17:00:00-05:00,29.23,38.53593,-9.305930633544921
2024-06-30 18:00:00-05:00,27.96,36.122456,-8.162455596923827
2024-06-30 19:00:00-05:00,27.08,35.52964,-8.449640197753908
2024-06-30 20:00:00-05:00,25.19,31.51385,-6.32384925842285
2024-06-30 21:00:00-05:00,22.45,28.598783,-6.148783493041993
2024-06-30 22:00:00-05:00,19.46,24.191847,-4.731846847534179
2024-06-30 23:00:00-05:00,17.41,22.861767,-5.451766815185547
2024-07-01 00:00:00-05:00,17.07,19.99889,-2.928889923095703
2024-07-01 01:00:00-05:00,14.81,19.078598,-4.268598022460937
2024-07-01 02:00:00-05:00,13.6,17.893745,-4.293745422363282
2024-07-01 03:00:00-05:00,13.25,17.893745,-4.643745422363281
2024-07-01 04:00:00-05:00,13.84,17.258497,-3.41849723815918
2024-07-01 05:00:00-05:00,16.44,22.380592,-5.940592346191405
2024-07-01 06:00:00-05:00,17.75,25.85649,-8.106489181518555
2024-07-01 07:00:00-05:00,17.19,25.12691,-7.936909255981444
2024-07-01 08:00:00-05:00,17.67,25.919895,-8.249895172119139
2024-07-01 09:00:00-05:00,19.95,27.704473,-7.754473495483399
2024-07-01 10:00:00-05:00,20.56,28.35301,-7.793010177612306
2024-07-01 11:00:00-05:00,25.74,30.126741,-4.386741409301759
2024-07-01 12:00:00-05:00,26.28,31.860989,-5.580988616943358
2024-07-01 13:00:00-05:00,27.4,33.24021,-5.840211486816408
2024-07-01 14:00:00-05:00,28.61,37.337914,-8.727913513183594
2024-07-01 15:00:00-05:00,31.07,38.78119,-7.71118896484375
2024-07-01 16:00:00-05:00,37.12,42.587418,-5.467417602539065
2024-07-01 17:00:00-05:00,32.92,41.47064,-8.550638275146483
2024-07-01 18:00:00-05:00,31.54,39.399685,-7.85968490600586
2024-07-01 19:00:00-05:00,27.17,35.710457,-8.54045684814453
2024-07-01 20:00:00-05:00,24.09,31.567423,-7.477422866821289
2024-07-01 21:00:00-05:00,20.33,29.992771,-9.662771148681642
2024-07-01 22:00:00-05:00,17.41,24.66821,-7.258209075927734
2024-07-01 23:00:00-05:00,15.78,22.40276,-6.622759552001954
2024-07-02 00:00:00-05:00,13.3,20.386581,-7.086581420898437
2024-07-02 01:00:00-05:00,9.44,19.352142,-9.912142333984375
2024-07-02 02:00:00-05:00,7.04,18.648207,-11.60820671081543
2024-07-02 03:00:00-05:00,6.51,17.966034,-11.456033935546875
2024-07-02 04:00:00-05:00,8.65,18.08985,-9.439849472045898
2024-07-02 05:00:00-05:00,12.66,21.154188,-8.49418815612793
2024-07-02 06:00:00-05:00,15.26,21.463598,-6.203598251342774
2024-07-02 07:00:00-05:00,15.55,22.057423,-6.507422637939452
2024-07-02 08:00:00-05:00,17.87,23.84942,-5.979420547485351
2024-07-02 09:00:00-05:00,21.52,25.930632,-4.410631637573243
2024-07-02 10:00:00-05:00,21.93,27.064934,-5.134933776855469
2024-07-02 11:00:00-05:00,25.41,31.204731,-5.794730987548828
2024-07-02 12:00:00-05:00,27.96,33.577724,-5.6177244567871085
2024-07-02 13:00:00-05:00,30.6,34.070633,-3.470632934570311
2024-07-02 14:00:00-05:00,31.47,34.808563,-3.338563232421876
2024-07-02 15:00:00-05:00,36.35,37.59862,-1.2486213684082017
2024-07-02 16:00:00-05:00,38.67,41.186634,-2.5166340637207014
2024-07-02 17:00:00-05:00,40.07,39.392654,0.6773455810546878
2024-07-02 18:00:00-05:00,37.47,36.355682,1.1143176269531239
2024-07-02 19:00:00-05:00,36.7,34.57347,2.1265289306640653
2024-07-02 20:00:00-05:00,32.8,32.109562,0.6904380798339815
2024-07-02 21:00:00-05:00,26.89,29.346996,-2.4569963073730463
2024-07-02 22:00:00-05:00,23.58,25.03339,-1.4533900451660173
2024-07-02 23:00:00-05:00,21.39,24.31753,-2.927529678344726
2024-07-03 00:00:00-05:00,17.98,20.598356,-2.6183562469482418
2024-07-03 01:00:00-05:00,15.65,15.374026,0.27597370147705114
2024-07-03 02:00:00-05:00,14.51,13.840001,0.6699988937377928
2024-07-03 03:00:00-05:00,14.21,13.840001,0.3699988937377938
2024-07-03 04:00:00-05:00,15.28,15.078006,0.20199420928955014
2024-07-03 05:00:00-05:00,17.44,17.476778,-0.036778030395506534
2024-07-03 06:00:00-05:00,19.8,23.05837,-3.2583705902099602
2024-07-03 07:00:00-05:00,22.05,24.510439,-2.460438919067382
2024-07-03 08:00:00-05:00,29.92,25.141071,4.778928680419924
2024-07-03 09:00:00-05:00,29.96,26.378317,3.58168312072754
2024-07-03 10:00:00-05:00,32.42,27.503777,4.916223449707033
2024-07-03 11:00:00-05:00,36.95,29.518604,7.43139572143555
2024-07-03 12:00:00-05:00,39.3,31.12215,8.177849578857419
2024-07-03 13:00:00-05:00,39.69,33.397396,6.292603912353513
2024-07-03 14:00:00-05:00,39.99,34.286575,5.7034246826171895
2024-07-03 15:00:00-05:00,42.82,38.75365,4.066349334716797
2024-07-03 16:00:00-05:00,51.36,43.85485,7.505149230957031
2024-07-03 17:00:00-05:00,58.34,44.016434,14.323566284179691
2024-07-03 18:00:00-05:00,54.93,39.486786,15.443214111328125
2024-07-03 19:00:00-05:00,49.97,39.07611,10.893889160156249
2024-07-03 20:00:00-05:00,43.14,34.62077,8.519230499267579
2024-07-03 21:00:00-05:00,38.14,28.143442,9.996557846069337
2024-07-03 22:00:00-05:00,31.03,25.38662,5.643380432128907
2024-07-03 23:00:00-05:00,26.5,24.153599,2.3464012145996094
2024-07-04 00:00:00-05:00,22.3,18.697096,3.602904129028321
2024-07-04 01:00:00-05:00,18.67,17.776884,0.8931159210205095
2024-07-04 02:00:00-05:00,17.79,15.711348,2.0786524200439445
2024-07-04 03:00:00-05:00,16.55,15.521183,1.028816986083985
2024-07-04 04:00:00-05:00,16.85,17.019466,-0.16946640014648295
2024-07-04 05:00:00-05:00,16.64,19.898327,-3.2583268737792963
2024-07-04 06:00:00-05:00,16.97,21.640614,-4.670613555908204
2024-07-04 07:00:00-05:00,21.0,22.72075,-1.7207508087158203
2024-07-04 08:00:00-05:00,23.79,26.4448,-2.6547994232177743
2024-07-04 09:00:00-05:00,25.6,27.055769,-1.4557689666748033
2024-07-04 10:00:00-05:00,27.72,28.592588,-0.8725884246826183
2024-07-04 11:00:00-05:00,31.74,34.116665,-2.376664886474611
2024-07-04 12:00:00-05:00,32.54,35.930447,-3.3904466247558602
2024-07-04 13:00:00-05:00,34.66,36.794716,-2.1347158813476597
2024-07-04 14:00:00-05:00,34.98,37.726192,-2.7461924743652375
2024-07-04 15:00:00-05:00,36.12,40.778606,-4.658606414794924
2024-07-04 16:00:00-05:00,39.39,44.191864,-4.801864013671874
2024-07-04 17:00:00-05:00,38.08,51.24629,-13.166288299560549
2024-07-04 18:00:00-05:00,38.27,46.36519,-8.09518859863281
2024-07-04 19:00:00-05:00,35.46,42.487648,-7.027648010253905
2024-07-04 20:00:00-05:00,31.75,39.467506,-7.717506408691406
2024-07-04 21:00:00-05:00,26.36,34.732258,-8.372257843017579
2024-07-04 22:00:00-05:00,23.17,27.541386,-4.371385650634764
2024-07-04 23:00:00-05:00,20.92,24.044878,-3.1248780059814436
2024-07-05 00:00:00-05:00,20.23,20.912262,-0.6822619628906246
2024-07-05 01:00:00-05:00,17.07,18.820648,-1.7506481933593747
2024-07-05 02:00:00-05:00,15.44,18.392445,-2.9524446105957036
2024-07-05 03:00:00-05:00,15.38,18.076706,-2.6967059326171867
2024-07-05 04:00:00-05:00,15.75,18.025627,-2.2756271362304688
2024-07-05 05:00:00-05:00,17.34,19.711527,-2.371526870727539
2024-07-05 06:00:00-05:00,17.01,20.654966,-3.6449663543701156
2024-07-05 07:00:00-05:00,20.57,22.423847,-1.8538471984863278
2024-07-05 08:00:00-05:00,22.29,23.978651,-1.6886510467529305
2024-07-05 09:00:00-05:00,24.16,25.016644,-0.8566435241699217
2024-07-05 10:00:00-05:00,23.54,26.756,-3.216000518798829
2024-07-05 11:00:00-05:00,24.15,29.930378,-5.7803779602050795
2024-07-05 12:00:00-05:00,24.53,30.847757,-6.317757339477538
2024-07-05 13:00:00-05:00,24.9,34.695667,-9.795667266845705
2024-07-05 14:00:00-05:00,24.27,34.387424,-10.117424468994141
2024-07-05 15:00:00-05:00,23.96,36.861492,-12.901492156982421
2024-07-05 16:00:00-05:00,24.45,39.634766,-15.184765625
2024-07-05 17:00:00-05:00,26.95,39.18217,-12.232170867919923
2024-07-05 18:00:00-05:00,28.18,37.038113,-8.85811264038086
2024-07-05 19:00:00-05:00,30.61,35.071194,-4.46119369506836
2024-07-05 20:00:00-05:00,32.28,31.569342,0.7106583404541027
2024-07-05 21:00:00-05:00,27.86,26.899433,0.9605668640136713
2024-07-05 22:00:00-05:00,24.23,24.443155,-0.21315528869628864
2024-07-05 23:00:00-05:00,22.73,22.031866,0.698133926391602
2024-07-06 00:00:00-05:00,21.15,19.928356,1.2216438293457017
2024-07-06 01:00:00-05:00,18.91,18.824438,0.0855619049072267
2024-07-06 02:00:00-05:00,16.59,17.899176,-1.3091756439208986
2024-07-06 03:00:00-05:00,16.05,17.913025,-1.8630249023437493
2024-07-06 04:00:00-05:00,16.44,17.869587,-1.4295869445800768
2024-07-06 05:00:00-05:00,16.11,18.412575,-2.302574768066407
2024-07-06 06:00:00-05:00,16.7,18.036646,-1.3366458892822273
2024-07-06 07:00:00-05:00,18.71,19.118128,-0.4081278228759757
2024-07-06 08:00:00-05:00,22.17,20.922588,1.2474116516113298
2024-07-06 09:00:00-05:00,24.18,22.08822,2.091779403686523
2024-07-06 10:00:00-05:00,25.36,25.340845,0.01915489196777287
2024-07-06 11:00:00-05:00,27.5,26.646526,0.8534736633300781
2024-07-06 12:00:00-05:00,28.68,27.366352,1.3136479187011716
2024-07-06 13:00:00-05:00,29.5,27.293875,2.206125259399414
2024-07-06 14:00:00-05:00,30.45,27.986992,2.4630081176757805
2024-07-06 15:00:00-05:00,32.0,29.320078,2.679922103881836
2024-07-06 16:00:00-05:00,36.87,31.95852,4.911479110717771
2024-07-06 17:00:00-05:00,37.58,32.674793,4.905206756591795
2024-07-06 18:00:00-05:00,34.49,32.70024,1.7897589111328145
2024-07-06 19:00:00-05:00,33.05,33.58706,-0.5370590209960966
2024-07-06 20:00:00-05:00,30.34,33.01607,-2.6760713195800783
2024-07-06 21:00:00-05:00,26.5,28.984035,-2.4840354919433594
2024-07-06 22:00:00-05:00,23.42,26.383333,-2.963333206176756
2024-07-06 23:00:00-05:00,21.83,23.83393,-2.00392906188965
2024-07-07 00:00:00-05:00,18.19,21.802097,-3.6120973205566393
2024-07-07 01:00:00-05:00,16.97,20.866674,-3.8966744232177746
2024-07-07 02:00:00-05:00,15.34,20.304903,-4.964903030395508
2024-07-07 03:00:00-05:00,15.41,19.303556,-3.893556442260742
2024-07-07 04:00:00-05:00,14.88,19.493916,-4.613915557861327
2024-07-07 05:00:00-05:00,14.37,18.91625,-4.546250228881837
2024-07-07 06:00:00-05:00,14.93,19.055956,-4.125955886840821
2024-07-07 07:00:00-05:00,16.62,19.757236,-3.1372364807128896
2024-07-07 08:00:00-05:00,19.93,21.12056,-1.1905596923828128
2024-07-07 09:00:00-05:00,22.5,22.870613,-0.37061309814453125
2024-07-07 10:00:00-05:00,24.61,23.616184,0.9938157653808588
2024-07-07 11:00:00-05:00,28.32,26.25966,2.060339279174805
2024-07-07 12:00:00-05:00,30.44,27.012491,3.427508773803712
2024-07-07 13:00:00-05:00,32.73,28.494865,4.235134582519528
2024-07-07 14:00:00-05:00,34.7,29.972826,4.7271739959716825
2024-07-07 15:00:00-05:00,38.28,32.544548,5.735451965332032
2024-07-07 16:00:00-05:00,43.75,36.775616,6.974384307861328
2024-07-07 17:00:00-05:00,49.43,36.215107,13.214893035888672
2024-07-07 18:00:00-05:00,47.5,32.23507,15.264930725097656
2024-07-07 19:00:00-05:00,42.29,29.971188,12.318812408447265
2024-07-07 20:00:00-05:00,39.7,28.007816,11.692183685302737
2024-07-07 21:00:00-05:00,35.57,24.848202,10.721798248291016
2024-07-07 22:00:00-05:00,29.69,22.427404,7.262595596313478
2024-07-07 23:00:00-05:00,25.18,21.618877,3.561122589111328
2024-07-08 00:00:00-05:00,21.34,19.855947,1.484052505493164
2024-07-08 01:00:00-05:00,19.74,19.205614,0.5343859100341781
2024-07-08 02:00:00-05:00,17.92,19.233894,-1.3138943481445295
2024-07-08 03:00:00-05:00,18.35,18.82951,-0.47950973510742045
2024-07-08 04:00:00-05:00,19.48,18.633465,0.8465351867675786
2024-07-08 05:00:00-05:00,22.48,20.02586,2.4541401672363286
2024-07-08 06:00:00-05:00,24.34,21.258965,3.081035461425781
2024-07-08 07:00:00-05:00,26.91,23.218151,3.6918489074707033
2024-07-08 08:00:00-05:00,31.17,23.626913,7.543086929321291
2024-07-08 09:00:00-05:00,37.57,25.101868,12.46813232421875
2024-07-08 10:00:00-05:00,40.11,25.973356,14.136643753051757
2024-07-08 11:00:00-05:00,46.38,31.927826,14.452174072265628
2024-07-08 12:00:00-05:00,51.64,33.681595,17.958405151367188
2024-07-08 13:00:00-05:00,51.87,35.767303,16.102696533203122
2024-07-08 14:00:00-05:00,55.31,38.937897,16.372103271484377
2024-07-08 15:00:00-05:00,59.0,43.497986,15.50201416015625
2024-07-08 16:00:00-05:00,67.96,44.840504,23.11949630737304
2024-07-08 17:00:00-05:00,71.1,47.589516,23.510484313964838
2024-07-08 18:00:00-05:00,67.3,46.868893,20.431107330322263
2024-07-08 19:00:00-05:00,59.86,44.201935,15.658065185546874
2024-07-08 20:00:00-05:00,56.01,40.399868,15.610131988525389
2024-07-08 21:00:00-05:00,51.39,36.06714,15.322861328125
2024-07-08 22:00:00-05:00,40.28,30.646639,9.633361129760743
2024-07-08 23:00:00-05:00,30.86,24.463043,6.396956787109374
2024-07-09 00:00:00-05:00,25.48,21.422768,4.057232360839844
2024-07-09 01:00:00-05:00,21.48,20.67244,0.8075604248046879
2024-07-09 02:00:00-05:00,20.56,20.238539,0.32146125793456903
2024-07-09 03:00:00-05:00,20.69,20.367117,0.32288307189941534
2024-07-09 04:00:00-05:00,22.57,20.549698,2.020302124023438
2024-07-09 05:00:00-05:00,25.36,22.687387,2.6726125335693354
2024-07-09 06:00:00-05:00,26.01,22.799095,3.210904846191408
2024-07-09 07:00:00-05:00,29.12,25.34889,3.7711096954345713
2024-07-09 08:00:00-05:00,36.29,28.3464,7.943600692749023
2024-07-09 09:00:00-05:00,39.28,33.270203,6.009797363281251
2024-07-09 10:00:00-05:00,41.52,36.946274,4.573726196289066
2024-07-09 11:00:00-05:00,47.17,41.519764,5.650236053466799
2024-07-09 12:00:00-05:00,49.83,44.158928,5.6710720825195295
2024-07-09 13:00:00-05:00,51.17,44.80585,6.364149017333986
2024-07-09 14:00:00-05:00,52.1,48.537033,3.562966918945314
2024-07-09 15:00:00-05:00,52.07,58.220497,-6.150497131347656
2024-07-09 16:00:00-05:00,58.63,73.28239,-14.652386779785154
2024-07-09 17:00:00-05:00,57.52,76.010826,-18.49082611083984
2024-07-09 18:00:00-05:00,54.89,70.54696,-15.656958923339843
2024-07-09 19:00:00-05:00,49.09,59.403736,-10.31373611450195
2024-07-09 20:00:00-05:00,45.23,50.230145,-5.000144500732425
2024-07-09 21:00:00-05:00,38.97,45.496765,-6.526765136718751
2024-07-09 22:00:00-05:00,32.82,37.79183,-4.971828155517578
2024-07-09 23:00:00-05:00,26.6,28.095675,-1.4956745147705064
2024-07-10 00:00:00-05:00,24.67,22.821453,1.8485469055175798
2024-07-10 01:00:00-05:00,21.55,19.87831,1.671690750122071
2024-07-10 02:00:00-05:00,20.59,19.296759,1.2932413482666014
2024-07-10 03:00:00-05:00,19.87,19.246521,0.623479003906251
2024-07-10 04:00:00-05:00,20.23,20.259922,-0.0299220275878902
2024-07-10 05:00:00-05:00,22.4,21.227156,1.172844314575194
2024-07-10 06:00:00-05:00,23.36,22.51363,0.8463700866699213
2024-07-10 07:00:00-05:00,24.98,24.674858,0.3051419067382817
2024-07-10 08:00:00-05:00,29.39,32.88227,-3.4922708129882807
2024-07-10 09:00:00-05:00,33.55,35.067455,-1.5174552917480497
2024-07-10 10:00:00-05:00,34.89,36.106045,-1.2160447692871088
2024-07-10 11:00:00-05:00,40.34,42.530365,-2.1903649902343716
2024-07-10 12:00:00-05:00,41.4,44.47002,-3.0700202941894545
2024-07-10 13:00:00-05:00,46.49,46.22083,0.26917098999023636
2024-07-10 14:00:00-05:00,43.35,47.782578,-4.432577514648436
2024-07-10 15:00:00-05:00,50.94,50.679256,0.26074356079101335
2024-07-10 16:00:00-05:00,61.0,61.92197,-0.9219703674316406
2024-07-10 17:00:00-05:00,61.07,59.458416,1.6115840148925784
2024-07-10 18:00:00-05:00,57.03,53.509007,3.5209934997558605
2024-07-10 19:00:00-05:00,50.37,48.802418,1.5675822448730443
2024-07-10 20:00:00-05:00,42.25,46.610428,-4.3604278564453125
2024-07-10 21:00:00-05:00,36.06,38.776165,-2.7161650085449196
2024-07-10 22:00:00-05:00,31.49,30.887901,0.6020986938476547
2024-07-10 23:00:00-05:00,25.33,26.125753,-0.7957534027099626
2024-07-11 00:00:00-05:00,23.63,22.363672,1.2663277435302724
2024-07-11 01:00:00-05:00,19.83,20.359423,-0.529422683715822
2024-07-11 02:00:00-05:00,19.18,19.710669,-0.5306685638427737
2024-07-11 03:00:00-05:00,19.35,19.481775,-0.13177528381347514
2024-07-11 04:00:00-05:00,20.81,19.720915,1.0890851593017565
2024-07-11 05:00:00-05:00,23.2,21.726599,1.4734012603759759
2024-07-11 06:00:00-05:00,23.36,23.407957,-0.047957077026367756
2024-07-11 07:00:00-05:00,24.73,24.208733,0.5212673950195317
2024-07-11 08:00:00-05:00,28.06,28.023819,0.03618103027343622
2024-07-11 09:00:00-05:00,30.47,31.878645,-1.4086449432373058
2024-07-11 10:00:00-05:00,30.37,33.056,-2.685999755859374
2024-07-11 11:00:00-05:00,34.35,38.707493,-4.357492828369139
2024-07-11 12:00:00-05:00,36.57,39.14944,-2.579440765380859
2024-07-11 13:00:00-05:00,37.5,41.675396,-4.175395965576172
2024-07-11 14:00:00-05:00,39.48,41.888336,-2.408336181640628
2024-07-11 15:00:00-05:00,43.91,45.69071,-1.780708160400394
2024-07-11 16:00:00-05:00,47.91,65.31511,-17.40510925292969
2024-07-11 17:00:00-05:00,48.38,64.198586,-15.818585510253904
2024-07-11 18:00:00-05:00,45.83,58.837612,-13.007612152099611
2024-07-11 19:00:00-05:00,37.35,44.750916,-7.400915527343749
2024-07-11 20:00:00-05:00,35.57,39.646233,-4.0762326049804685
2024-07-11 21:00:00-05:00,34.46,33.842064,0.6179360961914071
2024-07-11 22:00:00-05:00,28.89,30.512848,-1.6228479003906244
2024-07-11 23:00:00-05:00,26.01,26.055334,-0.045334091186521874
2024-07-12 00:00:00-05:00,22.39,23.521364,-1.1313642120361322
2024-07-12 01:00:00-05:00,18.86,20.214592,-1.3545919799804693
2024-07-12 02:00:00-05:00,17.1,19.867851,-2.7678512573242173
2024-07-12 03:00:00-05:00,17.14,20.007538,-2.8675378417968744
2024-07-12 04:00:00-05:00,19.58,20.51013,-0.9301299285888689
2024-07-12 05:00:00-05:00,22.41,23.962143,-1.5521429443359374
2024-07-12 06:00:00-05:00,22.3,24.52905,-2.2290508270263665
2024-07-12 07:00:00-05:00,25.72,26.013977,-0.29397705078125114
2024-07-12 08:00:00-05:00,31.07,29.848576,1.2214244079589847
2024-07-12 09:00:00-05:00,34.6,31.945131,2.6548686981201186
2024-07-12 10:00:00-05:00,38.09,32.934666,5.155334320068363
2024-07-12 11:00:00-05:00,43.23,35.249626,7.980373840332028
2024-07-12 12:00:00-05:00,47.0,36.73351,10.266490936279297
2024-07-12 13:00:00-05:00,49.0,38.810524,10.189476013183594
2024-07-12 14:00:00-05:00,50.0,42.410713,7.589286804199219
2024-07-12 15:00:00-05:00,58.94,47.66593,11.274068298339841
2024-07-12 16:00:00-05:00,68.6,49.90591,18.694089508056635
2024-07-12 17:00:00-05:00,65.02,51.14586,13.874141235351559
2024-07-12 18:00:00-05:00,58.17,50.53665,7.633348388671877
2024-07-12 19:00:00-05:00,49.94,39.96895,9.971051635742185
2024-07-12 20:00:00-05:00,46.71,38.13832,8.571679077148438
2024-07-12 21:00:00-05:00,36.83,33.60245,3.2275486755371077
2024-07-12 22:00:00-05:00,29.9,27.659624,2.2403759002685533
2024-07-12 23:00:00-05:00,24.36,25.046305,-0.6863047027587896
2024-07-13 00:00:00-05:00,20.74,21.800383,-1.0603826141357438
2024-07-13 01:00:00-05:00,17.55,19.69667,-2.146670532226562
2024-07-13 02:00:00-05:00,16.41,18.897179,-2.4871786499023436
2024-07-13 03:00:00-05:00,15.85,18.87978,-3.0297798156738285
2024-07-13 04:00:00-05:00,16.21,19.0926,-2.882599868774413
2024-07-13 05:00:00-05:00,16.32,20.222326,-3.902326278686523
2024-07-13 06:00:00-05:00,17.46,19.61645,-2.1564493560791007
2024-07-13 07:00:00-05:00,20.08,21.16838,-1.0883807373046892
2024-07-13 08:00:00-05:00,25.89,25.799017,0.09098304748535213
2024-07-13 09:00:00-05:00,32.4,29.711998,2.688002014160155
2024-07-13 10:00:00-05:00,35.2,33.223305,1.9766952514648466
2024-07-13 11:00:00-05:00,41.18,37.790634,3.389365844726562
2024-07-13 12:00:00-05:00,46.84,39.023174,7.8168257141113315
2024-07-13 13:00:00-05:00,48.36,38.337395,10.02260528564453
2024-07-13 14:00:00-05:00,54.27,38.872772,15.397227783203128
2024-07-13 15:00:00-05:00,58.8,47.177597,11.62240295410156
2024-07-13 16:00:00-05:00,69.9,50.6946,19.205400848388678
2024-07-13 17:00:00-05:00,67.58,54.705452,12.874548034667967
2024-07-13 18:00:00-05:00,58.91,48.050713,10.859287414550778
2024-07-13 19:00:00-05:00,52.93,40.56789,12.362109832763672
2024-07-13 20:00:00-05:00,48.01,39.37571,8.634290466308592
2024-07-13 21:00:00-05:00,37.55,31.899391,5.650608825683591
2024-07-13 22:00:00-05:00,30.22,26.728174,3.4918257904052723
2024-07-13 23:00:00-05:00,23.57,22.4734,1.0965998840332034
2024-07-14 00:00:00-05:00,20.81,20.248363,0.5616365051269518
2024-07-14 01:00:00-05:00,17.22,19.072151,-1.8521511840820324
2024-07-14 02:00:00-05:00,16.81,18.41284,-1.6028398895263685
2024-07-14 03:00:00-05:00,15.96,18.245668,-2.285668411254882
2024-07-14 04:00:00-05:00,16.2,17.456276,-1.256275939941407
2024-07-14 05:00:00-05:00,16.16,17.24989,-1.0898893737792967
2024-07-14 06:00:00-05:00,16.08,17.70582,-1.6258200836181658
2024-07-14 07:00:00-05:00,19.67,18.842142,0.8278578948974626
2024-07-14 08:00:00-05:00,25.03,22.355581,2.674418716430665
2024-07-14 09:00:00-05:00,28.27,26.332869,1.9371314239501949
2024-07-14 10:00:00-05:00,32.49,29.767208,2.7227919006347676
2024-07-14 11:00:00-05:00,40.43,36.323914,4.10608642578125
2024-07-14 12:00:00-05:00,46.53,40.40037,6.129628448486329
2024-07-14 13:00:00-05:00,48.21,39.711094,8.49890609741211
2024-07-14 14:00:00-05:00,51.83,44.657177,7.172823028564451
2024-07-14 15:00:00-05:00,60.38,53.262306,7.117693786621096
2024-07-14 16:00:00-05:00,79.56,66.70747,12.85252624511719
2024-07-14 17:00:00-05:00,75.29,67.339584,7.950415649414069
2024-07-14 18:00:00-05:00,71.86,56.899242,14.960757598876953
2024-07-14 19:00:00-05:00,62.11,50.051437,12.058562622070312
2024-07-14 20:00:00-05:00,53.41,46.55601,6.853988800048825
2024-07-14 21:00:00-05:00,47.19,35.83511,11.354890289306638
2024-07-14 22:00:00-05:00,39.12,28.11295,11.007050628662107
2024-07-14 23:00:00-05:00,29.03,24.591677,4.438323287963868
2024-07-15 00:00:00-05:00,25.15,19.627079,5.522920989990233
2024-07-15 01:00:00-05:00,20.71,18.402424,2.3075761413574227
2024-07-15 02:00:00-05:00,19.81,18.12641,1.6835904693603503
2024-07-15 03:00:00-05:00,18.06,17.909586,0.15041404724120966
2024-07-15 04:00:00-05:00,20.03,19.11577,0.9142296600341808
2024-07-15 05:00:00-05:00,23.09,22.31822,0.7717798614501952
2024-07-15 06:00:00-05:00,25.03,25.417025,-0.3870246124267567
2024-07-15 07:00:00-05:00,29.0,28.251593,0.7484073638916016
2024-07-15 08:00:00-05:00,35.0,33.94857,1.0514297485351562
2024-07-15 09:00:00-05:00,43.18,39.51533,3.664668731689453
2024-07-15 10:00:00-05:00,59.88,41.52406,18.355940704345706
2024-07-15 11:00:00-05:00,79.37,49.07239,30.29760848999024
2024-07-15 12:00:00-05:00,96.28,57.924614,38.35538604736328
2024-07-15 13:00:00-05:00,97.26,58.148323,39.111676940917974
2024-07-15 14:00:00-05:00,110.58,62.449654,48.13034637451172
2024-07-15 15:00:00-05:00,138.36,76.31411,62.04589019775392
2024-07-15 16:00:00-05:00,164.02,104.46691,59.55308868408204
2024-07-15 17:00:00-05:00,158.72,105.22021,53.49979278564453
2024-07-15 18:00:00-05:00,124.87,92.98117,31.88882934570313
2024-07-15 19:00:00-05:00,98.38,76.89495,21.485049133300777
2024-07-15 20:00:00-05:00,72.51,62.17967,10.330331573486333
2024-07-15 21:00:00-05:00,56.53,52.305492,4.224507598876954
2024-07-15 22:00:00-05:00,38.68,42.03146,-3.3514598083496097
2024-07-15 23:00:00-05:00,30.49,31.069216,-0.5792157745361344
2024-07-16 00:00:00-05:00,25.09,24.424576,0.6654241943359374
2024-07-16 01:00:00-05:00,22.76,20.984612,1.7753884887695328
2024-07-16 02:00:00-05:00,20.84,19.99227,0.8477304840087889
2024-07-16 03:00:00-05:00,20.57,19.755653,0.814346618652344
2024-07-16 04:00:00-05:00,22.72,20.751286,1.9687144470214832
2024-07-16 05:00:00-05:00,24.97,25.13336,-0.16335990905761832
2024-07-16 06:00:00-05:00,26.08,27.025965,-0.9459647369384783
2024-07-16 07:00:00-05:00,27.7,30.309078,-2.609078216552735
2024-07-16 08:00:00-05:00,32.33,36.651264,-4.32126419067383
2024-07-16 09:00:00-05:00,35.54,44.937878,-9.397877655029298
2024-07-16 10:00:00-05:00,40.39,59.84458,-19.454581604003906
2024-07-16 11:00:00-05:00,44.07,85.07269,-41.00269287109375
2024-07-16 12:00:00-05:00,50.29,94.988556,-44.698555908203126
2024-07-16 13:00:00-05:00,52.77,94.65574,-41.8857388305664
2024-07-16 14:00:00-05:00,55.4,128.07202,-72.672021484375
2024-07-16 15:00:00-05:00,59.92,135.13467,-75.21467407226562
2024-07-16 16:00:00-05:00,81.49,150.9189,-69.42889953613282
2024-07-16 17:00:00-05:00,67.6,126.51689,-58.91689147949219
2024-07-16 18:00:00-05:00,55.95,120.15445,-64.20444946289062
2024-07-16 19:00:00-05:00,48.47,95.80122,-47.331223754882814
2024-07-16 20:00:00-05:00,46.85,71.27246,-24.4224609375
2024-07-16 21:00:00-05:00,36.09,54.258545,-18.168544921874997
2024-07-16 22:00:00-05:00,32.66,37.45808,-4.79808029174805
2024-07-16 23:00:00-05:00,27.75,29.333706,-1.5837059020996094
2024-07-17 00:00:00-05:00,22.28,24.762182,-2.4821822357177723
2024-07-17 01:00:00-05:00,20.24,26.072283,-5.832282791137697
2024-07-17 02:00:00-05:00,17.48,21.193615,-3.7136149597167964
2024-07-17 03:00:00-05:00,17.75,20.80889,-3.058889389038086
2024-07-17 04:00:00-05:00,18.59,22.974174,-4.384174499511719
2024-07-17 05:00:00-05:00,19.2,24.001448,-4.801447677612305
2024-07-17 06:00:00-05:00,22.45,26.338764,-3.888764190673829
2024-07-17 07:00:00-05:00,23.17,28.033533,-4.863533096313475
2024-07-17 08:00:00-05:00,29.23,31.049097,-1.8190970611572261
2024-07-17 09:00:00-05:00,28.76,36.59879,-7.838789215087889
2024-07-17 10:00:00-05:00,29.47,40.400387,-10.930386810302736
2024-07-17 11:00:00-05:00,33.12,46.52216,-13.402159576416018
2024-07-17 12:00:00-05:00,36.2,50.779552,-14.579552459716794
2024-07-17 13:00:00-05:00,36.75,52.68591,-15.935909271240234
2024-07-17 14:00:00-05:00,36.14,54.915314,-18.775313720703124
2024-07-17 15:00:00-05:00,38.58,61.209255,-22.62925521850586
2024-07-17 16:00:00-05:00,41.55,80.014595,-38.464595031738284
2024-07-17 17:00:00-05:00,39.44,70.61574,-31.175737915039065
2024-07-17 18:00:00-05:00,39.01,57.591026,-18.581026306152346
2024-07-17 19:00:00-05:00,38.72,50.95213,-12.232129364013673
2024-07-17 20:00:00-05:00,36.02,49.012535,-12.99253509521484
2024-07-17 21:00:00-05:00,29.19,40.045536,-10.855536041259764
2024-07-17 22:00:00-05:00,27.4,33.901237,-6.50123748779297
2024-07-17 23:00:00-05:00,24.51,27.071291,-2.5612909698486312
2024-07-18 00:00:00-05:00,23.34,21.67947,1.6605299377441405
2024-07-18 01:00:00-05:00,20.68,19.011354,1.668645553588867
2024-07-18 02:00:00-05:00,19.14,17.933702,1.2062975311279303
2024-07-18 03:00:00-05:00,19.55,18.507769,1.0422313690185554
2024-07-18 04:00:00-05:00,19.83,18.87347,0.9565296936035139
2024-07-18 05:00:00-05:00,22.44,21.39332,1.0466799163818372
2024-07-18 06:00:00-05:00,21.99,24.91865,-2.9286496734619156
2024-07-18 07:00:00-05:00,22.3,27.701035,-5.401034545898437
2024-07-18 08:00:00-05:00,24.08,30.726519,-6.646518630981447
2024-07-18 09:00:00-05:00,25.24,31.45435,-6.214349517822267
2024-07-18 10:00:00-05:00,26.64,33.495556,-6.855555877685546
2024-07-18 11:00:00-05:00,30.01,36.743366,-6.733366241455077
2024-07-18 12:00:00-05:00,32.46,37.57439,-5.114390411376952
2024-07-18 13:00:00-05:00,35.06,38.20423,-3.144231262207029
2024-07-18 14:00:00-05:00,36.52,38.237793,-1.7177929687499969
2024-07-18 15:00:00-05:00,39.32,42.397484,-3.0774838256835935
2024-07-18 16:00:00-05:00,45.07,44.971695,0.09830505371093778
2024-07-18 17:00:00-05:00,43.38,42.261147,1.1188534545898463
2024-07-18 18:00:00-05:00,44.59,41.202393,3.3876074218750034
2024-07-18 19:00:00-05:00,36.65,39.95043,-3.30043182373047
2024-07-18 20:00:00-05:00,34.22,37.7854,-3.565400390625001
2024-07-18 21:00:00-05:00,27.73,31.685293,-3.9552931976318355
2024-07-18 22:00:00-05:00,24.28,30.00267,-5.722670288085936
2024-07-18 23:00:00-05:00,21.82,27.327866,-5.507865600585937
2024-07-19 00:00:00-05:00,17.89,23.554146,-5.664145812988281
2024-07-19 01:00:00-05:00,14.81,20.335531,-5.52553123474121
2024-07-19 02:00:00-05:00,14.98,18.969574,-3.9895739746093746
2024-07-19 03:00:00-05:00,14.87,19.03261,-4.162609939575196
2024-07-19 04:00:00-05:00,14.82,19.700457,-4.880456619262695
2024-07-19 05:00:00-05:00,18.0,23.864262,-5.864261627197266
2024-07-19 06:00:00-05:00,19.16,24.381275,-5.221275177001953
2024-07-19 07:00:00-05:00,19.99,26.443743,-6.453742752075197
2024-07-19 08:00:00-05:00,22.41,29.886528,-7.476528015136719
2024-07-19 09:00:00-05:00,23.43,29.92614,-6.496139831542969
2024-07-19 10:00:00-05:00,24.59,31.743923,-7.1539231872558595
2024-07-19 11:00:00-05:00,28.11,33.716198,-5.606197967529297
2024-07-19 12:00:00-05:00,30.66,34.672398,-4.0123976135253905
2024-07-19 13:00:00-05:00,31.88,36.068687,-4.188687438964845
2024-07-19 14:00:00-05:00,35.87,36.62806,-0.7580593872070338
2024-07-19 15:00:00-05:00,40.28,40.048027,0.2319729614257824
2024-07-19 16:00:00-05:00,46.47,45.17844,1.2915599060058582
2024-07-19 17:00:00-05:00,38.6,42.85829,-4.258291625976561
2024-07-19 18:00:00-05:00,38.71,44.10033,-5.390330352783202
2024-07-19 19:00:00-05:00,33.79,36.4023,-2.612301788330079
2024-07-19 20:00:00-05:00,32.61,34.055393,-1.4453932189941412
2024-07-19 21:00:00-05:00,26.09,29.733711,-3.6437112426757814
2024-07-19 22:00:00-05:00,23.18,27.435665,-4.255665130615235
2024-07-19 23:00:00-05:00,19.58,24.00452,-4.424520416259767
2024-07-20 00:00:00-05:00,17.4,18.911482,-1.511481857299806
2024-07-20 01:00:00-05:00,15.55,16.548986,-0.9989864349365227
2024-07-20 02:00:00-05:00,14.68,16.802597,-2.122597045898438
2024-07-20 03:00:00-05:00,14.96,16.757765,-1.7977648162841788
2024-07-20 04:00:00-05:00,14.73,15.931276,-1.2012763214111324
2024-07-20 05:00:00-05:00,15.7,17.906223,-2.2062232971191413
2024-07-20 06:00:00-05:00,16.16,17.526825,-1.3668249511718749
2024-07-20 07:00:00-05:00,17.73,17.83084,-0.10083915710449176
2024-07-20 08:00:00-05:00,20.5,22.714256,-2.2142562866210938
2024-07-20 09:00:00-05:00,22.51,24.086826,-1.576826324462889
2024-07-20 10:00:00-05:00,24.52,25.035067,-0.5150666046142582
2024-07-20 11:00:00-05:00,26.72,27.413965,-0.6939652252197277
2024-07-20 12:00:00-05:00,26.46,27.769234,-1.3092337036132804
2024-07-20 13:00:00-05:00,29.67,27.982038,1.687961502075197
2024-07-20 14:00:00-05:00,30.82,31.587704,-0.7677037048339841
2024-07-20 15:00:00-05:00,33.47,36.231693,-2.7616932678222668
2024-07-20 16:00:00-05:00,38.69,42.990707,-4.30070739746094
2024-07-20 17:00:00-05:00,38.27,36.93894,1.3310618591308625
2024-07-20 18:00:00-05:00,36.32,37.445415,-1.1254154968261716
2024-07-20 19:00:00-05:00,30.94,32.047787,-1.107786712646483
2024-07-20 20:00:00-05:00,28.96,30.330893,-1.37089256286621
2024-07-20 21:00:00-05:00,26.41,28.061008,-1.6510084533691405
2024-07-20 22:00:00-05:00,24.79,25.319235,-0.5292348480224618
2024-07-20 23:00:00-05:00,21.7,20.504553,1.1954471588134759
2024-07-21 00:00:00-05:00,21.56,18.503202,3.0567975616455065
2024-07-21 01:00:00-05:00,20.18,18.042484,2.137515716552734
2024-07-21 02:00:00-05:00,17.6,16.527214,1.0727859497070327
2024-07-21 03:00:00-05:00,16.53,16.688616,-0.15861579895019418
2024-07-21 04:00:00-05:00,16.49,15.874863,0.6151373291015609
2024-07-21 05:00:00-05:00,16.7,17.125343,-0.42534332275390696
2024-07-21 06:00:00-05:00,16.76,17.105543,-0.3455431365966781
2024-07-21 07:00:00-05:00,18.28,17.593227,0.6867726135253918
2024-07-21 08:00:00-05:00,20.34,20.72047,-0.380470428466797
2024-07-21 09:00:00-05:00,21.96,23.237082,-1.27708152770996
2024-07-21 10:00:00-05:00,23.34,23.85672,-0.5167199707031251
2024-07-21 11:00:00-05:00,26.9,27.179125,-0.27912483215332173
2024-07-21 12:00:00-05:00,28.59,29.928543,-1.3385430908203126
2024-07-21 13:00:00-05:00,32.2,31.0369,1.1631004333496122
2024-07-21 14:00:00-05:00,33.81,31.90298,1.907019195556643
2024-07-21 15:00:00-05:00,37.45,35.09148,2.3585197448730497
2024-07-21 16:00:00-05:00,42.97,38.946766,4.023234100341796
2024-07-21 17:00:00-05:00,45.55,40.510365,5.039635467529294
2024-07-21 18:00:00-05:00,45.43,37.95462,7.475379638671875
2024-07-21 19:00:00-05:00,42.5,34.39311,8.106891632080078
2024-07-21 20:00:00-05:00,33.43,33.124027,0.3059727478027341
2024-07-21 21:00:00-05:00,32.41,28.510159,3.899841461181637
2024-07-21 22:00:00-05:00,26.01,26.466543,-0.4565431976318344
2024-07-21 23:00:00-05:00,23.71,22.794016,0.9159841156005868
2024-07-22 00:00:00-05:00,21.43,20.962778,0.46722190856933565
2024-07-22 01:00:00-05:00,20.22,18.836132,1.383867950439452
2024-07-22 02:00:00-05:00,19.33,18.061563,1.2684365081787092
2024-07-22 03:00:00-05:00,19.54,17.913721,1.6262789154052726
2024-07-22 04:00:00-05:00,20.38,18.623222,1.7567776489257803
2024-07-22 05:00:00-05:00,22.18,21.13702,1.0429798889160153
2024-07-22 06:00:00-05:00,23.02,24.289602,-1.2696022796630864
2024-07-22 07:00:00-05:00,24.45,25.545845,-1.095845031738282
2024-07-22 08:00:00-05:00,26.42,27.386118,-0.9661179351806624
2024-07-22 09:00:00-05:00,31.35,28.675032,2.6749683380126967
2024-07-22 10:00:00-05:00,35.92,32.548637,3.371362609863283
2024-07-22 11:00:00-05:00,40.81,36.407185,4.402815399169924
2024-07-22 12:00:00-05:00,44.54,38.223103,6.316897430419921
2024-07-22 13:00:00-05:00,46.3,38.43197,7.868031311035153
2024-07-22 14:00:00-05:00,49.08,38.076725,11.003274993896483
2024-07-22 15:00:00-05:00,53.78,41.673847,12.106152801513673
2024-07-22 16:00:00-05:00,57.09,48.823975,8.266025390625003
2024-07-22 17:00:00-05:00,57.03,51.5087,5.5212986755371105
2024-07-22 18:00:00-05:00,51.13,51.616676,-0.4866763305664037
2024-07-22 19:00:00-05:00,45.97,47.689728,-1.7197277832031261
2024-07-22 20:00:00-05:00,36.41,35.96835,0.4416505432128872
2024-07-22 21:00:00-05:00,37.46,34.95977,2.500229797363282
2024-07-22 22:00:00-05:00,29.79,28.886179,0.9038210296630851
2024-07-22 23:00:00-05:00,25.72,24.678698,1.0413024139404286
2024-07-23 00:00:00-05:00,23.59,21.082172,2.5078276062011717
2024-07-23 01:00:00-05:00,20.31,19.845684,0.46431594848632685
2024-07-23 02:00:00-05:00,18.83,18.865685,-0.035684509277345455
2024-07-23 03:00:00-05:00,18.58,18.910465,-0.33046524047851733
2024-07-23 04:00:00-05:00,19.84,19.70877,0.13122924804687486
2024-07-23 05:00:00-05:00,22.29,22.289072,0.0009279632568350848
2024-07-23 06:00:00-05:00,22.54,24.376898,-1.8368978118896493
2024-07-23 07:00:00-05:00,24.53,25.199902,-0.6699015808105457
2024-07-23 08:00:00-05:00,30.33,27.407104,2.9228955078124983
2024-07-23 09:00:00-05:00,36.17,31.47114,4.698860092163088
2024-07-23 10:00:00-05:00,34.9,34.669704,0.2302955627441392
2024-07-23 11:00:00-05:00,46.43,38.757538,7.672462158203125
2024-07-23 12:00:00-05:00,49.34,43.812496,5.527503814697269
2024-07-23 13:00:00-05:00,49.52,45.416035,4.103965301513675
2024-07-23 14:00:00-05:00,53.47,46.582176,6.887823791503905
2024-07-23 15:00:00-05:00,58.03,51.03805,6.991948394775392
2024-07-23 16:00:00-05:00,66.92,55.242847,11.677152557373049
2024-07-23 17:00:00-05:00,63.02,56.5816,6.438399810791019
2024-07-23 18:00:00-05:00,54.95,49.471138,5.478861999511722
2024-07-23 19:00:00-05:00,48.82,45.517544,3.302456207275391
2024-07-23 20:00:00-05:00,46.36,35.866135,10.493865356445312
2024-07-23 21:00:00-05:00,38.94,35.75173,3.188268127441404
2024-07-23 22:00:00-05:00,30.69,29.710623,0.9793772125244153
2024-07-23 23:00:00-05:00,25.45,25.057497,0.3925029754638665
2024-07-24 00:00:00-05:00,22.51,22.242031,0.2679689025878922
2024-07-24 01:00:00-05:00,20.15,19.893524,0.2564758300781236
2024-07-24 02:00:00-05:00,18.77,19.39392,-0.6239208984375004
2024-07-24 03:00:00-05:00,17.9,19.117903,-1.217902755737306
2024-07-24 04:00:00-05:00,19.41,19.342607,0.06739250183105483
2024-07-24 05:00:00-05:00,21.96,21.481058,0.4789418792724618
2024-07-24 06:00:00-05:00,22.15,22.305302,-0.15530166625976705
2024-07-24 07:00:00-05:00,25.1,24.145985,0.9540153503417983
2024-07-24 08:00:00-05:00,29.08,30.065268,-0.9852675628662126
2024-07-24 09:00:00-05:00,32.8,33.659306,-0.8593055725097685
2024-07-24 10:00:00-05:00,35.76,33.03148,2.7285211181640605
2024-07-24 11:00:00-05:00,41.43,41.518166,-0.08816558837890653
2024-07-24 12:00:00-05:00,45.27,43.06337,2.2066302490234406
2024-07-24 13:00:00-05:00,45.66,44.753273,0.9067269897460903
2024-07-24 14:00:00-05:00,48.38,46.292877,2.0871228027343776
2024-07-24 15:00:00-05:00,51.86,56.76813,-4.908131256103516
2024-07-24 16:00:00-05:00,57.12,67.337654,-10.217654113769534
2024-07-24 17:00:00-05:00,55.61,63.346523,-7.73652328491211
2024-07-24 18:00:00-05:00,47.69,50.784348,-3.0943475341796898
2024-07-24 19:00:00-05:00,42.49,44.357372,-1.8673722839355449
2024-07-24 20:00:00-05:00,36.44,44.45244,-8.01243835449219
2024-07-24 21:00:00-05:00,30.63,37.492855,-6.862855072021485
2024-07-24 22:00:00-05:00,26.97,29.173258,-2.20325782775879
2024-07-24 23:00:00-05:00,21.95,25.913624,-3.963623809814454
2024-07-25 00:00:00-05:00,20.96,22.454388,-1.494387664794921
2024-07-25 01:00:00-05:00,17.9,19.889977,-1.9899765014648452
2024-07-25 02:00:00-05:00,17.65,19.394861,-1.744861221313478
2024-07-25 03:00:00-05:00,16.42,19.451982,-3.0319824981689436
2024-07-25 04:00:00-05:00,19.04,19.829575,-0.7895745849609384
2024-07-25 05:00:00-05:00,20.5,22.772945,-2.2729454040527344
2024-07-25 06:00:00-05:00,21.77,23.434362,-1.6643624114990239
2024-07-25 07:00:00-05:00,22.86,25.474709,-2.614708557128907
2024-07-25 08:00:00-05:00,23.21,27.919577,-4.70957664489746
2024-07-25 09:00:00-05:00,24.27,29.791254,-5.521254043579102
2024-07-25 10:00:00-05:00,27.73,34.057,-6.326999206542968
2024-07-25 11:00:00-05:00,31.91,39.422073,-7.512073364257812
2024-07-25 12:00:00-05:00,32.26,41.988617,-9.728616943359377
2024-07-25 13:00:00-05:00,34.36,43.830864,-9.47086395263672
2024-07-25 14:00:00-05:00,36.47,44.77832,-8.308320312500001
2024-07-25 15:00:00-05:00,39.3,48.4883,-9.188300323486331
2024-07-25 16:00:00-05:00,41.25,58.755016,-17.505016326904297
2024-07-25 17:00:00-05:00,39.13,54.66533,-15.535328979492185
2024-07-25 18:00:00-05:00,37.99,47.9436,-9.953599700927732
2024-07-25 19:00:00-05:00,36.46,42.138374,-5.67837432861328
2024-07-25 20:00:00-05:00,33.31,36.305794,-2.995793762207029
2024-07-25 21:00:00-05:00,26.53,30.30964,-3.779640884399413
2024-07-25 22:00:00-05:00,21.29,26.868895,-5.578894577026368
2024-07-25 23:00:00-05:00,19.08,22.756514,-3.6765135955810564
2024-07-26 00:00:00-05:00,17.41,20.52284,-3.1128404998779295
2024-07-26 01:00:00-05:00,13.59,19.505327,-5.9153272247314455
2024-07-26 02:00:00-05:00,13.13,19.229645,-6.099644775390624
2024-07-26 03:00:00-05:00,12.27,18.498259,-6.228258590698243
2024-07-26 04:00:00-05:00,14.83,19.978054,-5.148054046630859
2024-07-26 05:00:00-05:00,16.49,21.83468,-5.344680557250978
2024-07-26 06:00:00-05:00,17.78,23.00722,-5.227219314575194
2024-07-26 07:00:00-05:00,19.33,24.596077,-5.266076965332033
2024-07-26 08:00:00-05:00,21.18,26.723639,-5.543638534545899
2024-07-26 09:00:00-05:00,21.94,28.42753,-6.487530288696288
2024-07-26 10:00:00-05:00,24.27,29.432869,-5.162868957519532
2024-07-26 11:00:00-05:00,29.67,32.280174,-2.610174255371092
2024-07-26 12:00:00-05:00,28.92,33.373917,-4.453916625976561
2024-07-26 13:00:00-05:00,30.83,35.277454,-4.447454376220705
2024-07-26 14:00:00-05:00,32.6,37.602863,-5.002863311767577
2024-07-26 15:00:00-05:00,37.63,40.342796,-2.712796325683591
2024-07-26 16:00:00-05:00,40.76,46.415554,-5.655554046630861
2024-07-26 17:00:00-05:00,38.06,40.158577,-2.098576965332029
2024-07-26 18:00:00-05:00,34.01,39.803047,-5.793047180175783
2024-07-26 19:00:00-05:00,31.86,37.252705,-5.392704620361329
2024-07-26 20:00:00-05:00,29.65,34.113697,-4.4636970520019545
2024-07-26 21:00:00-05:00,23.66,28.922932,-5.262931671142578
2024-07-26 22:00:00-05:00,20.71,25.455376,-4.745375671386718
2024-07-26 23:00:00-05:00,18.16,21.149275,-2.9892748260498045
2024-07-27 00:00:00-05:00,16.08,19.264978,-3.1849784088134783
2024-07-27 01:00:00-05:00,13.69,17.13867,-3.4486699676513677
2024-07-27 02:00:00-05:00,12.15,15.8862705,-3.7362705230712887
2024-07-27 03:00:00-05:00,12.13,15.841439,-3.711439247131347
2024-07-27 04:00:00-05:00,12.86,16.316923,-3.4569231414794928
2024-07-27 05:00:00-05:00,13.58,17.872213,-4.292213363647461
2024-07-27 06:00:00-05:00,14.13,17.654627,-3.524626846313476
2024-07-27 07:00:00-05:00,15.3,18.29306,-2.9930603027343743
2024-07-27 08:00:00-05:00,18.46,19.86903,-1.409029998779296
2024-07-27 09:00:00-05:00,22.16,21.458136,0.7018643951416017
2024-07-27 10:00:00-05:00,24.1,24.596087,-0.4960865020751939
2024-07-27 11:00:00-05:00,25.6,27.075333,-1.475332641601561
2024-07-27 12:00:00-05:00,26.57,26.885235,-0.3152348327636716
2024-07-27 13:00:00-05:00,29.66,29.01879,0.6412107086181642
2024-07-27 14:00:00-05:00,29.86,29.350363,0.5096372222900385
2024-07-27 15:00:00-05:00,32.36,34.406876,-2.046875610351563
2024-07-27 16:00:00-05:00,39.04,40.938087,-1.898087463378907
2024-07-27 17:00:00-05:00,39.95,39.036026,0.9139739990234403
2024-07-27 18:00:00-05:00,36.44,34.897564,1.5424360656738259
2024-07-27 19:00:00-05:00,31.33,31.15154,0.17845924377441236
2024-07-27 20:00:00-05:00,27.69,29.000948,-1.3109479522705065
2024-07-27 21:00:00-05:00,23.31,25.685114,-2.375113906860353
2024-07-27 22:00:00-05:00,20.24,22.639194,-2.399194488525392
2024-07-27 23:00:00-05:00,18.6,19.807579,-1.2075790405273423
2024-07-28 00:00:00-05:00,15.01,18.40428,-3.394279708862305
2024-07-28 01:00:00-05:00,12.9,16.721567,-3.8215671539306637
2024-07-28 02:00:00-05:00,11.06,15.742069,-4.682069244384765
2024-07-28 03:00:00-05:00,11.02,15.609999,-4.58999870300293
2024-07-28 04:00:00-05:00,11.08,15.404485,-4.324484748840332
2024-07-28 05:00:00-05:00,11.3,16.18096,-4.880959701538085
2024-07-28 06:00:00-05:00,12.14,16.482199,-4.34219871520996
2024-07-28 07:00:00-05:00,13.49,17.89735,-4.407350311279297
2024-07-28 08:00:00-05:00,17.29,18.917982,-1.6279821014404305
2024-07-28 09:00:00-05:00,20.92,20.096685,0.8233145904541033
2024-07-28 10:00:00-05:00,22.85,23.103222,-0.25322189331054545
2024-07-28 11:00:00-05:00,25.27,25.702534,-0.43253372192382855
2024-07-28 12:00:00-05:00,27.11,27.304985,-0.19498504638671932
2024-07-28 13:00:00-05:00,27.87,29.485224,-1.6152237701416006
2024-07-28 14:00:00-05:00,31.65,30.328775,1.3212245941162095
2024-07-28 15:00:00-05:00,32.87,32.98189,-0.11189163208008068
2024-07-28 16:00:00-05:00,39.64,42.469772,-2.829772338867187
2024-07-28 17:00:00-05:00,43.04,44.50184,-1.461838684082032
2024-07-28 18:00:00-05:00,40.31,39.742535,0.5674653625488304
2024-07-28 19:00:00-05:00,36.85,34.313267,2.536733245849611
2024-07-28 20:00:00-05:00,33.44,30.319658,3.1203417205810524
2024-07-28 21:00:00-05:00,26.34,25.750853,0.5891474151611327
2024-07-28 22:00:00-05:00,23.76,22.820807,0.9391934967041031
2024-07-28 23:00:00-05:00,19.89,21.415304,-1.5253041839599604
2024-07-29 00:00:00-05:00,17.42,18.233402,-0.8134022521972639
2024-07-29 01:00:00-05:00,17.39,16.071291,1.3187090301513678
2024-07-29 02:00:00-05:00,15.89,15.344149,0.5458513641357428
2024-07-29 03:00:00-05:00,17.01,15.230171,1.7798287963867203
2024-07-29 04:00:00-05:00,18.56,16.616964,1.9430356597900378
2024-07-29 05:00:00-05:00,21.58,19.13628,2.443719940185545
2024-07-29 06:00:00-05:00,23.44,21.969906,1.470094146728517
2024-07-29 07:00:00-05:00,25.22,24.525537,0.6944625091552723
2024-07-29 08:00:00-05:00,27.8,24.952703,2.8472965240478523
2024-07-29 09:00:00-05:00,32.36,27.068197,5.2918027496337885
2024-07-29 10:00:00-05:00,37.25,30.105518,7.144481658935547
2024-07-29 11:00:00-05:00,44.82,33.33336,11.486641235351563
2024-07-29 12:00:00-05:00,50.58,35.132385,15.447614746093748
2024-07-29 13:00:00-05:00,49.73,36.157055,13.57294509887695
2024-07-29 14:00:00-05:00,53.18,38.50502,14.674979858398437
2024-07-29 15:00:00-05:00,56.66,39.26253,17.39746871948242
2024-07-29 16:00:00-05:00,62.57,46.121,16.44900161743164
2024-07-29 17:00:00-05:00,71.93,50.61804,21.311961822509772
2024-07-29 18:00:00-05:00,61.66,45.767,15.893001708984372
2024-07-29 19:00:00-05:00,53.83,40.74954,13.080461578369139
2024-07-29 20:00:00-05:00,46.39,36.859333,9.530666961669922
2024-07-29 21:00:00-05:00,41.76,31.521948,10.238052139282225
2024-07-29 22:00:00-05:00,31.3,25.875769,5.424231338500977
2024-07-29 23:00:00-05:00,26.6,23.476103,3.1238971710205092
2024-07-30 00:00:00-05:00,22.25,20.06035,2.1896495819091797
2024-07-30 01:00:00-05:00,19.33,18.21771,1.112289505004881
2024-07-30 02:00:00-05:00,16.85,17.928453,-1.078453445434569
2024-07-30 03:00:00-05:00,17.92,18.085756,-0.1657563018798811
2024-07-30 04:00:00-05:00,19.15,18.744864,0.40513648986816264
2024-07-30 05:00:00-05:00,23.11,21.796097,1.313903198242187
2024-07-30 06:00:00-05:00,22.56,23.30614,-0.7461408996582044
2024-07-30 07:00:00-05:00,23.64,25.211075,-1.571074829101562
2024-07-30 08:00:00-05:00,26.66,27.988281,-1.3282812499999999
2024-07-30 09:00:00-05:00,31.87,32.781837,-0.9118374633789053
2024-07-30 10:00:00-05:00,33.16,36.082787,-2.922786560058597
2024-07-30 11:00:00-05:00,39.38,43.614,-4.233998413085935
2024-07-30 12:00:00-05:00,44.13,48.04322,-3.9132205200195287
2024-07-30 13:00:00-05:00,53.62,47.676693,5.943307037353513
2024-07-30 14:00:00-05:00,56.49,50.03967,6.450330963134768
2024-07-30 15:00:00-05:00,63.92,56.01353,7.90646926879883
2024-07-30 16:00:00-05:00,76.12,62.86505,13.254948730468755
2024-07-30 17:00:00-05:00,75.95,73.393295,2.5567047119140653
2024-07-30 18:00:00-05:00,68.72,60.175705,8.544295043945311
2024-07-30 19:00:00-05:00,54.22,53.223217,0.996782989501952
2024-07-30 20:00:00-05:00,46.36,46.517513,-0.15751327514648494
2024-07-30 21:00:00-05:00,37.11,40.72198,-3.611981048583985
2024-07-30 22:00:00-05:00,28.39,30.022182,-1.6321824645996088
2024-07-30 23:00:00-05:00,26.28,25.733746,0.5462544250488293
2024-07-31 00:00:00-05:00,21.41,20.236572,1.1734277343750001
2024-07-31 01:00:00-05:00,19.32,18.652628,0.6673720550537112
2024-07-31 02:00:00-05:00,17.34,17.430328,-0.09032836914062514
2024-07-31 03:00:00-05:00,17.53,17.832077,-0.30207702636718636
2024-07-31 04:00:00-05:00,18.51,18.026571,0.4834287261962906
2024-07-31 05:00:00-05:00,22.16,21.952324,0.2076760864257814
2024-07-31 06:00:00-05:00,23.04,21.932913,1.1070871734619132
2024-07-31 07:00:00-05:00,24.48,24.726238,-0.24623825073242145
2024-07-31 08:00:00-05:00,29.78,27.782372,1.9976284790039074
2024-07-31 09:00:00-05:00,34.89,31.702023,3.187977447509766
2024-07-31 10:00:00-05:00,39.99,33.514645,6.475355377197268
2024-07-31 11:00:00-05:00,54.42,39.410713,15.00928680419922
2024-07-31 12:00:00-05:00,62.16,45.43633,16.723671112060543
2024-07-31 13:00:00-05:00,70.38,51.576412,18.80358779907226
2024-07-31 14:00:00-05:00,87.92,56.359413,31.560586853027345
2024-07-31 15:00:00-05:00,114.11,68.138954,45.97104583740234
2024-07-31 16:00:00-05:00,139.24,76.58273,62.657266845703134
2024-07-31 17:00:00-05:00,132.95,75.84868,57.1013214111328
2024-07-31 18:00:00-05:00,113.92,69.667114,44.2528857421875
2024-07-31 19:00:00-05:00,77.8,50.23724,27.562760162353513
2024-07-31 20:00:00-05:00,61.55,43.898277,17.651722717285153
2024-07-31 21:00:00-05:00,52.54,33.82763,18.71237091064453
2024-07-31 22:00:00-05:00,37.16,27.658855,9.501144561767575
2024-07-31 23:00:00-05:00,29.29,25.255466,4.0345335388183585
2024-08-01 00:00:00-05:00,23.79,20.750708,3.0392923736572257
2024-08-01 01:00:00-05:00,21.31,19.868217,1.44178253173828
2024-08-01 02:00:00-05:00,20.17,18.805622,1.3643778991699236
2024-08-01 03:00:00-05:00,19.67,18.953465,0.7165354919433611
2024-08-01 04:00:00-05:00,20.22,19.776384,0.44361564636230355
2024-08-01 05:00:00-05:00,23.73,22.918217,0.8117832946777348
2024-08-01 06:00:00-05:00,24.43,24.619955,-0.18995506286621122
2024-08-01 07:00:00-05:00,24.62,25.578302,-0.9583023834228506
2024-08-01 08:00:00-05:00,27.82,28.48961,-0.66961067199707
2024-08-01 09:00:00-05:00,32.03,33.25722,-1.227221221923827
2024-08-01 10:00:00-05:00,37.21,38.959663,-1.7496633911132804
2024-08-01 11:00:00-05:00,46.54,48.70978,-2.1697816467285165
2024-08-01 12:00:00-05:00,47.59,60.876972,-13.286972198486325
2024-08-01 13:00:00-05:00,53.46,65.04645,-11.58644775390625
2024-08-01 14:00:00-05:00,58.73,85.91006,-27.180057067871097
2024-08-01 15:00:00-05:00,68.33,125.064896,-56.734895629882814
2024-08-01 16:00:00-05:00,74.9,128.50252,-53.60251770019531
2024-08-01 17:00:00-05:00,75.45,120.8109,-45.360897827148435
2024-08-01 18:00:00-05:00,64.14,123.35472,-59.21472106933594
2024-08-01 19:00:00-05:00,52.0,79.157234,-27.15723419189453
2024-08-01 20:00:00-05:00,48.17,61.55697,-13.386968688964842
2024-08-01 21:00:00-05:00,33.7,46.488476,-12.788475799560544
2024-08-01 22:00:00-05:00,26.08,35.761417,-9.681417388916017
2024-08-01 23:00:00-05:00,24.23,29.710663,-5.480662841796875
2024-08-02 00:00:00-05:00,22.33,26.473364,-4.143363876342775
2024-08-02 01:00:00-05:00,19.52,24.770445,-5.250444869995118
2024-08-02 02:00:00-05:00,18.35,23.648489,-5.2984889984130845
2024-08-02 03:00:00-05:00,17.68,19.423464,-1.743463821411133
2024-08-02 04:00:00-05:00,19.62,19.961256,-0.3412560272216787
2024-08-02 05:00:00-05:00,20.9,23.513046,-2.613046264648439
2024-08-02 06:00:00-05:00,21.96,23.88904,-1.929039993286132
2024-08-02 07:00:00-05:00,23.72,24.44384,-0.7238400268554699
2024-08-02 08:00:00-05:00,28.3,26.771952,1.5280483245849616
2024-08-02 09:00:00-05:00,31.6,30.668556,0.9314437866210952
2024-08-02 10:00:00-05:00,32.26,35.216446,-2.9564459228515645
2024-08-02 11:00:00-05:00,38.88,44.550346,-5.670346374511716
2024-08-02 12:00:00-05:00,39.64,44.924297,-5.284297332763671
2024-08-02 13:00:00-05:00,41.78,47.97732,-6.197321624755858
2024-08-02 14:00:00-05:00,43.79,57.905155,-14.115155181884766
2024-08-02 15:00:00-05:00,50.05,82.03977,-31.98977203369141
2024-08-02 16:00:00-05:00,54.98,91.90212,-36.9221224975586
2024-08-02 17:00:00-05:00,53.69,86.87182,-33.18181854248047
2024-08-02 18:00:00-05:00,49.07,64.38858,-15.318580322265625
2024-08-02 19:00:00-05:00,40.56,45.162304,-4.602303924560545
2024-08-02 20:00:00-05:00,39.55,46.066933,-6.516932678222659
2024-08-02 21:00:00-05:00,34.33,31.933054,2.3969460296630842
2024-08-02 22:00:00-05:00,26.88,25.331743,1.5482567596435537
2024-08-02 23:00:00-05:00,25.3,23.43323,1.866770553588868
2024-08-03 00:00:00-05:00,21.89,20.403103,1.4868971252441412
2024-08-03 01:00:00-05:00,19.59,18.7309,0.8591001892089842
2024-08-03 02:00:00-05:00,18.67,19.296816,-0.6268158721923811
2024-08-03 03:00:00-05:00,17.08,18.968687,-1.888687057495119
2024-08-03 04:00:00-05:00,17.67,19.084658,-1.414657669067381
2024-08-03 05:00:00-05:00,18.49,19.899397,-1.4093968963623063
2024-08-03 06:00:00-05:00,17.88,19.671011,-1.791010971069337
2024-08-03 07:00:00-05:00,18.4,21.046253,-2.6462532043457045
2024-08-03 08:00:00-05:00,22.04,23.64566,-1.6056604003906259
2024-08-03 09:00:00-05:00,25.15,25.168707,-0.01870689392089986
2024-08-03 10:00:00-05:00,28.87,26.34924,2.5207606506347666
2024-08-03 11:00:00-05:00,31.75,32.405006,-0.6550064086914062
2024-08-03 12:00:00-05:00,36.63,33.70972,2.920279388427737
2024-08-03 13:00:00-05:00,38.47,38.062935,0.4070651245117176
2024-08-03 14:00:00-05:00,43.06,39.544373,3.5156274414062523
2024-08-03 15:00:00-05:00,54.04,43.104717,10.935282745361327
2024-08-03 16:00:00-05:00,59.37,48.19796,11.172040100097654
2024-08-03 17:00:00-05:00,61.33,48.66849,12.661508636474608
2024-08-03 18:00:00-05:00,56.21,45.277306,10.932694396972657
2024-08-03 19:00:00-05:00,42.29,41.05918,1.230818786621093
2024-08-03 20:00:00-05:00,35.78,37.329937,-1.5499369812011707
2024-08-03 21:00:00-05:00,33.13,29.949192,3.180807952880862
2024-08-03 22:00:00-05:00,26.08,25.996338,0.0836621093749983
2024-08-03 23:00:00-05:00,23.27,23.569016,-0.2990155029296879
2024-08-04 00:00:00-05:00,20.0,20.500635,-0.5006351470947266
2024-08-04 01:00:00-05:00,19.19,19.527126,-0.3371263122558581
2024-08-04 02:00:00-05:00,17.16,19.14415,-1.9841497802734374
2024-08-04 03:00:00-05:00,16.39,18.551691,-2.161691055297851
2024-08-04 04:00:00-05:00,14.33,17.984896,-3.6548957061767577
2024-08-04 05:00:00-05:00,14.76,18.159964,-3.399963607788086
2024-08-04 06:00:00-05:00,15.29,18.379862,-3.08986183166504
2024-08-04 07:00:00-05:00,16.24,18.354532,-2.1145322418212906
2024-08-04 08:00:00-05:00,19.55,21.092878,-1.542878341674804
2024-08-04 09:00:00-05:00,25.41,23.283842,2.126157913208008
2024-08-04 10:00:00-05:00,25.58,26.286077,-0.7060774993896501
2024-08-04 11:00:00-05:00,32.04,28.007746,4.032254257202148
2024-08-04 12:00:00-05:00,35.12,31.020456,4.099543685913083
2024-08-04 13:00:00-05:00,35.32,34.13898,1.1810191345214847
2024-08-04 14:00:00-05:00,37.61,37.930916,-0.3209158325195318
2024-08-04 15:00:00-05:00,46.01,45.66152,0.3484819030761699
2024-08-04 16:00:00-05:00,59.93,54.173744,5.7562557983398435
2024-08-04 17:00:00-05:00,67.92,54.420467,13.499532623291017
2024-08-04 18:00:00-05:00,57.55,51.17886,6.371140289306638
2024-08-04 19:00:00-05:00,46.17,40.733837,5.436162872314455
2024-08-04 20:00:00-05:00,36.97,35.450222,1.5197779846191395
2024-08-04 21:00:00-05:00,32.21,29.401056,2.8089437103271493
2024-08-04 22:00:00-05:00,29.56,23.721216,5.838783798217772
2024-08-04 23:00:00-05:00,24.88,22.37401,2.5059899139404287
2024-08-05 00:00:00-05:00,23.03,20.124239,2.9057610321044933
2024-08-05 01:00:00-05:00,18.57,19.712748,-1.1427475738525388
2024-08-05 02:00:00-05:00,17.47,19.182417,-1.7124169158935558
2024-08-05 03:00:00-05:00,16.97,18.646935,-1.6769345092773449
2024-08-05 04:00:00-05:00,17.68,17.862864,-0.18286354064941435
2024-08-05 05:00:00-05:00,21.93,20.297516,1.6324841308593747
2024-08-05 06:00:00-05:00,22.2,23.507763,-1.3077629089355476
2024-08-05 07:00:00-05:00,25.46,24.922789,0.5372113800048837
2024-08-05 08:00:00-05:00,29.12,27.800869,1.3191310119628916
2024-08-05 09:00:00-05:00,33.98,32.769573,1.210426788330075
2024-08-05 10:00:00-05:00,42.17,35.484333,6.685666961669924
2024-08-05 11:00:00-05:00,47.04,39.69565,7.344351806640624
2024-08-05 12:00:00-05:00,47.51,40.9985,6.511499176025389
2024-08-05 13:00:00-05:00,47.83,42.402866,5.427133636474608
2024-08-05 14:00:00-05:00,55.93,43.42976,12.500240020751953
2024-08-05 15:00:00-05:00,73.89,55.567513,18.32248748779297
2024-08-05 16:00:00-05:00,75.41,70.340866,5.069133911132809
2024-08-05 17:00:00-05:00,70.82,79.829384,-9.009383850097663
2024-08-05 18:00:00-05:00,55.51,70.97648,-15.466478576660158
2024-08-05 19:00:00-05:00,47.23,53.578728,-6.348727722167972
2024-08-05 20:00:00-05:00,39.34,39.57645,-0.23645034790038721
2024-08-05 21:00:00-05:00,30.85,35.841824,-4.991823577880858
2024-08-05 22:00:00-05:00,25.49,30.281654,-4.791654357910158
2024-08-05 23:00:00-05:00,23.03,25.496643,-2.466643066406249
2024-08-06 00:00:00-05:00,20.53,22.359438,-1.8294379425048817
2024-08-06 01:00:00-05:00,16.93,19.387625,-2.457624740600586
2024-08-06 02:00:00-05:00,15.9,18.811575,-2.9115749359130856
2024-08-06 03:00:00-05:00,14.77,18.53556,-3.7655606079101567
2024-08-06 04:00:00-05:00,15.57,19.077868,-3.50786750793457
2024-08-06 05:00:00-05:00,18.56,23.058214,-4.498214187622072
2024-08-06 06:00:00-05:00,18.78,23.274733,-4.4947325897216786
2024-08-06 07:00:00-05:00,18.92,25.458622,-6.538621978759764
2024-08-06 08:00:00-05:00,20.44,27.779842,-7.339842376708983
2024-08-06 09:00:00-05:00,22.77,33.137924,-10.367924194335938
2024-08-06 10:00:00-05:00,25.8,40.1995,-14.399501037597656
2024-08-06 11:00:00-05:00,28.18,45.735336,-17.555336303710938
2024-08-06 12:00:00-05:00,30.51,48.850254,-18.34025405883789
2024-08-06 13:00:00-05:00,32.07,48.91254,-16.842540435791015
2024-08-06 14:00:00-05:00,31.22,53.941734,-22.721734313964845
2024-08-06 15:00:00-05:00,32.56,79.506134,-46.94613403320312
2024-08-06 16:00:00-05:00,34.75,82.44456,-47.694557189941406
2024-08-06 17:00:00-05:00,35.1,76.74765,-41.647650146484374
2024-08-06 18:00:00-05:00,34.43,59.15636,-24.726360626220703
2024-08-06 19:00:00-05:00,32.87,51.650978,-18.78097808837891
2024-08-06 20:00:00-05:00,30.05,39.584694,-9.534693908691406
2024-08-06 21:00:00-05:00,25.8,32.771576,-6.971575927734374
2024-08-06 22:00:00-05:00,21.98,26.121622,-4.141622085571289
2024-08-06 23:00:00-05:00,20.79,25.124662,-4.334662399291993
2024-08-07 00:00:00-05:00,18.59,20.48667,-1.8966695404052736
2024-08-07 01:00:00-05:00,16.42,19.315638,-2.895637588500975
2024-08-07 02:00:00-05:00,15.82,18.807878,-2.987878494262695
2024-08-07 03:00:00-05:00,15.17,17.544561,-2.3745613861083985
2024-08-07 04:00:00-05:00,15.65,18.923574,-3.2735744476318356
2024-08-07 05:00:00-05:00,18.64,21.19497,-2.554969177246093
2024-08-07 06:00:00-05:00,19.61,23.011768,-3.4017683410644537
2024-08-07 07:00:00-05:00,18.73,24.192003,-5.46200325012207
2024-08-07 08:00:00-05:00,21.26,26.421131,-5.161131134033202
2024-08-07 09:00:00-05:00,22.02,28.672787,-6.652786712646485
2024-08-07 10:00:00-05:00,22.76,31.826994,-9.06699394226074
2024-08-07 11:00:00-05:00,23.85,36.733257,-12.88325729370117
2024-08-07 12:00:00-05:00,24.67,37.609184,-12.939184265136717
2024-08-07 13:00:00-05:00,25.89,38.823467,-12.933467254638671
2024-08-07 14:00:00-05:00,27.62,42.994053,-15.37405288696289
2024-08-07 15:00:00-05:00,32.65,43.95564,-11.305638885498048
2024-08-07 16:00:00-05:00,33.03,44.571564,-11.541563720703124
2024-08-07 17:00:00-05:00,33.27,45.47693,-12.206928710937497
2024-08-07 18:00:00-05:00,33.6,38.706463,-5.1064628601074205
2024-08-07 19:00:00-05:00,28.41,38.346226,-9.93622573852539
2024-08-07 20:00:00-05:00,27.34,35.509235,-8.169235382080078
2024-08-07 21:00:00-05:00,23.06,31.217684,-8.157683792114259
2024-08-07 22:00:00-05:00,20.6,27.439274,-6.839273834228514
2024-08-07 23:00:00-05:00,20.0,24.622284,-4.622283935546875
2024-08-08 00:00:00-05:00,18.89,20.60678,-1.7167790985107416
2024-08-08 01:00:00-05:00,17.16,18.966103,-1.806102600097656
2024-08-08 02:00:00-05:00,16.49,18.761597,-2.2715966796875016
2024-08-08 03:00:00-05:00,16.67,17.222263,-0.5522633361816389
2024-08-08 04:00:00-05:00,18.04,19.4047,-1.3646993255615243
2024-08-08 05:00:00-05:00,20.96,22.399113,-1.4391127014160148
2024-08-08 06:00:00-05:00,20.86,24.402817,-3.542816772460938
2024-08-08 07:00:00-05:00,19.9,24.305399,-4.4053989410400405
2024-08-08 08:00:00-05:00,21.69,25.979046,-4.289045867919921
2024-08-08 09:00:00-05:00,22.73,27.142973,-4.412972946166992
2024-08-08 10:00:00-05:00,25.34,28.723349,-3.383348617553711
2024-08-08 11:00:00-05:00,29.35,30.232296,-0.882295989990233
2024-08-08 12:00:00-05:00,32.47,30.311167,2.158833236694335
2024-08-08 13:00:00-05:00,34.16,32.125996,2.0340043640136685
2024-08-08 14:00:00-05:00,35.4,34.199642,1.2003578186035142
2024-08-08 15:00:00-05:00,41.14,36.114143,5.025856628417969
2024-08-08 16:00:00-05:00,41.74,37.23818,4.501821746826174
2024-08-08 17:00:00-05:00,40.13,38.600826,1.5291737365722682
2024-08-08 18:00:00-05:00,38.09,36.284435,1.8055647277832065
2024-08-08 19:00:00-05:00,33.62,34.531258,-0.9112576293945338
2024-08-08 20:00:00-05:00,32.14,32.98311,-0.8431085205078119
2024-08-08 21:00:00-05:00,24.53,27.52292,-2.9929206085205067
2024-08-08 22:00:00-05:00,21.79,24.071615,-2.281615219116212
2024-08-08 23:00:00-05:00,19.8,22.893332,-3.0933315277099602
2024-08-09 00:00:00-05:00,17.38,20.253157,-2.8731566619873057
2024-08-09 01:00:00-05:00,16.03,19.098299,-3.0682990264892567
2024-08-09 02:00:00-05:00,14.27,19.009651,-4.739651184082032
2024-08-09 03:00:00-05:00,13.62,19.062351,-5.442351226806641
2024-08-09 04:00:00-05:00,14.71,19.768713,-5.058712997436523
2024-08-09 05:00:00-05:00,18.9,22.056322,-3.1563220977783217
2024-08-09 06:00:00-05:00,19.02,23.044184,-4.024183731079102
2024-08-09 07:00:00-05:00,19.38,23.175217,-3.7952166748046885
2024-08-09 08:00:00-05:00,21.4,25.829563,-4.429563140869142
2024-08-09 09:00:00-05:00,22.06,26.862587,-4.8025869750976575
2024-08-09 10:00:00-05:00,21.51,27.449766,-5.939766159057616
2024-08-09 11:00:00-05:00,23.09,31.666988,-8.576988372802735
2024-08-09 12:00:00-05:00,21.68,32.87197,-11.191971130371094
2024-08-09 13:00:00-05:00,23.22,35.829346,-12.609345703125001
2024-08-09 14:00:00-05:00,23.12,37.38233,-14.26233184814453
2024-08-09 15:00:00-05:00,24.33,41.89377,-17.563768310546877
2024-08-09 16:00:00-05:00,25.79,43.27474,-17.48473831176758
2024-08-09 17:00:00-05:00,25.6,41.198376,-15.598375701904295
2024-08-09 18:00:00-05:00,27.56,38.59131,-11.031308593750001
2024-08-09 19:00:00-05:00,27.84,33.534172,-5.694172058105469
2024-08-09 20:00:00-05:00,26.19,31.518793,-5.3287931060791
2024-08-09 21:00:00-05:00,22.09,26.12248,-4.032480392456055
2024-08-09 22:00:00-05:00,20.28,23.675673,-3.3956725311279286
2024-08-09 23:00:00-05:00,18.62,22.702448,-4.082447891235351
2024-08-10 00:00:00-05:00,17.45,19.368576,-1.9185760498046882
2024-08-10 01:00:00-05:00,16.99,18.443832,-1.453832397460939
2024-08-10 02:00:00-05:00,15.92,16.88614,-0.9661408233642579
2024-08-10 03:00:00-05:00,14.87,16.820103,-1.9501026916503914
2024-08-10 04:00:00-05:00,14.83,17.04034,-2.2103404235839843
2024-08-10 05:00:00-05:00,15.77,19.486706,-3.7167057800292973
2024-08-10 06:00:00-05:00,14.61,19.3132,-4.703199996948243
2024-08-10 07:00:00-05:00,14.29,19.41296,-5.122960052490235
2024-08-10 08:00:00-05:00,16.99,20.60676,-3.6167600250244156
2024-08-10 09:00:00-05:00,17.83,22.030949,-4.200948638916017
2024-08-10 10:00:00-05:00,18.37,23.039803,-4.66980255126953
2024-08-10 11:00:00-05:00,19.11,24.783443,-5.673443450927735
2024-08-10 12:00:00-05:00,19.64,25.853409,-6.213408813476562
2024-08-10 13:00:00-05:00,20.53,27.479744,-6.94974395751953
2024-08-10 14:00:00-05:00,21.67,28.496132,-6.8261318969726545
2024-08-10 15:00:00-05:00,23.12,32.150608,-9.03060806274414
2024-08-10 16:00:00-05:00,25.02,34.20524,-9.185238342285157
2024-08-10 17:00:00-05:00,26.76,35.372,-8.612001647949217
2024-08-10 18:00:00-05:00,29.75,34.69032,-4.940319061279297
2024-08-10 19:00:00-05:00,29.3,32.16787,-2.867869567871093
2024-08-10 20:00:00-05:00,26.07,30.192999,-4.122998886108398
2024-08-10 21:00:00-05:00,21.59,24.764479,-3.17447868347168
2024-08-10 22:00:00-05:00,20.26,23.492178,-3.2321779632568344
2024-08-10 23:00:00-05:00,18.13,21.741627,-3.611626739501954
2024-08-11 00:00:00-05:00,16.89,20.451563,-3.561562881469726
2024-08-11 01:00:00-05:00,15.39,20.195799,-4.805798873901367
2024-08-11 02:00:00-05:00,14.4,20.177395,-5.777394866943359
2024-08-11 03:00:00-05:00,14.4,18.5825,-4.1825004577636715
2024-08-11 04:00:00-05:00,14.17,18.904406,-4.73440559387207
2024-08-11 05:00:00-05:00,14.04,20.06917,-6.029169998168946
2024-08-11 06:00:00-05:00,13.27,18.639421,-5.369421463012696
2024-08-11 07:00:00-05:00,13.05,18.692665,-5.6426651000976555
2024-08-11 08:00:00-05:00,13.82,20.277231,-6.457231216430664
2024-08-11 09:00:00-05:00,16.99,22.060015,-5.070014724731447
2024-08-11 10:00:00-05:00,17.82,22.47077,-4.650769882202148
2024-08-11 11:00:00-05:00,19.57,24.963093,-5.393092803955078
2024-08-11 12:00:00-05:00,20.91,26.717978,-5.807977523803711
2024-08-11 13:00:00-05:00,22.65,27.120218,-4.4702182769775405
2024-08-11 14:00:00-05:00,24.03,28.064528,-4.0345275115966786
2024-08-11 15:00:00-05:00,26.9,30.10274,-3.2027393341064467
2024-08-11 16:00:00-05:00,31.02,33.793293,-2.7732929992675786
2024-08-11 17:00:00-05:00,33.51,35.75922,-2.2492201232910176
2024-08-11 18:00:00-05:00,34.32,36.40272,-2.0827214050292966
2024-08-11 19:00:00-05:00,29.35,33.858078,-4.508078002929686
2024-08-11 20:00:00-05:00,26.01,31.237131,-5.2271311187744125
2024-08-11 21:00:00-05:00,23.36,24.795773,-1.435772552490235
2024-08-11 22:00:00-05:00,20.54,24.333057,-3.793057403564454
2024-08-11 23:00:00-05:00,19.4,22.458698,-3.0586982727050795
2024-08-12 00:00:00-05:00,17.72,20.410913,-2.6909134674072277
2024-08-12 01:00:00-05:00,15.03,19.216372,-4.1863715362548835
2024-08-12 02:00:00-05:00,14.46,17.173866,-2.7138662719726554
2024-08-12 03:00:00-05:00,14.28,17.173866,-2.893866271972657
2024-08-12 04:00:00-05:00,17.41,17.283508,0.12649169921875014
2024-08-12 05:00:00-05:00,20.71,19.657509,1.0524911499023446
2024-08-12 06:00:00-05:00,22.15,21.491995,0.6580051422119126
2024-08-12 07:00:00-05:00,21.7,23.56149,-1.86148910522461
2024-08-12 08:00:00-05:00,23.99,25.596012,-1.6060121154785172
2024-08-12 09:00:00-05:00,26.15,26.726894,-0.5768943786621108
2024-08-12 10:00:00-05:00,26.61,29.202288,-2.592287673950196
2024-08-12 11:00:00-05:00,29.3,30.038792,-0.7387916564941399
2024-08-12 12:00:00-05:00,32.48,30.84787,1.6321301269531219
2024-08-12 13:00:00-05:00,34.0,31.436243,2.5637569427490234
2024-08-12 14:00:00-05:00,33.24,34.464703,-1.2247026062011699
2024-08-12 15:00:00-05:00,37.01,37.550674,-0.5406744384765645
2024-08-12 16:00:00-05:00,40.92,40.28084,0.6391581726074236
2024-08-12 17:00:00-05:00,41.37,39.2464,2.1236010742187474
2024-08-12 18:00:00-05:00,41.0,40.093464,0.9065361022949219
2024-08-12 19:00:00-05:00,35.81,36.71961,-0.9096083068847634
2024-08-12 20:00:00-05:00,33.27,31.88558,1.3844199371337922
2024-08-12 21:00:00-05:00,27.53,26.277187,1.2528126525878918
2024-08-12 22:00:00-05:00,23.26,23.9338,-0.6737997436523422
2024-08-12 23:00:00-05:00,22.14,22.343456,-0.2034562683105463
2024-08-13 00:00:00-05:00,22.15,19.618937,2.5310634613037095
2024-08-13 01:00:00-05:00,19.3,17.631496,1.6685035705566413
2024-08-13 02:00:00-05:00,18.16,17.379543,0.7804566955566408
2024-08-13 03:00:00-05:00,17.64,17.327705,0.3122946166992193
2024-08-13 04:00:00-05:00,19.6,19.648266,-0.048265838623045454
2024-08-13 05:00:00-05:00,23.49,22.024212,1.4657881164550766
2024-08-13 06:00:00-05:00,23.1,22.978943,0.12105712890625142
2024-08-13 07:00:00-05:00,22.48,22.51773,-0.037730712890624574
2024-08-13 08:00:00-05:00,23.61,23.816362,-0.20636238098144588
2024-08-13 09:00:00-05:00,25.02,26.610443,-1.5904431152343754
2024-08-13 10:00:00-05:00,27.92,27.529474,0.39052574157715014
2024-08-13 11:00:00-05:00,30.92,30.322826,0.5971736145019548
2024-08-13 12:00:00-05:00,31.6,32.6123,-1.012300872802733
2024-08-13 13:00:00-05:00,34.29,34.1216,0.16839889526367102
2024-08-13 14:00:00-05:00,35.14,34.37229,0.7677084350585943
2024-08-13 15:00:00-05:00,42.77,37.535534,5.234466094970706
2024-08-13 16:00:00-05:00,46.58,41.889523,4.690477447509764
2024-08-13 17:00:00-05:00,43.13,41.774895,1.3551052856445338
2024-08-13 18:00:00-05:00,44.03,39.926136,4.103863983154298
2024-08-13 19:00:00-05:00,37.04,36.66849,0.3715086364746085
2024-08-13 20:00:00-05:00,33.35,32.624138,0.7258621215820327
2024-08-13 21:00:00-05:00,28.92,26.890987,2.0290126037597673
2024-08-13 22:00:00-05:00,24.93,23.842436,1.0875641632080075
2024-08-13 23:00:00-05:00,23.75,23.11861,0.6313896179199219
2024-08-14 00:00:00-05:00,18.55,21.318203,-2.7682029724121087
2024-08-14 01:00:00-05:00,18.2,19.953045,-1.7530448913574226
2024-08-14 02:00:00-05:00,17.11,19.066107,-1.956106796264649
2024-08-14 03:00:00-05:00,16.76,18.74738,-1.987379302978514
2024-08-14 04:00:00-05:00,17.55,19.575155,-2.0251552581787102
2024-08-14 05:00:00-05:00,20.69,22.364445,-1.6744447326660143
2024-08-14 06:00:00-05:00,20.64,22.839554,-2.199553833007812
2024-08-14 07:00:00-05:00,20.89,21.983967,-1.0939668273925776
2024-08-14 08:00:00-05:00,22.44,22.694792,-0.2547917938232409
2024-08-14 09:00:00-05:00,25.83,23.253801,2.576198654174803
2024-08-14 10:00:00-05:00,29.65,26.130718,3.5192817687988267
2024-08-14 11:00:00-05:00,30.94,28.25714,2.682860794067384
2024-08-14 12:00:00-05:00,32.1,28.640326,3.459674453735353
2024-08-14 13:00:00-05:00,35.69,30.509766,5.180234374999998
2024-08-14 14:00:00-05:00,37.16,31.681555,5.478445205688473
2024-08-14 15:00:00-05:00,42.62,38.292404,4.32759582519531
2024-08-14 16:00:00-05:00,45.62,41.15472,4.465279693603513
2024-08-14 17:00:00-05:00,43.53,39.67324,3.8567593383789074
2024-08-14 18:00:00-05:00,40.85,40.18903,0.6609703063964858
2024-08-14 19:00:00-05:00,35.46,33.847992,1.6120080566406259
2024-08-14 20:00:00-05:00,31.29,30.508835,0.7811651611328116
2024-08-14 21:00:00-05:00,25.76,26.718575,-0.9585745239257797
2024-08-14 22:00:00-05:00,22.45,23.044588,-0.5945880889892585
2024-08-14 23:00:00-05:00,20.74,22.728714,-1.988713989257814
2024-08-15 00:00:00-05:00,19.37,19.559929,-0.18992889404296776
2024-08-15 01:00:00-05:00,16.44,18.98734,-2.547340927124022
2024-08-15 02:00:00-05:00,15.45,18.0427,-2.592699813842774
2024-08-15 03:00:00-05:00,14.97,18.0427,-3.072699813842773
2024-08-15 04:00:00-05:00,16.89,19.080914,-2.1909135437011713
2024-08-15 05:00:00-05:00,21.24,21.280365,-0.04036499023437656
2024-08-15 06:00:00-05:00,22.72,21.850912,0.8690879058837879
2024-08-15 07:00:00-05:00,22.7,22.22434,0.47565956115722585
2024-08-15 08:00:00-05:00,24.29,23.158314,1.131686248779296
2024-08-15 09:00:00-05:00,27.29,25.432415,1.8575849914550773
2024-08-15 10:00:00-05:00,29.46,27.525627,1.934372863769532
2024-08-15 11:00:00-05:00,31.07,30.443512,0.6264880371093753
2024-08-15 12:00:00-05:00,30.66,30.423164,0.2368356323242189
2024-08-15 13:00:00-05:00,31.29,34.87519,-3.585190734863282
2024-08-15 14:00:00-05:00,32.27,35.08559,-2.815590362548825
2024-08-15 15:00:00-05:00,37.67,42.966953,-5.296953277587889
2024-08-15 16:00:00-05:00,40.78,45.908928,-5.128927917480468
2024-08-15 17:00:00-05:00,43.59,43.498707,0.09129318237305029
2024-08-15 18:00:00-05:00,44.26,39.99803,4.2619683837890605
2024-08-15 19:00:00-05:00,39.36,34.86326,4.496741638183593
2024-08-15 20:00:00-05:00,33.61,30.518234,3.091765747070312
2024-08-15 21:00:00-05:00,26.9,26.348074,0.5519260406494126
2024-08-15 22:00:00-05:00,22.92,22.68449,0.23550979614257983
2024-08-15 23:00:00-05:00,21.88,21.708092,0.17190826416015526
2024-08-16 00:00:00-05:00,20.53,19.827118,0.7028820800781261
2024-08-16 01:00:00-05:00,19.22,18.889818,0.33018180847167855
2024-08-16 02:00:00-05:00,17.38,18.801678,-1.4216777038574229
2024-08-16 03:00:00-05:00,16.06,17.414331,-1.3543314361572278
2024-08-16 04:00:00-05:00,18.17,19.066511,-0.896511154174803
2024-08-16 05:00:00-05:00,21.01,21.996542,-0.9865419769287094
2024-08-16 06:00:00-05:00,22.6,23.477047,-0.877046966552733
2024-08-16 07:00:00-05:00,22.45,23.66848,-1.2184799194335945
2024-08-16 08:00:00-05:00,24.3,23.933525,0.36647491455078196
2024-08-16 09:00:00-05:00,28.76,26.370419,2.389581451416017
2024-08-16 10:00:00-05:00,31.13,27.681665,3.4483345794677724
2024-08-16 11:00:00-05:00,33.56,29.286764,4.273235855102541
2024-08-16 12:00:00-05:00,35.76,29.62423,6.135770568847654
2024-08-16 13:00:00-05:00,36.45,30.470259,5.979741287231448
2024-08-16 14:00:00-05:00,40.87,31.534534,9.335465545654294
2024-08-16 15:00:00-05:00,45.97,35.73604,10.233961791992186
2024-08-16 16:00:00-05:00,48.27,42.41658,5.853419799804691
2024-08-16 17:00:00-05:00,46.88,43.2133,3.6667012023925807
2024-08-16 18:00:00-05:00,42.21,41.55496,0.6550416564941415
2024-08-16 19:00:00-05:00,36.17,36.002926,0.16707412719726733
2024-08-16 20:00:00-05:00,34.82,31.153034,3.666965789794922
2024-08-16 21:00:00-05:00,27.14,26.109304,1.0306955718994146
2024-08-16 22:00:00-05:00,24.06,23.863873,0.19612747192382685
2024-08-16 23:00:00-05:00,20.92,22.337845,-1.4178448486328108
2024-08-17 00:00:00-05:00,18.37,20.141712,-1.7717121887207021
2024-08-17 01:00:00-05:00,17.15,19.726568,-2.5765682220459
2024-08-17 02:00:00-05:00,16.66,18.856869,-2.1968687438964842
2024-08-17 03:00:00-05:00,15.34,18.354002,-3.0140019989013673
2024-08-17 04:00:00-05:00,15.51,19.138023,-3.628023376464844
2024-08-17 05:00:00-05:00,16.31,19.695995,-3.385995330810548
2024-08-17 06:00:00-05:00,16.16,20.493172,-4.333171691894531
2024-08-17 07:00:00-05:00,16.4,20.534416,-4.13441619873047
2024-08-17 08:00:00-05:00,18.17,20.962465,-2.792465286254881
2024-08-17 09:00:00-05:00,19.08,24.36281,-5.282810134887697
2024-08-17 10:00:00-05:00,20.18,26.010466,-5.8304656219482425
2024-08-17 11:00:00-05:00,19.75,28.503708,-8.753707885742188
2024-08-17 12:00:00-05:00,20.93,30.883463,-9.95346290588379
2024-08-17 13:00:00-05:00,21.9,30.864874,-8.9648738861084
2024-08-17 14:00:00-05:00,22.43,35.258316,-12.828316040039063
2024-08-17 15:00:00-05:00,27.05,39.252193,-12.202193450927734
2024-08-17 16:00:00-05:00,30.39,40.07177,-9.681769714355468
2024-08-17 17:00:00-05:00,31.98,40.46843,-8.488429565429687
2024-08-17 18:00:00-05:00,33.44,38.711655,-5.27165466308594
2024-08-17 19:00:00-05:00,29.93,33.50347,-3.573471374511719
2024-08-17 20:00:00-05:00,25.55,30.841515,-5.291514587402343
2024-08-17 21:00:00-05:00,22.87,24.53596,-1.665959243774413
2024-08-17 22:00:00-05:00,22.43,22.330555,0.09944503784179659
2024-08-17 23:00:00-05:00,20.05,20.6694,-0.6193992614746087
2024-08-18 00:00:00-05:00,19.89,19.665178,0.22482170104980526
2024-08-18 01:00:00-05:00,18.24,19.007984,-0.7679841613769547
2024-08-18 02:00:00-05:00,16.92,18.938322,-2.0183220672607405
2024-08-18 03:00:00-05:00,16.04,18.274832,-2.234831771850587
2024-08-18 04:00:00-05:00,16.01,18.172024,-2.162023773193358
2024-08-18 05:00:00-05:00,16.09,17.811941,-1.721941146850586
2024-08-18 06:00:00-05:00,16.45,17.926516,-1.4765155792236335
2024-08-18 07:00:00-05:00,16.64,17.96776,-1.3277600860595697
2024-08-18 08:00:00-05:00,18.52,19.004324,-0.48432395935058636
2024-08-18 09:00:00-05:00,21.14,20.678217,0.461783065795899
2024-08-18 10:00:00-05:00,23.03,21.201117,1.8288834381103527
2024-08-18 11:00:00-05:00,24.7,22.193579,2.506421279907226
2024-08-18 12:00:00-05:00,25.64,22.461237,3.178763046264649
2024-08-18 13:00:00-05:00,27.56,23.449764,4.110235748291014
2024-08-18 14:00:00-05:00,27.49,26.029911,1.4600889587402328
2024-08-18 15:00:00-05:00,31.82,29.079243,2.740757293701172
2024-08-18 16:00:00-05:00,35.84,34.58196,1.2580412292480503
2024-08-18 17:00:00-05:00,36.14,34.783894,1.3561064147949224
2024-08-18 18:00:00-05:00,36.59,36.257847,0.3321531677246128
2024-08-18 19:00:00-05:00,29.68,31.341368,-1.6613677215576175
2024-08-18 20:00:00-05:00,27.36,26.99597,0.36403022766113224
2024-08-18 21:00:00-05:00,23.72,24.41661,-0.6966107177734386
2024-08-18 22:00:00-05:00,22.79,22.196857,0.593142547607421
2024-08-18 23:00:00-05:00,20.97,20.705408,0.2645919036865223
2024-08-19 00:00:00-05:00,18.54,19.784004,-1.244004211425782
2024-08-19 01:00:00-05:00,16.95,19.51574,-2.5657394409179695
2024-08-19 02:00:00-05:00,16.03,19.113987,-3.0839869689941395
2024-08-19 03:00:00-05:00,15.92,18.490507,-2.5705071258544923
2024-08-19 04:00:00-05:00,17.4,19.405926,-2.0059257507324233
2024-08-19 05:00:00-05:00,21.64,20.673885,0.9661146545410162
2024-08-19 06:00:00-05:00,22.35,22.73909,-0.3890899658203111
2024-08-19 07:00:00-05:00,21.93,22.584053,-0.6540530395507815
2024-08-19 08:00:00-05:00,23.14,24.527302,-1.3873017883300776
2024-08-19 09:00:00-05:00,25.66,27.690977,-2.030977096557617
2024-08-19 10:00:00-05:00,26.08,29.469711,-3.389711303710939
2024-08-19 11:00:00-05:00,27.33,30.910564,-3.5805644226074236
2024-08-19 12:00:00-05:00,29.86,32.064075,-2.2040754699707037
2024-08-19 13:00:00-05:00,32.2,35.509975,-3.3099754333496065
2024-08-19 14:00:00-05:00,33.66,36.34443,-2.6844290161132847
2024-08-19 15:00:00-05:00,36.32,40.831272,-4.51127212524414
2024-08-19 16:00:00-05:00,37.16,43.965374,-6.805373992919925
2024-08-19 17:00:00-05:00,36.68,43.578434,-6.898433990478516
2024-08-19 18:00:00-05:00,37.7,42.622753,-4.922753143310544
2024-08-19 19:00:00-05:00,30.15,37.847595,-7.697595214843751
2024-08-19 20:00:00-05:00,26.9,33.7232,-6.823201751708986
2024-08-19 21:00:00-05:00,23.19,26.768667,-3.5786672210693347
2024-08-19 22:00:00-05:00,20.85,25.392544,-4.542543792724608
2024-08-19 23:00:00-05:00,19.91,22.871992,-2.9619921112060545
2024-08-20 00:00:00-05:00,18.04,20.31872,-2.2787198638916024
2024-08-20 01:00:00-05:00,16.67,19.385727,-2.715726928710936
2024-08-20 02:00:00-05:00,15.64,18.992542,-3.3525422668457026
2024-08-20 03:00:00-05:00,14.71,18.992542,-4.282542266845702
2024-08-20 04:00:00-05:00,17.2,19.467806,-2.2678058624267585
2024-08-20 05:00:00-05:00,21.49,22.76846,-1.278459320068361
2024-08-20 06:00:00-05:00,22.54,24.152643,-1.6126432037353524
2024-08-20 07:00:00-05:00,20.93,22.96933,-2.0393298339843753
2024-08-20 08:00:00-05:00,21.07,24.905779,-3.835778884887695
2024-08-20 09:00:00-05:00,22.26,25.975155,-3.715154876708983
2024-08-20 10:00:00-05:00,23.16,26.790287,-3.6302870178222655
2024-08-20 11:00:00-05:00,24.29,28.127567,-3.8375672912597665
2024-08-20 12:00:00-05:00,25.39,30.610226,-5.220225677490234
2024-08-20 13:00:00-05:00,27.35,32.146503,-4.796503448486327
2024-08-20 14:00:00-05:00,27.55,33.537724,-5.987723541259765
2024-08-20 15:00:00-05:00,30.68,37.05172,-6.371719665527344
2024-08-20 16:00:00-05:00,31.61,37.8611,-6.251099243164063
2024-08-20 17:00:00-05:00,32.62,38.38052,-5.760519866943362
2024-08-20 18:00:00-05:00,32.23,38.360134,-6.1301341247558625
2024-08-20 19:00:00-05:00,28.53,32.245815,-3.7158152770996082
2024-08-20 20:00:00-05:00,24.89,28.876999,-3.986998901367187
2024-08-20 21:00:00-05:00,21.42,25.10688,-3.6868801879882795
2024-08-20 22:00:00-05:00,20.18,23.250364,-3.0703643035888675
2024-08-20 23:00:00-05:00,18.54,21.723295,-3.183295211791993
2024-08-21 00:00:00-05:00,15.97,19.291286,-3.3212864685058587
2024-08-21 01:00:00-05:00,14.57,19.039808,-4.469808273315429
2024-08-21 02:00:00-05:00,13.51,18.385952,-4.87595199584961
2024-08-21 03:00:00-05:00,13.39,16.9164,-3.5264009094238276
2024-08-21 04:00:00-05:00,14.23,18.861216,-4.631215591430664
2024-08-21 05:00:00-05:00,18.15,21.394733,-3.2447334289550795
2024-08-21 06:00:00-05:00,19.32,22.33959,-3.0195900726318357
2024-08-21 07:00:00-05:00,17.58,21.823328,-4.243328018188478
2024-08-21 08:00:00-05:00,18.22,22.40993,-4.1899292755126964
2024-08-21 09:00:00-05:00,18.77,24.3023,-5.532299499511719
2024-08-21 10:00:00-05:00,18.83,25.924856,-7.094856185913088
2024-08-21 11:00:00-05:00,20.54,27.144754,-6.60475440979004
2024-08-21 12:00:00-05:00,21.45,27.429388,-5.979388046264649
2024-08-21 13:00:00-05:00,22.57,30.434921,-7.864921264648437
2024-08-21 14:00:00-05:00,22.98,31.0109,-8.030900497436523
2024-08-21 15:00:00-05:00,24.24,33.914906,-9.674905548095705
2024-08-21 16:00:00-05:00,24.8,34.5847,-9.784701538085937
2024-08-21 17:00:00-05:00,26.69,34.909275,-8.21927505493164
2024-08-21 18:00:00-05:00,27.64,35.009476,-7.369475708007812
2024-08-21 19:00:00-05:00,25.54,31.487436,-5.947436294555665
2024-08-21 20:00:00-05:00,23.95,27.699656,-3.7496555328369148
2024-08-21 21:00:00-05:00,20.16,24.233646,-4.0736463928222655
2024-08-21 22:00:00-05:00,18.74,22.446774,-3.706773529052736
2024-08-21 23:00:00-05:00,17.05,21.687658,-4.637658309936523
2024-08-22 00:00:00-05:00,15.15,19.345215,-4.19521484375
2024-08-22 01:00:00-05:00,13.24,17.545273,-4.305272827148437
2024-08-22 02:00:00-05:00,12.38,17.564919,-5.1849185180664055
2024-08-22 03:00:00-05:00,12.23,17.527124,-5.297124404907226
2024-08-22 04:00:00-05:00,12.5,17.973867,-5.473867416381836
2024-08-22 05:00:00-05:00,16.18,21.38178,-5.201780624389649
2024-08-22 06:00:00-05:00,17.04,22.778362,-5.738362274169923
2024-08-22 07:00:00-05:00,16.18,22.204767,-6.024767227172852
2024-08-22 08:00:00-05:00,16.54,23.282442,-6.742442092895509
2024-08-22 09:00:00-05:00,17.62,24.751774,-7.131773834228515
2024-08-22 10:00:00-05:00,18.32,26.470362,-8.150361709594726
2024-08-22 11:00:00-05:00,19.78,27.22912,-7.4491202545166
2024-08-22 12:00:00-05:00,22.88,27.86747,-4.987469787597657
2024-08-22 13:00:00-05:00,24.46,29.120785,-4.6607847595214835
2024-08-22 14:00:00-05:00,24.86,29.57034,-4.71033920288086
2024-08-22 15:00:00-05:00,27.34,32.002792,-4.662792358398438
2024-08-22 16:00:00-05:00,29.56,32.229168,-2.669167938232423
2024-08-22 17:00:00-05:00,29.61,34.54108,-4.931080474853516
2024-08-22 18:00:00-05:00,30.41,34.464535,-4.054534759521484
2024-08-22 19:00:00-05:00,26.0,31.625362,-5.625362396240234
2024-08-22 20:00:00-05:00,24.54,27.92767,-3.3876695251464852
2024-08-22 21:00:00-05:00,19.8,24.763554,-4.963553619384765
2024-08-22 22:00:00-05:00,18.1,22.468151,-4.3681510925292955
2024-08-22 23:00:00-05:00,18.09,21.838724,-3.748724136352539
2024-08-23 00:00:00-05:00,16.36,18.931416,-2.5714155578613287
2024-08-23 01:00:00-05:00,13.55,18.296738,-4.746737670898437
2024-08-23 02:00:00-05:00,12.07,17.162338,-5.092338256835937
2024-08-23 03:00:00-05:00,11.76,16.589382,-4.82938217163086
2024-08-23 04:00:00-05:00,13.21,17.53454,-4.324540176391601
2024-08-23 05:00:00-05:00,16.13,21.121525,-4.991524810791017
2024-08-23 06:00:00-05:00,16.79,22.195374,-5.405373535156251
2024-08-23 07:00:00-05:00,16.01,21.938032,-5.928032150268553
2024-08-23 08:00:00-05:00,17.98,23.100107,-5.120107192993164
2024-08-23 09:00:00-05:00,19.43,25.336428,-5.906427688598633
2024-08-23 10:00:00-05:00,21.45,25.900368,-4.450367736816407
2024-08-23 11:00:00-05:00,24.49,26.611773,-2.121772537231447
2024-08-23 12:00:00-05:00,26.55,28.946096,-2.3960964202880852
2024-08-23 13:00:00-05:00,29.39,29.481981,-0.09198127746581974
2024-08-23 14:00:00-05:00,31.75,30.10591,1.6440906524658203
2024-08-23 15:00:00-05:00,38.47,32.840874,5.62912628173828
2024-08-23 16:00:00-05:00,37.59,33.971645,3.618354644775394
2024-08-23 17:00:00-05:00,38.64,33.942013,4.697987213134766
2024-08-23 18:00:00-05:00,35.85,34.394943,1.455056762695314
2024-08-23 19:00:00-05:00,29.02,30.596937,-1.5769371795654301
2024-08-23 20:00:00-05:00,26.05,28.083246,-2.033246231079101
2024-08-23 21:00:00-05:00,21.27,23.817862,-2.5478615570068364
2024-08-23 22:00:00-05:00,18.17,22.609188,-4.439188079833983
2024-08-23 23:00:00-05:00,18.29,21.516565,-3.2265653228759774
2024-08-24 00:00:00-05:00,16.51,19.043638,-2.5336382293701156
2024-08-24 01:00:00-05:00,15.36,16.88511,-1.5251108551025396
2024-08-24 02:00:00-05:00,13.99,15.448268,-1.4582679367065428
2024-08-24 03:00:00-05:00,13.42,14.813276,-1.3932762908935548
2024-08-24 04:00:00-05:00,13.52,15.522673,-2.0026726531982426
2024-08-24 05:00:00-05:00,13.77,17.885044,-4.115044097900391
2024-08-24 06:00:00-05:00,13.27,18.327808,-5.0578083801269536
2024-08-24 07:00:00-05:00,13.58,18.02159,-4.441589279174805
2024-08-24 08:00:00-05:00,16.25,18.899343,-2.649343490600586
2024-08-24 09:00:00-05:00,19.05,19.283098,-0.2330982208251946
2024-08-24 10:00:00-05:00,20.51,20.766811,-0.2568113708496078
2024-08-24 11:00:00-05:00,23.75,22.379822,1.37017822265625
2024-08-24 12:00:00-05:00,25.62,24.35453,1.2654696655273447
2024-08-24 13:00:00-05:00,27.76,26.414246,1.3457543945312516
2024-08-24 14:00:00-05:00,29.99,28.053312,1.9366876983642562
2024-08-24 15:00:00-05:00,35.49,37.115364,-1.6253640747070293
2024-08-24 16:00:00-05:00,41.23,36.18422,5.045780639648434
2024-08-24 17:00:00-05:00,43.52,38.61274,4.907260437011722
2024-08-24 18:00:00-05:00,42.61,37.051777,5.558223114013671
2024-08-24 19:00:00-05:00,31.11,28.474154,2.6358464813232416
2024-08-24 20:00:00-05:00,25.02,25.829002,-0.8090023803710942
2024-08-24 21:00:00-05:00,23.55,21.540009,2.0099914550781257
2024-08-24 22:00:00-05:00,20.35,20.366943,-0.01694335937499858
2024-08-24 23:00:00-05:00,18.41,19.708118,-1.298118438720703
2024-08-25 00:00:00-05:00,15.39,18.633295,-3.243295059204101
2024-08-25 01:00:00-05:00,14.57,17.73428,-3.164279632568359
2024-08-25 02:00:00-05:00,13.42,16.21901,-2.7990093994140626
2024-08-25 03:00:00-05:00,12.4,17.2578,-4.85779914855957
2024-08-25 04:00:00-05:00,12.2,17.07921,-4.879210281372071
2024-08-25 05:00:00-05:00,12.78,17.830935,-5.0509345245361335
2024-08-25 06:00:00-05:00,12.76,18.077448,-5.317447891235352
2024-08-25 07:00:00-05:00,13.37,18.118692,-4.74869239807129
2024-08-25 08:00:00-05:00,16.41,19.62492,-3.2149198913574217
2024-08-25 09:00:00-05:00,21.6,20.937479,0.6625209808349624
2024-08-25 10:00:00-05:00,24.54,22.477217,2.0627832794189445
2024-08-25 11:00:00-05:00,28.18,24.725798,3.4542023468017575
2024-08-25 12:00:00-05:00,30.82,26.024916,4.795084304809571
2024-08-25 13:00:00-05:00,33.89,27.09024,6.799759521484376
2024-08-25 14:00:00-05:00,37.96,28.847467,9.11253257751465
2024-08-25 15:00:00-05:00,46.07,37.859783,8.210216827392578
2024-08-25 16:00:00-05:00,61.17,45.225277,15.944723052978517
2024-08-25 17:00:00-05:00,68.24,46.63813,21.601869812011714
2024-08-25 18:00:00-05:00,72.72,46.573063,26.146937103271483
2024-08-25 19:00:00-05:00,49.98,31.997047,17.98295257568359
2024-08-25 20:00:00-05:00,38.22,26.511522,11.708477706909179
2024-08-25 21:00:00-05:00,31.15,24.533018,6.616981887817381
2024-08-25 22:00:00-05:00,24.64,22.359327,2.280672683715821
2024-08-25 23:00:00-05:00,22.44,21.334454,1.1055464172363294
2024-08-26 00:00:00-05:00,20.19,19.120264,1.0697359466552747
2024-08-26 01:00:00-05:00,17.69,17.077757,0.6122431182861341
2024-08-26 02:00:00-05:00,16.43,16.96378,-0.5337794494628909
2024-08-26 03:00:00-05:00,17.27,16.170479,1.0995211791992183
2024-08-26 04:00:00-05:00,20.08,16.750423,3.329576568603514
2024-08-26 05:00:00-05:00,23.22,19.235258,3.9847418975830067
2024-08-26 06:00:00-05:00,24.94,20.692673,4.247327270507814
2024-08-26 07:00:00-05:00,24.04,21.425,2.6150007629394523
2024-08-26 08:00:00-05:00,26.8,23.631502,3.168497848510743
2024-08-26 09:00:00-05:00,38.7,25.914747,12.785252761840823
2024-08-26 10:00:00-05:00,47.13,28.809696,18.320303802490237
2024-08-26 11:00:00-05:00,59.38,31.70719,27.67281044006348
2024-08-26 12:00:00-05:00,78.11,35.519,42.59099899291992
2024-08-26 13:00:00-05:00,83.67,37.764606,45.905393524169924
2024-08-26 14:00:00-05:00,102.94,43.95189,58.98811096191406
2024-08-26 15:00:00-05:00,139.45,48.671318,90.77868194580077
2024-08-26 16:00:00-05:00,159.39,68.22094,91.16906036376952
2024-08-26 17:00:00-05:00,164.55,76.86823,87.68176727294923
2024-08-26 18:00:00-05:00,144.52,77.219574,67.30042602539064
2024-08-26 19:00:00-05:00,110.13,48.501602,61.62839782714843
2024-08-26 20:00:00-05:00,74.83,39.756226,35.0737744140625
2024-08-26 21:00:00-05:00,51.1,31.421068,19.67893180847168
2024-08-26 22:00:00-05:00,32.23,24.1747,8.055300216674802
2024-08-26 23:00:00-05:00,28.78,23.674534,5.1054661560058605
2024-08-27 00:00:00-05:00,25.69,20.825603,4.864396514892579
2024-08-27 01:00:00-05:00,21.13,19.912586,1.2174137878417959
2024-08-27 02:00:00-05:00,19.03,18.798603,0.231396942138673
2024-08-27 03:00:00-05:00,18.42,18.105118,0.3148822021484392
2024-08-27 04:00:00-05:00,21.01,19.178251,1.8317487335205094
2024-08-27 05:00:00-05:00,25.27,23.276646,1.993354339599609
2024-08-27 06:00:00-05:00,25.25,24.258142,0.9918575286865234
2024-08-27 07:00:00-05:00,25.19,23.138721,2.051278533935548
2024-08-27 08:00:00-05:00,28.22,25.977337,2.242663116455077
2024-08-27 09:00:00-05:00,37.19,36.146027,1.0439733886718727
2024-08-27 10:00:00-05:00,45.96,42.40578,3.5542192077636727
2024-08-27 11:00:00-05:00,63.87,51.422157,12.447842712402341
2024-08-27 12:00:00-05:00,73.77,73.863266,-0.09326599121094148
2024-08-27 13:00:00-05:00,88.99,86.86015,2.1298468017578074
2024-08-27 14:00:00-05:00,112.64,108.11425,4.525749816894532
2024-08-27 15:00:00-05:00,144.31,112.888306,31.421694335937502
2024-08-27 16:00:00-05:00,168.42,105.54118,62.8788165283203
2024-08-27 17:00:00-05:00,158.77,102.81725,55.95274688720704
2024-08-27 18:00:00-05:00,151.27,87.90191,63.36809112548829
2024-08-27 19:00:00-05:00,95.93,114.59704,-18.667038269042962
2024-08-27 20:00:00-05:00,59.91,74.02177,-14.11176666259766
2024-08-27 21:00:00-05:00,42.52,44.2214,-1.7014012145996062
2024-08-27 22:00:00-05:00,31.88,27.910137,3.969862823486327
2024-08-27 23:00:00-05:00,30.48,26.022116,4.4578842926025395
2024-08-28 00:00:00-05:00,30.06,22.15267,7.907330093383788
2024-08-28 01:00:00-05:00,26.18,20.109047,6.0709530639648435
2024-08-28 02:00:00-05:00,24.13,18.976097,5.153902893066405
2024-08-28 03:00:00-05:00,24.17,18.918747,5.251253051757814
2024-08-28 04:00:00-05:00,24.71,20.429499,4.280501327514649
2024-08-28 05:00:00-05:00,30.85,22.843767,8.006232833862306
2024-08-28 06:00:00-05:00,31.66,23.044897,8.615102920532227
2024-08-28 07:00:00-05:00,29.16,23.158728,6.001272354125977
2024-08-28 08:00:00-05:00,32.26,24.471134,7.788865814208982
2024-08-28 09:00:00-05:00,41.43,31.317421,10.112579040527343
2024-08-28 10:00:00-05:00,44.43,40.625732,3.8042675781249997
2024-08-28 11:00:00-05:00,50.18,59.257553,-9.077553100585938
2024-08-28 12:00:00-05:00,56.82,63.831936,-7.011935882568359
2024-08-28 13:00:00-05:00,66.53,66.31823,0.2117703247070324
2024-08-28 14:00:00-05:00,73.16,88.180115,-15.020114746093753
2024-08-28 15:00:00-05:00,84.88,81.9827,2.8973034667968705
2024-08-28 16:00:00-05:00,82.64,88.0425,-5.402503356933593
2024-08-28 17:00:00-05:00,76.13,91.02026,-14.890263671875005
2024-08-28 18:00:00-05:00,62.82,103.48161,-40.66161315917969
2024-08-28 19:00:00-05:00,48.11,72.7209,-24.610901489257813
2024-08-28 20:00:00-05:00,35.13,53.643227,-18.513226623535154
2024-08-28 21:00:00-05:00,29.7,39.111805,-9.411804962158204
2024-08-28 22:00:00-05:00,22.31,27.140835,-4.830834808349611
2024-08-28 23:00:00-05:00,22.04,26.404888,-4.364888153076173
2024-08-29 00:00:00-05:00,21.13,24.380236,-3.2502356719970713
2024-08-29 01:00:00-05:00,17.92,22.13057,-4.210569458007811
2024-08-29 02:00:00-05:00,16.63,20.337048,-3.707047576904298
2024-08-29 03:00:00-05:00,16.21,20.676016,-4.466015853881835
2024-08-29 04:00:00-05:00,19.03,21.286716,-2.2567164611816395
2024-08-29 05:00:00-05:00,22.26,25.980051,-3.7200510406494125
2024-08-29 06:00:00-05:00,23.16,26.71396,-3.5539606475830077
2024-08-29 07:00:00-05:00,22.97,25.546877,-2.576876907348634
2024-08-29 08:00:00-05:00,26.22,27.618711,-1.3987114715576183
2024-08-29 09:00:00-05:00,29.45,38.30928,-8.859280395507813
2024-08-29 10:00:00-05:00,31.09,40.443554,-9.353553924560547
2024-08-29 11:00:00-05:00,36.26,43.30413,-7.044130554199221
2024-08-29 12:00:00-05:00,37.19,54.543488,-17.353487548828127
2024-08-29 13:00:00-05:00,45.05,62.106438,-17.05643768310547
2024-08-29 14:00:00-05:00,48.28,70.249176,-21.969176025390624
2024-08-29 15:00:00-05:00,58.71,77.435196,-18.72519592285156
2024-08-29 16:00:00-05:00,67.86,77.7773,-9.917297973632813
2024-08-29 17:00:00-05:00,66.9,77.23164,-10.331643676757807
2024-08-29 18:00:00-05:00,67.98,58.23152,9.748478393554691
2024-08-29 19:00:00-05:00,45.04,43.411964,1.628035583496093
2024-08-29 20:00:00-05:00,38.24,35.79216,2.4478399658203145
2024-08-29 21:00:00-05:00,31.34,30.730227,0.609773483276367
2024-08-29 22:00:00-05:00,24.47,24.17621,0.29378959655761605
2024-08-29 23:00:00-05:00,22.36,23.796446,-1.4364458465576178
2024-08-30 00:00:00-05:00,21.52,20.738083,0.7819171142578121
2024-08-30 01:00:00-05:00,18.94,19.219038,-0.2790380096435534
2024-08-30 02:00:00-05:00,17.26,17.931417,-0.6714174652099594
2024-08-30 03:00:00-05:00,16.53,17.524939,-0.9949385833740223
2024-08-30 04:00:00-05:00,18.79,18.863285,-0.07328506469726648
2024-08-30 05:00:00-05:00,22.81,22.612244,0.19775634765624872
2024-08-30 06:00:00-05:00,24.35,23.55538,0.7946201324462905
2024-08-30 07:00:00-05:00,23.79,23.54618,0.2438192749023429
2024-08-30 08:00:00-05:00,28.68,25.059818,3.620181732177734
2024-08-30 09:00:00-05:00,29.38,29.383516,-0.0035163116455088073
2024-08-30 10:00:00-05:00,31.64,31.1558,0.4842001342773443
2024-08-30 11:00:00-05:00,38.41,33.728592,4.681408081054684
2024-08-30 12:00:00-05:00,44.6,35.59602,9.003980255126955
2024-08-30 13:00:00-05:00,48.94,39.193657,9.746343078613279
2024-08-30 14:00:00-05:00,50.15,41.45781,8.692190551757811
2024-08-30 15:00:00-05:00,57.62,55.59274,2.027260894775388
2024-08-30 16:00:00-05:00,59.08,66.10833,-7.0283297729492205
2024-08-30 17:00:00-05:00,53.15,64.30715,-11.157151794433595
2024-08-30 18:00:00-05:00,47.97,62.005367,-14.035367279052736
2024-08-30 19:00:00-05:00,38.87,37.836735,1.0332652282714818
2024-08-30 20:00:00-05:00,35.14,33.95756,1.1824385070800787
2024-08-30 21:00:00-05:00,30.03,29.41049,0.619509963989259
2024-08-30 22:00:00-05:00,24.84,23.438444,1.4015558624267577
2024-08-30 23:00:00-05:00,22.33,22.991327,-0.6613272857666033
2024-08-31 00:00:00-05:00,21.46,19.954224,1.5057763671875009
2024-08-31 01:00:00-05:00,19.69,18.774147,0.915852966308595
2024-08-31 02:00:00-05:00,18.51,17.535786,0.9742143249511734
2024-08-31 03:00:00-05:00,17.88,17.279057,0.6009434509277334
2024-08-31 04:00:00-05:00,18.18,17.506432,0.673568420410156
2024-08-31 05:00:00-05:00,18.46,20.615585,-2.1555853271484366
2024-08-31 06:00:00-05:00,19.43,19.67109,-0.24108917236328153
2024-08-31 07:00:00-05:00,20.3,19.03425,1.2657497406005866
2024-08-31 08:00:00-05:00,22.43,21.717272,0.7127281951904294
2024-08-31 09:00:00-05:00,24.3,23.473402,0.826597976684571
2024-08-31 10:00:00-05:00,26.03,24.39025,1.6397507476806652
2024-08-31 11:00:00-05:00,25.82,29.8939,-4.073899917602539
2024-08-31 12:00:00-05:00,26.35,33.520485,-7.170484924316405
2024-08-31 13:00:00-05:00,28.37,31.924902,-3.5549019622802724
2024-08-31 14:00:00-05:00,29.24,33.72731,-4.487310180664064
2024-08-31 15:00:00-05:00,31.43,43.565994,-12.135994262695313
2024-08-31 16:00:00-05:00,41.09,48.48503,-7.395031127929684
2024-08-31 17:00:00-05:00,41.92,42.397057,-0.47705657958984204
2024-08-31 18:00:00-05:00,36.03,40.786972,-4.756972045898436
2024-08-31 19:00:00-05:00,29.08,33.01841,-3.938409729003908
2024-08-31 20:00:00-05:00,24.79,28.606745,-3.8167447662353524
2024-08-31 21:00:00-05:00,21.28,24.623615,-3.343615264892577
2024-08-31 22:00:00-05:00,19.74,20.320892,-0.5808923339843766
2024-08-31 23:00:00-05:00,18.05,18.910074,-0.8600742340087884
2024-09-01 00:00:00-05:00,16.1,17.579529,-1.4795288085937486
2024-09-01 01:00:00-05:00,14.67,16.916298,-2.2462979125976563
2024-09-01 02:00:00-05:00,13.44,16.586731,-3.1467309570312505
2024-09-01 03:00:00-05:00,12.21,16.333403,-4.123402633666991
2024-09-01 04:00:00-05:00,12.22,16.01739,-3.797389297485351
2024-09-01 05:00:00-05:00,12.88,15.939583,-3.0595828247070305
2024-09-01 06:00:00-05:00,13.17,15.941359,-2.7713585662841798
2024-09-01 07:00:00-05:00,14.42,16.311779,-1.891779022216797
2024-09-01 08:00:00-05:00,15.3,17.980042,-2.6800415039062493
2024-09-01 09:00:00-05:00,17.61,19.241175,-1.6311746978759771
2024-09-01 10:00:00-05:00,18.41,21.370275,-2.9602754974365233
2024-09-01 11:00:00-05:00,20.8,23.334234,-2.5342342376708977
2024-09-01 12:00:00-05:00,22.23,24.066679,-1.8366790008544918
2024-09-01 13:00:00-05:00,23.57,26.166945,-2.5969445037841794
2024-09-01 14:00:00-05:00,23.25,28.426725,-5.176725387573242
2024-09-01 15:00:00-05:00,23.54,29.263004,-5.7230043029785165
2024-09-01 16:00:00-05:00,26.76,36.963757,-10.203756561279295
2024-09-01 17:00:00-05:00,28.6,38.388783,-9.788782501220702
2024-09-01 18:00:00-05:00,29.62,33.543255,-3.923254852294921
2024-09-01 19:00:00-05:00,26.78,30.183607,-3.4036071014404286
2024-09-01 20:00:00-05:00,23.12,26.127466,-3.0074662017822256
2024-09-01 21:00:00-05:00,20.6,23.751177,-3.151176834106444
2024-09-01 22:00:00-05:00,18.77,19.667624,-0.8976235198974614
2024-09-01 23:00:00-05:00,17.45,17.615868,-0.16586761474609446
2024-09-02 00:00:00-05:00,15.88,16.068548,-0.18854820251464766
2024-09-02 01:00:00-05:00,13.9,14.6286,-0.7286001205444332
2024-09-02 02:00:00-05:00,12.92,13.978015,-1.0580149459838868
2024-09-02 03:00:00-05:00,12.95,12.993456,-0.04345588684082102
2024-09-02 04:00:00-05:00,13.36,13.3940935,-0.0340935134887701
2024-09-02 05:00:00-05:00,13.81,16.574919,-2.7649187469482417
2024-09-02 06:00:00-05:00,13.59,19.738955,-6.148954544067383
2024-09-02 07:00:00-05:00,13.63,19.282372,-5.652371520996093
2024-09-02 08:00:00-05:00,14.53,22.874294,-8.34429428100586
2024-09-02 09:00:00-05:00,16.89,26.12817,-9.238170013427734
2024-09-02 10:00:00-05:00,17.78,27.518795,-9.738795013427733
2024-09-02 11:00:00-05:00,19.29,31.600418,-12.310418090820313
2024-09-02 12:00:00-05:00,20.85,32.572994,-11.722994232177733
2024-09-02 13:00:00-05:00,22.34,33.762497,-11.422496948242188
2024-09-02 14:00:00-05:00,22.83,33.495716,-10.665716094970705
2024-09-02 15:00:00-05:00,24.67,35.81942,-11.149419860839842
2024-09-02 16:00:00-05:00,26.44,41.340397,-14.900396881103514
2024-09-02 17:00:00-05:00,28.72,41.422802,-12.702801971435548
2024-09-02 18:00:00-05:00,30.69,39.435154,-8.74515396118164
2024-09-02 19:00:00-05:00,25.95,37.177166,-11.227165985107423
2024-09-02 20:00:00-05:00,22.6,33.80312,-11.203119659423827
2024-09-02 21:00:00-05:00,19.33,29.468561,-10.138561172485353
2024-09-02 22:00:00-05:00,15.66,22.991096,-7.331096496582031
2024-09-02 23:00:00-05:00,15.69,21.533615,-5.843615112304688
2024-09-03 00:00:00-05:00,13.76,19.703154,-5.943153610229492
2024-09-03 01:00:00-05:00,11.68,16.73106,-5.051060028076172
2024-09-03 02:00:00-05:00,11.15,15.571992,-4.421991920471191
2024-09-03 03:00:00-05:00,10.68,15.348754,-4.668753929138184
2024-09-03 04:00:00-05:00,12.31,16.838013,-4.5280126953124995
2024-09-03 05:00:00-05:00,15.54,20.73114,-5.191140136718751
2024-09-03 06:00:00-05:00,18.96,21.769253,-2.8092527770996085
2024-09-03 07:00:00-05:00,17.03,21.805056,-4.775055618286132
2024-09-03 08:00:00-05:00,17.64,23.571337,-5.93133674621582
2024-09-03 09:00:00-05:00,19.0,26.38335,-7.383350372314453
2024-09-03 10:00:00-05:00,19.95,26.852106,-6.902106094360352
2024-09-03 11:00:00-05:00,21.33,31.098566,-9.768566055297853
2024-09-03 12:00:00-05:00,23.19,31.50145,-8.311449584960936
2024-09-03 13:00:00-05:00,23.58,32.237244,-8.657243652343752
2024-09-03 14:00:00-05:00,23.68,32.399475,-8.71947509765625
2024-09-03 15:00:00-05:00,27.41,33.046055,-5.6360548400878905
2024-09-03 16:00:00-05:00,30.38,36.441074,-6.061074371337892
2024-09-03 17:00:00-05:00,32.47,40.253155,-7.783154754638673
2024-09-03 18:00:00-05:00,34.57,38.68119,-4.111190490722656
2024-09-03 19:00:00-05:00,26.91,34.273544,-7.363544311523437
2024-09-03 20:00:00-05:00,23.67,33.452087,-9.782087402343748
2024-09-03 21:00:00-05:00,20.62,27.931831,-7.31183135986328
2024-09-03 22:00:00-05:00,16.8,24.06063,-7.260630798339843
2024-09-03 23:00:00-05:00,15.74,23.860477,-8.120477447509765
2024-09-04 00:00:00-05:00,13.25,22.373274,-9.123273849487305
2024-09-04 01:00:00-05:00,12.27,20.58868,-8.318680267333985
2024-09-04 02:00:00-05:00,11.87,19.29703,-7.427029495239259
2024-09-04 03:00:00-05:00,12.0,18.769682,-6.769681930541992
2024-09-04 04:00:00-05:00,13.4,20.356924,-6.956924057006836
2024-09-04 05:00:00-05:00,16.64,23.289593,-6.649592742919921
2024-09-04 06:00:00-05:00,19.18,25.053585,-5.873585052490235
2024-09-04 07:00:00-05:00,16.73,25.055695,-8.325694580078125
2024-09-04 08:00:00-05:00,17.52,25.423527,-7.903526763916016
2024-09-04 09:00:00-05:00,19.2,28.801878,-9.601877975463868
2024-09-04 10:00:00-05:00,21.6,29.482681,-7.882681274414061
2024-09-04 11:00:00-05:00,22.09,31.067492,-8.97749153137207
2024-09-04 12:00:00-05:00,24.52,33.432854,-8.91285369873047
2024-09-04 13:00:00-05:00,25.67,34.170673,-8.500673370361326
2024-09-04 14:00:00-05:00,27.08,33.86381,-6.783811492919924
2024-09-04 15:00:00-05:00,30.77,34.01061,-3.2406086730957036
2024-09-04 16:00:00-05:00,34.31,36.238407,-1.9284071350097634
2024-09-04 17:00:00-05:00,38.69,36.689503,2.0004972839355446
2024-09-04 18:00:00-05:00,36.68,38.55026,-1.8702586364746097
2024-09-04 19:00:00-05:00,29.33,31.543217,-2.2132167053222673
2024-09-04 20:00:00-05:00,25.43,26.826338,-1.396337814331055
2024-09-04 21:00:00-05:00,23.08,24.759083,-1.6790827941894548
2024-09-04 22:00:00-05:00,20.63,20.624065,0.00593460083007713
2024-09-04 23:00:00-05:00,19.41,20.276604,-0.8666036987304686
2024-09-05 00:00:00-05:00,15.86,16.69077,-0.8307691955566412
2024-09-05 01:00:00-05:00,14.16,15.178803,-1.0188034439086913
2024-09-05 02:00:00-05:00,13.34,15.438707,-2.0987073516845705
2024-09-05 03:00:00-05:00,13.21,15.438707,-2.2287073516845695
2024-09-05 04:00:00-05:00,14.81,15.6608305,-0.8508304977416987
2024-09-05 05:00:00-05:00,18.72,19.164442,-0.4444420623779308
2024-09-05 06:00:00-05:00,21.36,21.858238,-0.4982382202148443
2024-09-05 07:00:00-05:00,20.38,21.046873,-0.6668730926513682
2024-09-05 08:00:00-05:00,20.51,23.184053,-2.6740534210205062
2024-09-05 09:00:00-05:00,22.53,24.883179,-2.353178710937499
2024-09-05 10:00:00-05:00,23.9,25.873316,-1.973315811157228
2024-09-05 11:00:00-05:00,27.91,26.850483,1.059517059326172
2024-09-05 12:00:00-05:00,32.5,28.881662,3.618337631225586
2024-09-05 13:00:00-05:00,32.45,30.599924,1.8500759124755888
2024-09-05 14:00:00-05:00,32.76,31.726738,1.0332620239257793
2024-09-05 15:00:00-05:00,37.85,35.896202,1.9537979125976577
2024-09-05 16:00:00-05:00,41.87,37.272675,4.597325439453122
2024-09-05 17:00:00-05:00,45.55,41.425728,4.124272155761716
2024-09-05 18:00:00-05:00,49.45,39.680298,9.769702148437503
2024-09-05 19:00:00-05:00,40.75,32.79874,7.951259613037109
2024-09-05 20:00:00-05:00,31.8,29.180403,2.619597244262696
2024-09-05 21:00:00-05:00,25.49,25.926472,-0.4364717102050797
2024-09-05 22:00:00-05:00,23.42,23.848116,-0.4281159210205061
2024-09-05 23:00:00-05:00,21.06,21.241465,-0.18146461486816534
2024-09-06 00:00:00-05:00,18.58,17.867569,0.7124310302734358
2024-09-06 01:00:00-05:00,18.01,16.350697,1.6593034362792984
2024-09-06 02:00:00-05:00,16.52,16.775858,-0.2558579254150395
2024-09-06 03:00:00-05:00,16.48,17.208418,-0.7284178924560543
2024-09-06 04:00:00-05:00,17.19,17.845175,-0.6551747894287097
2024-09-06 05:00:00-05:00,21.92,21.661453,0.2585467529296892
2024-09-06 06:00:00-05:00,24.62,24.409334,0.21066581726074318
2024-09-06 07:00:00-05:00,23.58,23.913107,-0.33310691833496264
2024-09-06 08:00:00-05:00,25.36,26.485239,-1.1252390289306646
2024-09-06 09:00:00-05:00,25.78,26.807997,-1.0279967498779286
2024-09-06 10:00:00-05:00,24.05,27.421404,-3.3714038848876946
2024-09-06 11:00:00-05:00,22.1,32.20749,-10.107489013671874
2024-09-06 12:00:00-05:00,22.09,34.10421,-12.014209899902344
2024-09-06 13:00:00-05:00,21.27,34.338497,-13.068497161865235
2024-09-06 14:00:00-05:00,19.99,34.49671,-14.506711730957033
2024-09-06 15:00:00-05:00,19.82,41.026768,-21.20676773071289
2024-09-06 16:00:00-05:00,20.18,44.97009,-24.790088958740235
2024-09-06 17:00:00-05:00,22.03,48.712914,-26.682913513183593
2024-09-06 18:00:00-05:00,23.97,47.6616,-23.691598205566407
2024-09-06 19:00:00-05:00,24.66,40.119312,-15.459312286376953
2024-09-06 20:00:00-05:00,22.21,31.422981,-9.21298126220703
2024-09-06 21:00:00-05:00,19.31,26.138514,-6.828513565063478
2024-09-06 22:00:00-05:00,18.43,24.685822,-6.255821533203125
2024-09-06 23:00:00-05:00,18.68,22.350494,-3.6704943847656253
2024-09-07 00:00:00-05:00,16.92,19.607595,-2.6875954437255842
2024-09-07 01:00:00-05:00,16.38,19.26734,-2.8873397064208994
2024-09-07 02:00:00-05:00,15.42,18.892073,-3.4720726776123048
2024-09-07 03:00:00-05:00,15.17,18.389542,-3.2195416259765626
2024-09-07 04:00:00-05:00,15.06,18.172321,-3.1123213195800776
2024-09-07 05:00:00-05:00,15.8,19.915344,-4.115344238281249
2024-09-07 06:00:00-05:00,16.03,21.14097,-5.110970230102538
2024-09-07 07:00:00-05:00,16.35,20.691706,-4.34170570373535
2024-09-07 08:00:00-05:00,17.23,21.965208,-4.735208053588867
2024-09-07 09:00:00-05:00,18.58,23.069149,-4.489149017333986
2024-09-07 10:00:00-05:00,18.83,23.23505,-4.405050201416017
2024-09-07 11:00:00-05:00,19.52,22.423843,-2.903843383789063
2024-09-07 12:00:00-05:00,19.03,22.726856,-3.696856231689452
2024-09-07 13:00:00-05:00,20.1,23.722752,-3.622751617431639
2024-09-07 14:00:00-05:00,20.44,23.972572,-3.532572326660155
2024-09-07 15:00:00-05:00,21.16,25.790958,-4.6309584045410155
2024-09-07 16:00:00-05:00,22.62,29.150124,-6.530123596191405
2024-09-07 17:00:00-05:00,25.59,30.25132,-4.661319885253906
2024-09-07 18:00:00-05:00,29.2,29.789783,-0.5897834777832038
2024-09-07 19:00:00-05:00,25.29,28.368673,-3.078673324584962
2024-09-07 20:00:00-05:00,21.95,24.792957,-2.842957305908204
2024-09-07 21:00:00-05:00,19.37,21.732698,-2.362698440551757
2024-09-07 22:00:00-05:00,17.75,21.854212,-4.104211807250977
2024-09-07 23:00:00-05:00,16.67,22.137632,-5.4676323699951155
2024-09-08 00:00:00-05:00,15.65,20.955067,-5.305066680908203
2024-09-08 01:00:00-05:00,14.97,20.47618,-5.506179122924804
2024-09-08 02:00:00-05:00,13.82,20.731657,-6.911657028198242
2024-09-08 03:00:00-05:00,13.9,19.571424,-5.671424484252929
2024-09-08 04:00:00-05:00,13.95,19.469814,-5.51981430053711
2024-09-08 05:00:00-05:00,15.66,20.335081,-4.675081100463867
2024-09-08 06:00:00-05:00,15.51,20.303608,-4.793607940673828
2024-09-08 07:00:00-05:00,14.6,20.405067,-5.805067443847657
2024-09-08 08:00:00-05:00,13.65,20.605988,-6.955987548828125
2024-09-08 09:00:00-05:00,14.61,21.006187,-6.396187438964844
2024-09-08 10:00:00-05:00,15.46,21.14645,-5.6864500427246085
2024-09-08 11:00:00-05:00,16.01,22.211285,-6.20128463745117
2024-09-08 12:00:00-05:00,17.28,23.384285,-6.10428497314453
2024-09-08 13:00:00-05:00,18.33,24.557507,-6.227506561279299
2024-09-08 14:00:00-05:00,18.71,24.784264,-6.074263610839843
2024-09-08 15:00:00-05:00,20.46,26.116768,-5.65676788330078
2024-09-08 16:00:00-05:00,23.21,27.430399,-4.220398941040038
2024-09-08 17:00:00-05:00,29.86,30.03992,-0.1799208068847662
2024-09-08 18:00:00-05:00,35.97,31.541313,4.42868682861328
2024-09-08 19:00:00-05:00,25.89,28.888294,-2.9982942199707026
2024-09-08 20:00:00-05:00,21.75,26.299593,-4.549592971801758
2024-09-08 21:00:00-05:00,19.83,23.115925,-3.28592483520508
2024-09-08 22:00:00-05:00,17.72,22.216915,-4.4969151306152355
2024-09-08 23:00:00-05:00,17.14,21.631996,-4.491996154785156
2024-09-09 00:00:00-05:00,14.15,19.940495,-5.790494537353515
2024-09-09 01:00:00-05:00,13.42,18.396656,-4.976656036376953
2024-09-09 02:00:00-05:00,12.57,17.752954,-5.182954483032226
2024-09-09 03:00:00-05:00,12.85,17.306662,-4.456661605834961
2024-09-09 04:00:00-05:00,14.48,18.168442,-3.688441772460937
2024-09-09 05:00:00-05:00,19.02,21.150793,-2.130793075561524
2024-09-09 06:00:00-05:00,21.24,23.704632,-2.4646318054199234
2024-09-09 07:00:00-05:00,18.75,21.975832,-3.225831985473633
2024-09-09 08:00:00-05:00,18.98,22.71835,-3.738349456787109
2024-09-09 09:00:00-05:00,22.92,22.518435,0.4015654754638689
2024-09-09 10:00:00-05:00,23.61,22.96156,0.6484407043457026
2024-09-09 11:00:00-05:00,24.69,22.930864,1.759135665893556
2024-09-09 12:00:00-05:00,24.87,23.014847,1.8551531982421885
2024-09-09 13:00:00-05:00,25.14,23.91994,1.2200590515136724
2024-09-09 14:00:00-05:00,25.9,24.10937,1.790630722045897
2024-09-09 15:00:00-05:00,29.43,26.205343,3.224656753540039
2024-09-09 16:00:00-05:00,34.0,27.644287,6.355712890625
2024-09-09 17:00:00-05:00,40.14,32.53875,7.601250305175782
2024-09-09 18:00:00-05:00,44.18,36.887802,7.292197875976562
2024-09-09 19:00:00-05:00,33.94,28.51738,5.42262023925781
2024-09-09 20:00:00-05:00,26.9,24.453705,2.4462951660156236
2024-09-09 21:00:00-05:00,23.87,22.044851,1.825148696899415
2024-09-09 22:00:00-05:00,24.07,21.2811,2.7889006805419925
2024-09-09 23:00:00-05:00,24.29,21.062365,3.227635421752929
2024-09-10 00:00:00-05:00,22.14,17.287043,4.852957382202149
2024-09-10 01:00:00-05:00,19.25,17.232668,2.017332077026367
2024-09-10 02:00:00-05:00,19.37,16.27967,3.0903292846679697
2024-09-10 03:00:00-05:00,19.54,16.20389,3.3361101531982413
2024-09-10 04:00:00-05:00,21.2,17.147274,4.052725982666015
2024-09-10 05:00:00-05:00,26.24,20.218494,6.021505584716795
2024-09-10 06:00:00-05:00,24.97,21.978548,2.991451950073241
2024-09-10 07:00:00-05:00,20.86,21.18327,-0.32326950073242244
2024-09-10 08:00:00-05:00,19.13,21.682394,-2.552394027709962
2024-09-10 09:00:00-05:00,21.45,23.853579,-2.4035785675048835
2024-09-10 10:00:00-05:00,22.17,23.972624,-1.8026238250732405
2024-09-10 11:00:00-05:00,24.21,24.452703,-0.24270347595214758
2024-09-10 12:00:00-05:00,28.39,25.473572,2.9164282226562506
2024-09-10 13:00:00-05:00,30.95,25.604174,5.345826339721679
2024-09-10 14:00:00-05:00,33.37,25.745853,7.624146575927732
2024-09-10 15:00:00-05:00,39.78,28.799513,10.980487136840821
2024-09-10 16:00:00-05:00,47.39,33.00558,14.384419097900391
2024-09-10 17:00:00-05:00,52.02,39.922707,12.097293395996097
2024-09-10 18:00:00-05:00,52.28,43.102688,9.177312164306642
2024-09-10 19:00:00-05:00,38.74,32.19309,6.546911468505861
2024-09-10 20:00:00-05:00,30.82,26.59131,4.2286894989013675
2024-09-10 21:00:00-05:00,25.59,23.691566,1.8984335327148436
2024-09-10 22:00:00-05:00,22.3,23.012249,-0.7122489929199212
2024-09-10 23:00:00-05:00,21.64,22.90264,-1.2626393890380854
2024-09-11 00:00:00-05:00,19.13,20.474384,-1.3443843078613291
2024-09-11 01:00:00-05:00,16.8,19.44755,-2.6475498199462884
2024-09-11 02:00:00-05:00,16.36,19.145306,-2.7853056335449224
2024-09-11 03:00:00-05:00,16.63,19.28632,-2.6563197326660166
2024-09-11 04:00:00-05:00,20.44,19.48007,0.9599298858642591
2024-09-11 05:00:00-05:00,24.48,22.622877,1.8571228790283207
2024-09-11 06:00:00-05:00,23.75,23.0572,0.6928005218505859
2024-09-11 07:00:00-05:00,21.05,21.674887,-0.6248867034912102
2024-09-11 08:00:00-05:00,21.54,20.734564,0.8054361724853507
2024-09-11 09:00:00-05:00,26.65,22.020489,4.629511260986327
2024-09-11 10:00:00-05:00,29.21,22.77315,6.4368505096435555
2024-09-11 11:00:00-05:00,31.18,23.310356,7.869643859863281
2024-09-11 12:00:00-05:00,37.13,26.998531,10.131468658447268
2024-09-11 13:00:00-05:00,44.47,28.324596,16.145403594970702
2024-09-11 14:00:00-05:00,48.4,29.079475,19.320524597167967
2024-09-11 15:00:00-05:00,58.42,35.55491,22.865091247558595
2024-09-11 16:00:00-05:00,68.87,39.09044,29.779561157226567
2024-09-11 17:00:00-05:00,74.01,43.915745,30.094255218505864
2024-09-11 18:00:00-05:00,67.82,44.544823,23.2751773071289
2024-09-11 19:00:00-05:00,48.89,33.93255,14.957451477050782
2024-09-11 20:00:00-05:00,37.26,27.155851,10.104148635864256
2024-09-11 21:00:00-05:00,29.04,24.17808,4.86192039489746
2024-09-11 22:00:00-05:00,25.99,22.21092,3.7790796661376937
2024-09-11 23:00:00-05:00,24.9,21.613834,3.286165618896483
2024-09-12 00:00:00-05:00,21.24,18.258743,2.981256713867186
2024-09-12 01:00:00-05:00,18.55,17.892921,0.6570785522460945
2024-09-12 02:00:00-05:00,18.65,17.60698,1.043020629882811
2024-09-12 03:00:00-05:00,18.65,17.954445,0.6955551147460923
2024-09-12 04:00:00-05:00,19.92,19.157866,0.7621344757080095
2024-09-12 05:00:00-05:00,25.42,22.305454,3.114545745849611
2024-09-12 06:00:00-05:00,26.94,23.665514,3.274486007690431
2024-09-12 07:00:00-05:00,21.59,22.624632,-1.0346318817138673
2024-09-12 08:00:00-05:00,22.76,23.003126,-0.24312614440917812
2024-09-12 09:00:00-05:00,28.49,25.724503,2.765497436523436
2024-09-12 10:00:00-05:00,30.96,28.078587,2.8814134216308602
2024-09-12 11:00:00-05:00,33.4,29.867744,3.5322555541992173
2024-09-12 12:00:00-05:00,36.54,34.780617,1.759383239746093
2024-09-12 13:00:00-05:00,41.41,40.910126,0.4998742675781216
2024-09-12 14:00:00-05:00,46.65,41.996357,4.6536430358886705
2024-09-12 15:00:00-05:00,54.9,55.407803,-0.5078025817871108
2024-09-12 16:00:00-05:00,60.82,64.14433,-3.324332885742187
2024-09-12 17:00:00-05:00,62.04,68.86513,-6.825127563476563
2024-09-12 18:00:00-05:00,56.76,63.524895,-6.764894714355471
2024-09-12 19:00:00-05:00,39.11,47.405865,-8.295864715576172
2024-09-12 20:00:00-05:00,31.89,34.478962,-2.5889619445800776
2024-09-12 21:00:00-05:00,25.75,28.18471,-2.4347095489501953
2024-09-12 22:00:00-05:00,24.24,25.858002,-1.6180017089843766
2024-09-12 23:00:00-05:00,22.89,24.114496,-1.224496231079101
2024-09-13 00:00:00-05:00,16.16,20.606148,-4.446147766113281
2024-09-13 01:00:00-05:00,14.59,19.460724,-4.870723876953125
2024-09-13 02:00:00-05:00,14.2,19.307762,-5.1077621459960945
2024-09-13 03:00:00-05:00,13.86,19.071098,-5.211098327636719
2024-09-13 04:00:00-05:00,15.72,19.505312,-3.785311965942382
2024-09-13 05:00:00-05:00,19.52,24.092978,-4.572977523803711
2024-09-13 06:00:00-05:00,22.21,26.759531,-4.549531021118163
2024-09-13 07:00:00-05:00,20.42,23.780441,-3.360441284179686
2024-09-13 08:00:00-05:00,22.29,25.316128,-3.0261277770996102
2024-09-13 09:00:00-05:00,27.58,27.183203,0.39679725646972486
2024-09-13 10:00:00-05:00,26.99,28.295668,-1.3056676483154313
2024-09-13 11:00:00-05:00,27.17,30.15183,-2.9818306732177717
2024-09-13 12:00:00-05:00,27.42,33.446533,-6.026533203124998
2024-09-13 13:00:00-05:00,29.02,39.311462,-10.29146240234375
2024-09-13 14:00:00-05:00,30.82,43.200096,-12.380096130371093
2024-09-13 15:00:00-05:00,33.09,49.49878,-16.408779296874997
2024-09-13 16:00:00-05:00,37.18,53.5164,-16.336399383544922
2024-09-13 17:00:00-05:00,40.3,55.19516,-14.895159912109378
2024-09-13 18:00:00-05:00,36.31,51.60832,-15.29831832885742
2024-09-13 19:00:00-05:00,29.59,36.31698,-6.726978454589844
2024-09-13 20:00:00-05:00,27.07,29.12436,-2.0543591308593747
2024-09-13 21:00:00-05:00,23.34,24.382978,-1.0429784393310548
2024-09-13 22:00:00-05:00,20.89,23.125696,-2.235696182250976
2024-09-13 23:00:00-05:00,19.98,23.02511,-3.045110244750976
2024-09-14 00:00:00-05:00,19.95,18.968363,0.9816371917724602
2024-09-14 01:00:00-05:00,18.94,17.297716,1.642283859252931
2024-09-14 02:00:00-05:00,17.31,17.163061,0.14693885803222528
2024-09-14 03:00:00-05:00,16.67,17.100405,-0.4304047393798811
2024-09-14 04:00:00-05:00,17.5,19.845749,-2.3457489013671875
2024-09-14 05:00:00-05:00,19.39,20.945503,-1.5555032348632807
2024-09-14 06:00:00-05:00,20.62,21.918772,-1.298771743774413
2024-09-14 07:00:00-05:00,20.4,20.7644,-0.3644004821777358
2024-09-14 08:00:00-05:00,22.32,21.589083,0.7309172821044925
2024-09-14 09:00:00-05:00,27.67,24.672243,2.997756881713869
2024-09-14 10:00:00-05:00,28.0,25.01441,2.9855899810791016
2024-09-14 11:00:00-05:00,29.13,25.825209,3.3047913360595693
2024-09-14 12:00:00-05:00,31.58,26.50123,5.078769760131834
2024-09-14 13:00:00-05:00,33.97,28.79071,5.179289550781249
2024-09-14 14:00:00-05:00,36.96,29.144215,7.815785369873048
2024-09-14 15:00:00-05:00,42.85,30.876009,11.973991012573244
2024-09-14 16:00:00-05:00,54.72,36.154457,18.565542907714843
2024-09-14 17:00:00-05:00,56.32,43.85981,12.460190124511719
2024-09-14 18:00:00-05:00,45.66,37.451527,8.208473358154293
2024-09-14 19:00:00-05:00,33.24,29.21477,4.025230636596682
2024-09-14 20:00:00-05:00,28.31,27.837149,0.4728513336181628
2024-09-14 21:00:00-05:00,23.96,23.447859,0.5121411895751962
2024-09-14 22:00:00-05:00,21.39,21.831423,-0.44142280578613224
2024-09-14 23:00:00-05:00,20.15,21.279812,-1.1298118591308608
2024-09-15 00:00:00-05:00,19.28,20.372986,-1.0929858398437489
2024-09-15 01:00:00-05:00,16.83,19.886328,-3.056327743530275
2024-09-15 02:00:00-05:00,15.82,19.207525,-3.387525253295898
2024-09-15 03:00:00-05:00,15.34,18.956646,-3.616645965576172
2024-09-15 04:00:00-05:00,15.17,19.012339,-3.842338638305664
2024-09-15 05:00:00-05:00,15.37,19.477913,-4.107912902832032
2024-09-15 06:00:00-05:00,16.25,20.346367,-4.096366882324219
2024-09-15 07:00:00-05:00,16.11,19.78919,-3.679190292358399
2024-09-15 08:00:00-05:00,19.57,20.754976,-1.1849762725830075
2024-09-15 09:00:00-05:00,23.35,24.079033,-0.7290328979492173
2024-09-15 10:00:00-05:00,23.79,25.050762,-1.2607621765136727
2024-09-15 11:00:00-05:00,26.94,26.108513,0.8314871215820325
2024-09-15 12:00:00-05:00,29.12,28.410933,0.7090674591064463
2024-09-15 13:00:00-05:00,29.84,30.562862,-0.7228623962402345
2024-09-15 14:00:00-05:00,33.29,32.850334,0.4396658325195304
2024-09-15 15:00:00-05:00,39.6,39.763443,-0.16344299316406108
2024-09-15 16:00:00-05:00,51.91,45.391895,6.5181047058105435
2024-09-15 17:00:00-05:00,60.56,49.195797,11.364203033447268
2024-09-15 18:00:00-05:00,52.87,43.183544,9.68645584106445
2024-09-15 19:00:00-05:00,34.78,31.14049,3.639510421752931
2024-09-15 20:00:00-05:00,27.96,26.627525,1.332474670410157
2024-09-15 21:00:00-05:00,23.75,23.056393,0.6936073303222656
2024-09-15 22:00:00-05:00,22.38,21.337002,1.0429981994628896
2024-09-15 23:00:00-05:00,20.45,20.750944,-0.3009441375732429
2024-09-16 00:00:00-05:00,19.33,19.355057,-0.025056762695314205
2024-09-16 01:00:00-05:00,17.87,18.285967,-0.4159668731689443
2024-09-16 02:00:00-05:00,16.87,18.045744,-1.1757439422607412
2024-09-16 03:00:00-05:00,17.32,18.045744,-0.7257439422607419
2024-09-16 04:00:00-05:00,19.42,17.98186,1.4381407928466814
2024-09-16 05:00:00-05:00,28.04,20.992743,7.047257461547851
2024-09-16 06:00:00-05:00,26.85,21.89697,4.953029251098634
2024-09-16 07:00:00-05:00,25.16,21.969358,3.190641555786133
2024-09-16 08:00:00-05:00,26.78,22.704065,4.075934677124025
2024-09-16 09:00:00-05:00,31.28,27.992851,3.2871487426757824
2024-09-16 10:00:00-05:00,35.54,27.419601,8.120398559570312
2024-09-16 11:00:00-05:00,36.5,29.847485,6.652515411376953
2024-09-16 12:00:00-05:00,37.34,31.546354,5.793645706176761
2024-09-16 13:00:00-05:00,40.45,32.046104,8.403895568847659
2024-09-16 14:00:00-05:00,44.71,34.259533,10.450467071533204
2024-09-16 15:00:00-05:00,52.09,42.291695,9.798305358886722
2024-09-16 16:00:00-05:00,66.6,51.38908,15.210919952392572
2024-09-16 17:00:00-05:00,72.26,65.63072,6.629277954101568
2024-09-16 18:00:00-05:00,56.83,57.69524,-0.8652400207519548
2024-09-16 19:00:00-05:00,43.85,37.88428,5.965718841552736
2024-09-16 20:00:00-05:00,34.96,28.794535,6.165465316772462
2024-09-16 21:00:00-05:00,26.23,24.204674,2.0253262329101567
2024-09-16 22:00:00-05:00,23.46,23.608627,-0.14862731933593665
2024-09-16 23:00:00-05:00,21.93,22.433296,-0.5032962036132815
2024-09-17 00:00:00-05:00,19.54,19.808865,-0.2688645935058602
2024-09-17 01:00:00-05:00,17.48,19.199488,-1.7194876861572261
2024-09-17 02:00:00-05:00,16.55,18.75202,-2.2020198822021477
2024-09-17 03:00:00-05:00,15.98,18.476002,-2.4960017395019527
2024-09-17 04:00:00-05:00,21.48,19.463432,2.0165676879882817
2024-09-17 05:00:00-05:00,28.87,25.097635,3.772364730834962
2024-09-17 06:00:00-05:00,27.71,25.842678,1.8673219299316415
2024-09-17 07:00:00-05:00,22.92,23.242634,-0.3226338195800764
2024-09-17 08:00:00-05:00,23.3,24.645222,-1.3452217102050774
2024-09-17 09:00:00-05:00,27.14,28.6253,-1.485299453735351
2024-09-17 10:00:00-05:00,31.74,33.468914,-1.7289140319824234
2024-09-17 11:00:00-05:00,31.84,33.465866,-1.6258660888671876
2024-09-17 12:00:00-05:00,35.61,35.02536,0.5846398925781244
2024-09-17 13:00:00-05:00,39.12,40.0297,-0.9097012329101588
2024-09-17 14:00:00-05:00,42.89,41.393654,1.4963461303710943
2024-09-17 15:00:00-05:00,50.08,48.837006,1.2429943847656233
2024-09-17 16:00:00-05:00,57.92,62.171253,-4.251253204345701
2024-09-17 17:00:00-05:00,60.43,66.57336,-6.143356628417969
2024-09-17 18:00:00-05:00,55.24,56.42175,-1.1817491149902324
2024-09-17 19:00:00-05:00,39.75,41.513496,-1.7634963989257812
2024-09-17 20:00:00-05:00,32.1,32.920876,-0.8208755493164048
2024-09-17 21:00:00-05:00,26.33,24.837845,1.4921551513671858
2024-09-17 22:00:00-05:00,24.13,22.558048,1.5719517517089834
2024-09-17 23:00:00-05:00,22.76,21.492094,1.2679059600830094
2024-09-18 00:00:00-05:00,21.52,18.840582,2.679418106079101
2024-09-18 01:00:00-05:00,18.53,17.987034,0.5429661560058605
2024-09-18 02:00:00-05:00,17.79,17.721588,0.06841186523437415
2024-09-18 03:00:00-05:00,19.1,17.45807,1.6419292449951186
2024-09-18 04:00:00-05:00,19.76,19.801764,-0.041763534545896874
2024-09-18 05:00:00-05:00,27.41,26.136433,1.273567352294922
2024-09-18 06:00:00-05:00,29.52,26.065619,3.454381484985351
2024-09-18 07:00:00-05:00,24.69,23.052427,1.637572708129884
2024-09-18 08:00:00-05:00,23.16,23.967457,-0.807456817626953
2024-09-18 09:00:00-05:00,26.83,27.245167,-0.41516677856445483
2024-09-18 10:00:00-05:00,30.06,31.241943,-1.1819433593750013
2024-09-18 11:00:00-05:00,35.41,31.29038,4.119619522094723
2024-09-18 12:00:00-05:00,37.12,36.257256,0.8627444458007787
2024-09-18 13:00:00-05:00,37.34,39.59859,-2.2585908508300747
2024-09-18 14:00:00-05:00,43.12,44.217606,-1.097605590820315
2024-09-18 15:00:00-05:00,49.33,49.24702,0.08297927856445142
2024-09-18 16:00:00-05:00,54.59,56.297012,-1.707012329101559
2024-09-18 17:00:00-05:00,57.48,60.303833,-2.823833007812503
2024-09-18 18:00:00-05:00,59.32,53.094906,6.225094146728516
2024-09-18 19:00:00-05:00,43.26,41.102016,2.1579835510253886
2024-09-18 20:00:00-05:00,36.25,32.461166,3.7888336181640625
2024-09-18 21:00:00-05:00,28.09,26.90652,1.1834791564941405
2024-09-18 22:00:00-05:00,25.38,24.47936,0.9006394195556631
2024-09-18 23:00:00-05:00,25.13,24.36857,0.7614296722412099
2024-09-19 00:00:00-05:00,22.22,20.273924,1.9460761260986317
2024-09-19 01:00:00-05:00,18.44,19.050026,-0.610025939941405
2024-09-19 02:00:00-05:00,17.53,18.345808,-0.8158080291748036
2024-09-19 03:00:00-05:00,16.65,18.855747,-2.205747222900392
2024-09-19 04:00:00-05:00,18.53,19.11388,-0.583880157470702
2024-09-19 05:00:00-05:00,27.36,26.06689,1.293109283447265
2024-09-19 06:00:00-05:00,29.68,28.234854,1.4451462554931638
2024-09-19 07:00:00-05:00,24.01,24.230366,-0.22036575317382656
2024-09-19 08:00:00-05:00,24.25,25.061981,-0.811981201171875
2024-09-19 09:00:00-05:00,27.79,29.0366,-1.24660011291504
2024-09-19 10:00:00-05:00,28.91,30.349457,-1.4394567871093749
2024-09-19 11:00:00-05:00,35.18,34.964832,0.2151676940917966
2024-09-19 12:00:00-05:00,36.61,35.84621,0.7637895202636713
2024-09-19 13:00:00-05:00,42.28,36.86127,5.4187290954589855
2024-09-19 14:00:00-05:00,48.35,43.7573,4.592698669433595
2024-09-19 15:00:00-05:00,56.64,48.42407,8.215931549072266
2024-09-19 16:00:00-05:00,66.64,55.280144,11.359856262207032
2024-09-19 17:00:00-05:00,70.92,60.03292,10.887079162597658
2024-09-19 18:00:00-05:00,68.85,57.428688,11.421311950683588
2024-09-19 19:00:00-05:00,47.06,42.867626,4.192373809814455
2024-09-19 20:00:00-05:00,38.39,33.952583,4.437416687011719
2024-09-19 21:00:00-05:00,30.63,26.53644,4.093560104370116
2024-09-19 22:00:00-05:00,25.72,24.62536,1.0946395111083973
2024-09-19 23:00:00-05:00,23.55,23.815691,-0.2656909942626946
2024-09-20 00:00:00-05:00,21.08,20.167551,0.9124489593505842
2024-09-20 01:00:00-05:00,19.08,18.936155,0.1438446807861311
2024-09-20 02:00:00-05:00,18.43,18.231937,0.1980625915527341
2024-09-20 03:00:00-05:00,18.53,18.13675,0.39325073242187614
2024-09-20 04:00:00-05:00,20.59,19.11165,1.4783495330810545
2024-09-20 05:00:00-05:00,26.77,25.00383,1.766170043945312
2024-09-20 06:00:00-05:00,30.45,27.46692,2.9830791473388665
2024-09-20 07:00:00-05:00,27.12,23.58268,3.5373202514648447
2024-09-20 08:00:00-05:00,27.72,23.928017,3.7919833374023426
2024-09-20 09:00:00-05:00,32.89,27.729864,5.160135879516602
2024-09-20 10:00:00-05:00,37.43,28.099152,9.330848388671875
2024-09-20 11:00:00-05:00,41.5,32.71416,8.785839080810547
2024-09-20 12:00:00-05:00,44.07,33.63989,10.430111236572266
2024-09-20 13:00:00-05:00,51.35,39.81346,11.536538696289064
2024-09-20 14:00:00-05:00,55.83,43.316082,12.513917999267576
2024-09-20 15:00:00-05:00,70.57,53.60356,16.966438598632806
2024-09-20 16:00:00-05:00,82.07,62.51673,19.553268737792962
2024-09-20 17:00:00-05:00,78.02,64.758965,13.261035461425777
2024-09-20 18:00:00-05:00,62.72,60.94593,1.7740695190429676
2024-09-20 19:00:00-05:00,45.99,42.583115,3.4068853759765645
2024-09-20 20:00:00-05:00,37.22,35.706036,1.513964385986327
2024-09-20 21:00:00-05:00,25.79,28.31942,-2.5294198608398446
2024-09-20 22:00:00-05:00,22.95,23.77174,-0.8217399597167976
2024-09-20 23:00:00-05:00,22.88,22.492958,0.38704193115234276
2024-09-21 00:00:00-05:00,22.25,20.876333,1.373666763305664
2024-09-21 01:00:00-05:00,19.39,19.957836,-0.5678361511230463
2024-09-21 02:00:00-05:00,18.6,19.912117,-1.3121170043945298
2024-09-21 03:00:00-05:00,17.58,19.557726,-1.977725906372072
2024-09-21 04:00:00-05:00,18.85,19.850492,-1.0004924774169908
2024-09-21 05:00:00-05:00,20.32,22.73199,-2.411990814208984
2024-09-21 06:00:00-05:00,21.6,25.860743,-4.260742568969725
2024-09-21 07:00:00-05:00,20.62,23.229784,-2.6097840118408193
2024-09-21 08:00:00-05:00,21.78,23.622675,-1.8426749420166004
2024-09-21 09:00:00-05:00,25.68,27.601318,-1.9213183593750003
2024-09-21 10:00:00-05:00,28.82,31.222994,-2.4029938507080075
2024-09-21 11:00:00-05:00,34.21,35.79348,-1.583479919433593
2024-09-21 12:00:00-05:00,36.3,38.718307,-2.4183074951171903
2024-09-21 13:00:00-05:00,40.14,40.54161,-0.40161071777343693
2024-09-21 14:00:00-05:00,46.18,44.979946,1.2000538635253903
2024-09-21 15:00:00-05:00,52.17,49.90825,2.261751098632814
2024-09-21 16:00:00-05:00,61.28,55.90036,5.379639892578126
2024-09-21 17:00:00-05:00,63.67,51.99718,11.672819061279299
2024-09-21 18:00:00-05:00,49.37,53.13268,-3.7626789855957057
2024-09-21 19:00:00-05:00,38.65,39.979687,-1.3296867370605483
2024-09-21 20:00:00-05:00,33.21,31.566809,1.6431912994384774
2024-09-21 21:00:00-05:00,26.55,23.587446,2.962553787231446
2024-09-21 22:00:00-05:00,23.93,22.069328,1.860671691894531
2024-09-21 23:00:00-05:00,22.09,22.45353,-0.3635293579101564
2024-09-22 00:00:00-05:00,22.19,20.264448,1.9255518341064466
2024-09-22 01:00:00-05:00,19.31,19.266695,0.04330497741699091
2024-09-22 02:00:00-05:00,17.88,19.00917,-1.1291705322265635
2024-09-22 03:00:00-05:00,16.65,18.114534,-1.4645343780517592
2024-09-22 04:00:00-05:00,17.23,18.528955,-1.2989554595947261
2024-09-22 05:00:00-05:00,18.57,19.14818,-0.57818000793457
2024-09-22 06:00:00-05:00,18.26,19.596294,-1.3362944030761703
2024-09-22 07:00:00-05:00,19.88,18.33729,1.542710189819335
2024-09-22 08:00:00-05:00,22.07,19.30554,2.764459915161133
2024-09-22 09:00:00-05:00,23.07,22.582258,0.4877417755126956
2024-09-22 10:00:00-05:00,25.26,24.505577,0.7544229125976578
2024-09-22 11:00:00-05:00,27.91,28.848742,-0.9387415313720702
2024-09-22 12:00:00-05:00,28.69,30.66268,-1.9726796722412097
2024-09-22 13:00:00-05:00,30.37,34.6966,-4.32660186767578
2024-09-22 14:00:00-05:00,30.42,39.14822,-8.728220062255858
2024-09-22 15:00:00-05:00,33.38,45.879448,-12.499447937011716
2024-09-22 16:00:00-05:00,38.35,56.91668,-18.566679382324217
2024-09-22 17:00:00-05:00,45.73,63.270714,-17.540713806152347
2024-09-22 18:00:00-05:00,43.67,48.500538,-4.830537872314451
2024-09-22 19:00:00-05:00,37.51,38.086575,-0.5765745544433614
2024-09-22 20:00:00-05:00,28.81,29.63294,-0.8229402923583997
2024-09-22 21:00:00-05:00,24.05,24.691977,-0.6419765472412102
2024-09-22 22:00:00-05:00,23.29,22.27705,1.0129499816894523
2024-09-22 23:00:00-05:00,21.72,20.72613,0.9938704681396473
2024-09-23 00:00:00-05:00,20.04,20.2213,-0.18130012512207117
2024-09-23 01:00:00-05:00,18.0,19.587776,-1.5877761840820312
2024-09-23 02:00:00-05:00,18.13,19.186123,-1.0561228942871104
2024-09-23 03:00:00-05:00,18.69,18.784374,-0.0943742370605456
2024-09-23 04:00:00-05:00,20.8,18.989708,1.810292053222657
2024-09-23 05:00:00-05:00,26.84,24.969507,1.8704927825927733
2024-09-23 06:00:00-05:00,29.93,28.216635,1.7133652496337888
2024-09-23 07:00:00-05:00,23.92,26.264887,-2.3448868560791
2024-09-23 08:00:00-05:00,25.01,27.798895,-2.788894882202147
2024-09-23 09:00:00-05:00,26.25,31.066841,-4.816841125488281
2024-09-23 10:00:00-05:00,25.97,34.406113,-8.436112670898439
2024-09-23 11:00:00-05:00,27.68,37.725536,-10.045536346435547
2024-09-23 12:00:00-05:00,30.54,40.15944,-9.619439086914063
2024-09-23 13:00:00-05:00,32.42,42.358578,-9.938577728271483
2024-09-23 14:00:00-05:00,31.45,42.402534,-10.952534484863282
2024-09-23 15:00:00-05:00,33.27,45.02634,-11.756340484619137
2024-09-23 16:00:00-05:00,35.61,51.457787,-15.847786560058594
2024-09-23 17:00:00-05:00,41.35,60.69636,-19.346361541748045
2024-09-23 18:00:00-05:00,44.36,52.636112,-8.276112213134766
2024-09-23 19:00:00-05:00,35.07,41.11281,-6.042808227539062
2024-09-23 20:00:00-05:00,29.25,35.117214,-5.867214202880859
2024-09-23 21:00:00-05:00,24.0,26.073973,-2.073972702026367
2024-09-23 22:00:00-05:00,21.87,24.097979,-2.2279785919189443
2024-09-23 23:00:00-05:00,21.11,22.232916,-1.122915878295899
2024-09-24 00:00:00-05:00,19.92,19.816282,0.10371772766113452
2024-09-24 01:00:00-05:00,18.98,19.420452,-0.44045211791992145
2024-09-24 02:00:00-05:00,17.93,19.323055,-1.3930552673339847
2024-09-24 03:00:00-05:00,18.25,19.503311,-1.2533111572265625
2024-09-24 04:00:00-05:00,21.14,20.169302,0.9706980133056646
2024-09-24 05:00:00-05:00,28.4,26.08812,2.311880493164061
2024-09-24 06:00:00-05:00,34.07,28.146439,5.923561401367188
2024-09-24 07:00:00-05:00,28.1,24.099075,4.000924682617189
2024-09-24 08:00:00-05:00,28.18,24.357327,3.8226734924316403
2024-09-24 09:00:00-05:00,29.73,26.447498,3.2825016784667973
2024-09-24 10:00:00-05:00,28.45,28.279938,0.1700622558593743
2024-09-24 11:00:00-05:00,29.85,30.6413,-0.7913002014160142
2024-09-24 12:00:00-05:00,29.21,33.64552,-4.435519256591796
2024-09-24 13:00:00-05:00,30.72,35.33273,-4.6127293395996105
2024-09-24 14:00:00-05:00,30.6,36.13633,-5.536329650878905
2024-09-24 15:00:00-05:00,31.17,37.39252,-6.222520904541014
2024-09-24 16:00:00-05:00,34.69,42.445995,-7.755995330810549
2024-09-24 17:00:00-05:00,38.71,45.83494,-7.124941864013671
2024-09-24 18:00:00-05:00,43.05,44.87261,-1.822608184814456
2024-09-24 19:00:00-05:00,36.87,36.636997,0.23300277709960682
2024-09-24 20:00:00-05:00,32.97,30.306591,2.663408966064452
2024-09-24 21:00:00-05:00,27.26,25.173395,2.08660484313965
2024-09-24 22:00:00-05:00,25.06,23.41405,1.6459508514404284
2024-09-24 23:00:00-05:00,23.71,22.088846,1.6211537933349618
2024-09-25 00:00:00-05:00,23.6,19.949564,3.6504360198974624
2024-09-25 01:00:00-05:00,22.34,19.504475,2.8355253601074217
2024-09-25 02:00:00-05:00,21.69,19.330177,2.359822692871095
2024-09-25 03:00:00-05:00,21.91,19.054163,2.8558370208740236
2024-09-25 04:00:00-05:00,24.15,20.318678,3.831322097778319
2024-09-25 05:00:00-05:00,31.23,27.088745,4.1412548828125
2024-09-25 06:00:00-05:00,40.47,33.088085,7.381914825439452
2024-09-25 07:00:00-05:00,31.97,26.182434,5.787565917968749
2024-09-25 08:00:00-05:00,30.93,26.002949,4.927051239013672
2024-09-25 09:00:00-05:00,35.35,27.93153,7.4184700012207045
2024-09-25 10:00:00-05:00,35.53,28.632092,6.897908477783204
2024-09-25 11:00:00-05:00,36.47,31.507223,4.962776870727538
2024-09-25 12:00:00-05:00,37.44,31.824577,5.615422668457029
2024-09-25 13:00:00-05:00,39.06,32.41787,6.6421304321289085
2024-09-25 14:00:00-05:00,39.89,32.58101,7.308991088867188
2024-09-25 15:00:00-05:00,39.83,32.854843,6.975156860351561
2024-09-25 16:00:00-05:00,46.88,36.663876,10.216124420166018
2024-09-25 17:00:00-05:00,52.28,40.445145,11.834855346679689
2024-09-25 18:00:00-05:00,50.64,44.640743,5.999256744384766
2024-09-25 19:00:00-05:00,43.93,37.222733,6.707267456054687
2024-09-25 20:00:00-05:00,36.45,32.824833,3.625167083740237
2024-09-25 21:00:00-05:00,27.42,26.225008,1.194991989135744
2024-09-25 22:00:00-05:00,26.07,24.173098,1.8969023895263675
2024-09-25 23:00:00-05:00,21.93,24.135195,-2.205194778442383
2024-09-26 00:00:00-05:00,20.66,22.515865,-1.8558653259277342
2024-09-26 01:00:00-05:00,19.79,20.94173,-1.151730499267579
2024-09-26 02:00:00-05:00,18.97,20.403393,-1.433392791748048
2024-09-26 03:00:00-05:00,19.56,20.558435,-0.9984354400634778
2024-09-26 04:00:00-05:00,21.23,22.507309,-1.277308959960937
2024-09-26 05:00:00-05:00,28.66,30.79658,-2.136579360961914
2024-09-26 06:00:00-05:00,36.67,41.373657,-4.703657226562498
2024-09-26 07:00:00-05:00,28.91,30.371916,-1.461915817260742
2024-09-26 08:00:00-05:00,25.76,29.073889,-3.313888778686522
2024-09-26 09:00:00-05:00,29.98,34.22567,-4.245669860839843
2024-09-26 10:00:00-05:00,30.43,35.407562,-4.977562255859375
2024-09-26 11:00:00-05:00,29.22,37.120277,-7.900277404785157
2024-09-26 12:00:00-05:00,31.39,37.30955,-5.919551239013671
2024-09-26 13:00:00-05:00,32.98,39.863964,-6.88396408081055
2024-09-26 14:00:00-05:00,33.41,41.624123,-8.21412261962891
2024-09-26 15:00:00-05:00,35.54,43.001575,-7.461575469970704
2024-09-26 16:00:00-05:00,40.38,49.079525,-8.699524993896482
2024-09-26 17:00:00-05:00,50.01,52.243732,-2.23373245239258
2024-09-26 18:00:00-05:00,51.74,52.560863,-0.8208634948730449
2024-09-26 19:00:00-05:00,37.01,46.791607,-9.781606903076174
2024-09-26 20:00:00-05:00,29.43,36.341263,-6.911262817382813
2024-09-26 21:00:00-05:00,25.0,28.726254,-3.7262535095214844
2024-09-26 22:00:00-05:00,23.09,26.141453,-3.0514527893066408
2024-09-26 23:00:00-05:00,20.32,23.75383,-3.433829956054687
2024-09-27 00:00:00-05:00,17.96,20.197262,-2.2372618103027335
2024-09-27 01:00:00-05:00,17.01,19.690964,-2.680963745117186
2024-09-27 02:00:00-05:00,17.58,19.505558,-1.9255580139160173
2024-09-27 03:00:00-05:00,17.76,19.645245,-1.8852445983886703
2024-09-27 04:00:00-05:00,20.99,20.637728,0.3522722625732406
2024-09-27 05:00:00-05:00,24.97,28.178577,-3.2085774230957043
2024-09-27 06:00:00-05:00,33.83,35.69934,-1.8693408203125017
2024-09-27 07:00:00-05:00,28.32,28.818203,-0.4982029724121091
2024-09-27 08:00:00-05:00,25.69,27.915709,-2.225708541870116
2024-09-27 09:00:00-05:00,26.29,31.187464,-4.897463760375977
2024-09-27 10:00:00-05:00,25.93,32.156902,-6.226902313232422
2024-09-27 11:00:00-05:00,24.18,31.038322,-6.858322448730469
2024-09-27 12:00:00-05:00,24.1,32.362415,-8.262415313720702
2024-09-27 13:00:00-05:00,24.45,34.14366,-9.693661499023438
2024-09-27 14:00:00-05:00,23.09,35.31952,-12.22951904296875
2024-09-27 15:00:00-05:00,25.17,36.73901,-11.569009857177733
2024-09-27 16:00:00-05:00,26.97,40.872337,-13.902337341308595
2024-09-27 17:00:00-05:00,27.38,48.021023,-20.64102279663086
2024-09-27 18:00:00-05:00,28.77,50.37311,-21.603111724853516
2024-09-27 19:00:00-05:00,27.05,36.120693,-9.070693206787109
2024-09-27 20:00:00-05:00,25.66,32.13548,-6.475478973388672
2024-09-27 21:00:00-05:00,21.14,26.563114,-5.423114166259765
2024-09-27 22:00:00-05:00,20.14,24.617563,-4.4775632476806635
2024-09-27 23:00:00-05:00,19.73,22.224865,-2.4948649597167964
2024-09-28 00:00:00-05:00,19.47,19.668875,-0.19887474060058707
2024-09-28 01:00:00-05:00,17.93,19.155897,-1.22589714050293
2024-09-28 02:00:00-05:00,17.28,19.195398,-1.9153983306884754
2024-09-28 03:00:00-05:00,17.39,18.997576,-1.6075757598876947
2024-09-28 04:00:00-05:00,17.85,20.317272,-2.4672721862792955
2024-09-28 05:00:00-05:00,18.83,24.376987,-5.546987457275392
2024-09-28 06:00:00-05:00,19.86,29.965405,-10.105404510498047
2024-09-28 07:00:00-05:00,20.16,25.835094,-5.675094451904297
2024-09-28 08:00:00-05:00,22.11,24.362085,-2.252085342407227
2024-09-28 09:00:00-05:00,24.59,26.702503,-2.1125032043457033
2024-09-28 10:00:00-05:00,24.69,27.545557,-2.8555570220947253
2024-09-28 11:00:00-05:00,23.04,27.51367,-4.473669967651368
2024-09-28 12:00:00-05:00,23.54,28.247858,-4.707858047485352
2024-09-28 13:00:00-05:00,25.05,28.596836,-3.54683609008789
2024-09-28 14:00:00-05:00,25.88,28.825325,-2.9453250122070322
2024-09-28 15:00:00-05:00,28.22,29.041464,-0.8214638519287121
2024-09-28 16:00:00-05:00,31.09,32.86179,-1.7717897033691408
2024-09-28 17:00:00-05:00,38.95,33.222916,5.72708435058594
2024-09-28 18:00:00-05:00,41.71,36.11795,5.592049560546876
2024-09-28 19:00:00-05:00,32.75,31.777203,0.9727973937988281
2024-09-28 20:00:00-05:00,26.71,28.279137,-1.569136657714843
2024-09-28 21:00:00-05:00,23.56,23.86156,-0.3015608215332044
2024-09-28 22:00:00-05:00,22.26,22.7539,-0.4939005279541
2024-09-28 23:00:00-05:00,20.74,20.65013,0.08987068176269375
2024-09-29 00:00:00-05:00,20.89,20.037508,0.8524919891357428
2024-09-29 01:00:00-05:00,20.25,19.527784,0.7222156524658203
2024-09-29 02:00:00-05:00,19.06,19.202944,-0.1429438018798841
2024-09-29 03:00:00-05:00,18.78,19.005121,-0.22512123107910043
2024-09-29 04:00:00-05:00,18.69,19.105654,-0.41565376281738153
2024-09-29 05:00:00-05:00,18.93,20.547747,-1.6177466583251956
2024-09-29 06:00:00-05:00,19.84,22.968224,-3.128223571777344
2024-09-29 07:00:00-05:00,19.1,21.567238,-2.467237854003905
2024-09-29 08:00:00-05:00,20.11,21.364027,-1.2540270233154303
2024-09-29 09:00:00-05:00,22.39,23.948755,-1.558755264282226
2024-09-29 10:00:00-05:00,24.03,25.630718,-1.6007182312011707
2024-09-29 11:00:00-05:00,24.54,25.140965,-0.6009645080566415
2024-09-29 12:00:00-05:00,26.58,27.12664,-0.5466403198242205
2024-09-29 13:00:00-05:00,29.41,27.444763,1.9652368164062501
2024-09-29 14:00:00-05:00,29.5,28.08665,1.4133491516113281
2024-09-29 15:00:00-05:00,32.61,30.002256,2.6077436065673822
2024-09-29 16:00:00-05:00,40.02,33.8339,6.186099548339847
2024-09-29 17:00:00-05:00,48.4,41.070103,7.329897308349608
2024-09-29 18:00:00-05:00,47.97,45.335514,2.6344859313964832
2024-09-29 19:00:00-05:00,33.78,33.719433,0.06056716918945426
2024-09-29 20:00:00-05:00,27.25,27.569876,-0.31987571716308594
2024-09-29 21:00:00-05:00,23.91,24.31563,-0.40562995910644517
2024-09-29 22:00:00-05:00,21.49,22.361427,-0.8714273071289078
2024-09-29 23:00:00-05:00,19.68,21.025852,-1.345852203369141
2024-09-30 00:00:00-05:00,18.71,20.196981,-1.48698143005371
2024-09-30 01:00:00-05:00,18.05,19.63042,-1.5804206848144524
2024-09-30 02:00:00-05:00,17.97,19.557283,-1.587283401489259
2024-09-30 03:00:00-05:00,17.79,19.557283,-1.7672834014892587
2024-09-30 04:00:00-05:00,22.44,20.029564,2.4104360961914075
2024-09-30 05:00:00-05:00,24.7,24.117233,0.5827667236328118
2024-09-30 06:00:00-05:00,31.51,30.302408,1.2075917816162125
2024-09-30 07:00:00-05:00,26.85,26.83137,0.01863059997558736
2024-09-30 08:00:00-05:00,28.12,25.567726,2.5522738647460947
2024-09-30 09:00:00-05:00,32.62,26.757498,5.8625022125244115
2024-09-30 10:00:00-05:00,33.26,27.769106,5.490894088745115
2024-09-30 11:00:00-05:00,35.67,27.596106,8.073894424438478
2024-09-30 12:00:00-05:00,37.98,29.835962,8.14403770446777
2024-09-30 13:00:00-05:00,41.54,33.533882,8.006117858886718
2024-09-30 14:00:00-05:00,42.37,33.13129,9.238709564208982
2024-09-30 15:00:00-05:00,44.18,35.117676,9.06232421875
2024-09-30 16:00:00-05:00,54.35,42.912037,11.437963104248048
2024-09-30 17:00:00-05:00,63.96,49.888783,14.071217498779298
2024-09-30 18:00:00-05:00,61.83,51.177895,10.652105407714842
2024-09-30 19:00:00-05:00,43.9,34.776188,9.123812103271483
2024-09-30 20:00:00-05:00,36.84,29.198555,7.641445007324222
2024-09-30 21:00:00-05:00,29.37,24.703915,4.666085357666017
2024-09-30 22:00:00-05:00,23.98,22.240522,1.7394776153564457
2024-09-30 23:00:00-05:00,22.19,20.782211,1.4077886962890638
2024-10-01 00:00:00-05:00,16.87,19.48639,-2.616389160156249
2024-10-01 01:00:00-05:00,15.94,19.676872,-3.7368722534179692
2024-10-01 02:00:00-05:00,15.13,19.560308,-4.430308456420898
2024-10-01 03:00:00-05:00,15.09,19.306402,-4.216402206420899
2024-10-01 04:00:00-05:00,16.85,21.654728,-4.804727935791014
2024-10-01 05:00:00-05:00,24.3,24.815456,-0.5154563903808587
2024-10-01 06:00:00-05:00,28.04,31.455341,-3.415341339111329
2024-10-01 07:00:00-05:00,23.78,26.963749,-3.1837489318847645
2024-10-01 08:00:00-05:00,23.51,27.557896,-4.047895660400389
2024-10-01 09:00:00-05:00,24.39,31.039654,-6.649653778076171
2024-10-01 10:00:00-05:00,22.63,31.81708,-9.187079544067384
2024-10-01 11:00:00-05:00,22.36,33.757004,-11.397003784179688
2024-10-01 12:00:00-05:00,23.64,35.07421,-11.434211120605468
2024-10-01 13:00:00-05:00,25.05,36.996284,-11.94628448486328
2024-10-01 14:00:00-05:00,26.2,38.764442,-12.564442443847657
2024-10-01 15:00:00-05:00,28.81,40.484966,-11.674966278076173
2024-10-01 16:00:00-05:00,36.07,47.758324,-11.688323669433593
2024-10-01 17:00:00-05:00,50.7,61.89782,-11.197819519042966
2024-10-01 18:00:00-05:00,56.72,59.98401,-3.264008789062501
2024-10-01 19:00:00-05:00,43.42,42.208305,1.211694641113283
2024-10-01 20:00:00-05:00,33.89,34.400703,-0.5107034301757807
2024-10-01 21:00:00-05:00,27.72,27.702997,0.0170027923583973
2024-10-01 22:00:00-05:00,24.19,24.767282,-0.5772824859619128
2024-10-01 23:00:00-05:00,19.92,23.180746,-3.2607460784912092
2024-10-02 00:00:00-05:00,19.63,20.000994,-0.3709937286376963
2024-10-02 01:00:00-05:00,16.81,18.960644,-2.150643768310548
2024-10-02 02:00:00-05:00,16.61,18.013796,-1.4037958526611334
2024-10-02 03:00:00-05:00,15.93,17.95759,-2.0275901031494143
2024-10-02 04:00:00-05:00,19.05,20.266981,-1.216981124877929
2024-10-02 05:00:00-05:00,27.85,26.467066,1.3829341888427749
2024-10-02 06:00:00-05:00,38.2,33.441803,4.758197021484378
2024-10-02 07:00:00-05:00,28.09,27.487404,0.6025961303710936
2024-10-02 08:00:00-05:00,20.87,27.441853,-6.571852569580077
2024-10-02 09:00:00-05:00,21.73,28.88691,-7.156909484863281
2024-10-02 10:00:00-05:00,22.09,28.853622,-6.763622436523438
2024-10-02 11:00:00-05:00,22.89,29.457474,-6.567473754882812
2024-10-02 12:00:00-05:00,22.35,30.621061,-8.27106132507324
2024-10-02 13:00:00-05:00,23.22,30.780308,-7.560307769775392
2024-10-02 14:00:00-05:00,23.47,32.359543,-8.889542846679689
2024-10-02 15:00:00-05:00,25.92,35.322742,-9.402742462158201
2024-10-02 16:00:00-05:00,27.76,41.123547,-13.363546600341795
2024-10-02 17:00:00-05:00,38.29,52.082855,-13.792855224609376
2024-10-02 18:00:00-05:00,47.91,56.989048,-9.079048004150394
2024-10-02 19:00:00-05:00,33.27,44.171265,-10.901264648437497
2024-10-02 20:00:00-05:00,25.41,33.89162,-8.481620635986328
2024-10-02 21:00:00-05:00,21.15,27.089336,-5.939336395263673
2024-10-02 22:00:00-05:00,18.92,25.116966,-6.196966247558592
2024-10-02 23:00:00-05:00,16.57,21.598047,-5.028047256469726
2024-10-03 00:00:00-05:00,14.65,19.744625,-5.094625091552734
2024-10-03 01:00:00-05:00,13.62,19.113821,-5.493821029663087
2024-10-03 02:00:00-05:00,14.73,18.997257,-4.267257232666015
2024-10-03 03:00:00-05:00,15.33,18.720636,-3.3906363677978515
2024-10-03 04:00:00-05:00,18.1,19.64703,-1.547029876708983
2024-10-03 05:00:00-05:00,25.86,28.55856,-2.69855941772461
2024-10-03 06:00:00-05:00,32.73,39.22396,-6.493960876464847
2024-10-03 07:00:00-05:00,27.07,28.82674,-1.7567402648925778
2024-10-03 08:00:00-05:00,24.44,25.344395,-0.9043946838378893
2024-10-03 09:00:00-05:00,27.5,27.609156,-0.10915565490722656
2024-10-03 10:00:00-05:00,27.64,27.609156,0.030844345092774006
2024-10-03 11:00:00-05:00,26.46,28.445501,-1.9855013275146476
2024-10-03 12:00:00-05:00,27.65,28.286549,-0.6365486145019545
2024-10-03 13:00:00-05:00,30.36,28.45076,1.909240112304687
2024-10-03 14:00:00-05:00,31.27,28.97322,2.296779174804687
2024-10-03 15:00:00-05:00,34.76,31.202963,3.557037124633787
2024-10-03 16:00:00-05:00,42.35,35.227192,7.122808074951173
2024-10-03 17:00:00-05:00,52.86,43.7476,9.112399444580078
2024-10-03 18:00:00-05:00,52.03,51.18514,0.844861297607423
2024-10-03 19:00:00-05:00,40.41,35.980804,4.429195556640622
2024-10-03 20:00:00-05:00,36.39,29.769117,6.620882644653321
2024-10-03 21:00:00-05:00,30.68,26.189339,4.4906613159179685
2024-10-03 22:00:00-05:00,26.25,22.993086,3.2569141387939453
2024-10-03 23:00:00-05:00,23.88,21.050602,2.8293980407714834
2024-10-04 00:00:00-05:00,23.69,18.027718,5.66228240966797
2024-10-04 01:00:00-05:00,21.59,18.688923,2.9010771179199217
2024-10-04 02:00:00-05:00,20.92,18.542297,2.3777026367187517
2024-10-04 03:00:00-05:00,21.01,19.960333,1.0496671295166031
2024-10-04 04:00:00-05:00,22.19,20.467726,1.7222742462158216
2024-10-04 05:00:00-05:00,28.35,26.86269,1.4873100280761733
2024-10-04 06:00:00-05:00,37.16,34.056995,3.1030046081542935
2024-10-04 07:00:00-05:00,28.91,29.02787,-0.11787017822265611
2024-10-04 08:00:00-05:00,25.01,26.748669,-1.7386686706542953
2024-10-04 09:00:00-05:00,26.82,28.15037,-1.3303696441650388
2024-10-04 10:00:00-05:00,27.07,27.677622,-0.6076218414306638
2024-10-04 11:00:00-05:00,28.25,26.76834,1.4816608428955078
2024-10-04 12:00:00-05:00,30.19,28.086967,2.1030325317382825
2024-10-04 13:00:00-05:00,32.97,30.712246,2.2577540588378895
2024-10-04 14:00:00-05:00,33.68,30.560938,3.119062118530273
2024-10-04 15:00:00-05:00,35.76,34.0195,1.740499267578123
2024-10-04 16:00:00-05:00,40.09,42.82903,-2.7390290832519497
2024-10-04 17:00:00-05:00,56.23,47.547916,8.682083587646481
2024-10-04 18:00:00-05:00,49.3,46.995335,2.3046653747558565
2024-10-04 19:00:00-05:00,33.87,38.52753,-4.657530670166018
2024-10-04 20:00:00-05:00,28.15,33.275257,-5.1252571105957045
2024-10-04 21:00:00-05:00,24.34,28.01195,-3.6719495391845705
2024-10-04 22:00:00-05:00,20.04,25.150187,-5.11018653869629
2024-10-04 23:00:00-05:00,18.89,23.402512,-4.512511596679687
2024-10-05 00:00:00-05:00,20.09,21.289482,-1.199482116699219
2024-10-05 01:00:00-05:00,19.27,19.58928,-0.3192791748046879
2024-10-05 02:00:00-05:00,17.26,20.046694,-2.7866938018798812
2024-10-05 03:00:00-05:00,16.31,18.997797,-2.687797012329103
2024-10-05 04:00:00-05:00,17.68,20.459583,-2.7795832824707034
2024-10-05 05:00:00-05:00,18.54,24.769474,-6.2294740295410165
2024-10-05 06:00:00-05:00,21.81,31.459398,-9.649398269653322
2024-10-05 07:00:00-05:00,19.6,24.717175,-5.1171745300292955
2024-10-05 08:00:00-05:00,20.1,21.490147,-1.3901466369628892
2024-10-05 09:00:00-05:00,20.19,24.177189,-3.9871888732910143
2024-10-05 10:00:00-05:00,20.92,24.327492,-3.4074917602539045
2024-10-05 11:00:00-05:00,21.65,23.976124,-2.3261238098144545
2024-10-05 12:00:00-05:00,22.74,25.036247,-2.2962472534179703
2024-10-05 13:00:00-05:00,23.37,26.940243,-3.5702427673339834
2024-10-05 14:00:00-05:00,24.47,27.93087,-3.460870056152345
2024-10-05 15:00:00-05:00,28.25,31.12856,-2.878559112548828
2024-10-05 16:00:00-05:00,33.64,36.714306,-3.0743058776855463
2024-10-05 17:00:00-05:00,42.51,51.635754,-9.125753631591799
2024-10-05 18:00:00-05:00,40.05,45.616467,-5.5664665222168
2024-10-05 19:00:00-05:00,30.13,32.22482,-2.0948191833496104
2024-10-05 20:00:00-05:00,26.24,25.280962,0.9590380096435531
2024-10-05 21:00:00-05:00,22.17,22.950363,-0.7803631591796858
2024-10-05 22:00:00-05:00,17.48,20.1521,-2.6720996093749996
2024-10-05 23:00:00-05:00,16.25,19.433678,-3.1836776733398438
2024-10-06 00:00:00-05:00,13.32,18.91837,-5.59836929321289
2024-10-06 01:00:00-05:00,11.1,17.634327,-6.5343269348144535
2024-10-06 02:00:00-05:00,10.16,18.525574,-8.36557373046875
2024-10-06 03:00:00-05:00,9.45,18.486603,-9.036602783203126
2024-10-06 04:00:00-05:00,10.0,18.817728,-8.817728042602539
2024-10-06 05:00:00-05:00,11.79,20.244467,-8.454466781616212
2024-10-06 06:00:00-05:00,14.38,21.847559,-7.467558975219726
2024-10-06 07:00:00-05:00,13.92,20.472101,-6.552101211547852
2024-10-06 08:00:00-05:00,14.15,19.53009,-5.38009033203125
2024-10-06 09:00:00-05:00,15.6,20.816656,-5.216656112670899
2024-10-06 10:00:00-05:00,15.75,22.93328,-7.183280944824219
2024-10-06 11:00:00-05:00,17.56,22.545904,-4.9859041595459
2024-10-06 12:00:00-05:00,17.42,24.463608,-7.043607788085936
2024-10-06 13:00:00-05:00,17.45,26.635807,-9.185807037353516
2024-10-06 14:00:00-05:00,18.78,27.1745,-8.394499511718749
2024-10-06 15:00:00-05:00,21.8,29.184898,-7.384898376464843
2024-10-06 16:00:00-05:00,26.01,36.0878,-10.077799072265623
2024-10-06 17:00:00-05:00,41.14,46.44399,-5.303988800048828
2024-10-06 18:00:00-05:00,51.33,44.38087,6.949129180908201
2024-10-06 19:00:00-05:00,42.5,33.385376,9.1146240234375
2024-10-06 20:00:00-05:00,30.34,29.136301,1.2036989593505858
2024-10-06 21:00:00-05:00,26.8,25.36198,1.4380195617675788
2024-10-06 22:00:00-05:00,23.76,21.267454,2.4925458526611344
2024-10-06 23:00:00-05:00,22.86,20.081976,2.778024063110351
2024-10-07 00:00:00-05:00,19.25,18.355759,0.8942413330078125
2024-10-07 01:00:00-05:00,19.5,16.542402,2.9575977325439453
2024-10-07 02:00:00-05:00,19.79,15.769733,4.020266571044921
2024-10-07 03:00:00-05:00,19.89,14.608325,5.281674995422364
2024-10-07 04:00:00-05:00,22.91,17.900364,5.0096360778808595
2024-10-07 05:00:00-05:00,35.1,26.129807,8.970193481445314
2024-10-07 06:00:00-05:00,46.01,32.627453,13.382547149658201
2024-10-07 07:00:00-05:00,35.4,28.572659,6.827341461181639
2024-10-07 08:00:00-05:00,27.91,26.897963,1.0120374298095705
2024-10-07 09:00:00-05:00,28.44,27.115385,1.324614944458009
2024-10-07 10:00:00-05:00,29.46,27.370056,2.089943847656251
2024-10-07 11:00:00-05:00,30.65,30.324606,0.32539405822753764
2024-10-07 12:00:00-05:00,32.0,31.464933,0.5350666046142578
2024-10-07 13:00:00-05:00,32.9,32.206474,0.6935256958007798
2024-10-07 14:00:00-05:00,31.09,32.424942,-1.3349420166015626
2024-10-07 15:00:00-05:00,32.9,33.421276,-0.5212760925292983
2024-10-07 16:00:00-05:00,38.5,40.291397,-1.7913970947265625
2024-10-07 17:00:00-05:00,59.12,57.729324,1.390675659179685
2024-10-07 18:00:00-05:00,70.09,63.37498,6.7150190734863315
2024-10-07 19:00:00-05:00,45.38,49.905296,-4.525296325683591
2024-10-07 20:00:00-05:00,41.65,36.57012,5.07987823486328
2024-10-07 21:00:00-05:00,31.95,28.86844,3.0815593719482415
2024-10-07 22:00:00-05:00,26.6,25.647987,0.9520126342773452
2024-10-07 23:00:00-05:00,22.2,24.940376,-2.740376281738282
2024-10-08 00:00:00-05:00,25.29,21.562126,3.7278738403320304
2024-10-08 01:00:00-05:00,22.47,21.008823,1.4611766052246082
2024-10-08 02:00:00-05:00,21.97,20.98488,0.9851195526123036
2024-10-08 03:00:00-05:00,22.44,21.905386,0.5346140289306653
2024-10-08 04:00:00-05:00,27.72,25.221584,2.4984156799316395
2024-10-08 05:00:00-05:00,39.91,34.63437,5.275631103515622
2024-10-08 06:00:00-05:00,43.82,44.00865,-0.18865173339843722
2024-10-08 07:00:00-05:00,36.76,35.68542,1.0745790100097636
2024-10-08 08:00:00-05:00,27.55,27.822311,-0.2723114013671868
2024-10-08 09:00:00-05:00,27.86,28.240091,-0.38009132385253963
2024-10-08 10:00:00-05:00,29.25,29.905523,-0.6555233001708984
2024-10-08 11:00:00-05:00,28.24,30.767529,-2.5275285339355484
2024-10-08 12:00:00-05:00,28.11,31.433859,-3.3238588714599615
2024-10-08 13:00:00-05:00,29.0,31.606497,-2.606496810913086
2024-10-08 14:00:00-05:00,27.84,30.597086,-2.757085952758789
2024-10-08 15:00:00-05:00,30.96,32.75989,-1.7998915100097648
2024-10-08 16:00:00-05:00,37.33,40.105183,-2.77518264770508
2024-10-08 17:00:00-05:00,57.03,57.189194,-0.15919372558593636
2024-10-08 18:00:00-05:00,59.42,61.811073,-2.3910733032226545
2024-10-08 19:00:00-05:00,36.85,45.712322,-8.86232223510742
2024-10-08 20:00:00-05:00,29.3,38.109814,-8.809813690185546
2024-10-08 21:00:00-05:00,25.3,28.888067,-3.5880672454833977
2024-10-08 22:00:00-05:00,21.27,25.0876,-3.817600708007813
2024-10-08 23:00:00-05:00,19.97,21.774752,-1.804751663208009
2024-10-09 00:00:00-05:00,21.66,21.880524,-0.22052368164062486
2024-10-09 01:00:00-05:00,19.92,20.431028,-0.5110283660888655
2024-10-09 02:00:00-05:00,19.69,19.554586,0.13541358947754034
2024-10-09 03:00:00-05:00,20.08,19.941269,0.1387310791015608
2024-10-09 04:00:00-05:00,23.56,23.328602,0.2313981628417956
2024-10-09 05:00:00-05:00,30.74,35.68639,-4.946389923095705
2024-10-09 06:00:00-05:00,38.15,42.01229,-3.862290954589845
2024-10-09 07:00:00-05:00,31.32,33.88776,-2.5677601623535153
2024-10-09 08:00:00-05:00,24.52,25.072899,-0.5528988647460942
2024-10-09 09:00:00-05:00,26.17,25.238754,0.9312457275390642
2024-10-09 10:00:00-05:00,28.09,27.815224,0.2747763061523436
2024-10-09 11:00:00-05:00,28.16,26.438879,1.7211209869384767
2024-10-09 12:00:00-05:00,28.96,25.860987,3.0990132904052743
2024-10-09 13:00:00-05:00,30.04,27.042667,2.9973326110839835
2024-10-09 14:00:00-05:00,30.11,26.30106,3.808940277099609
2024-10-09 15:00:00-05:00,34.19,30.192884,3.997115554809568
2024-10-09 16:00:00-05:00,41.83,34.43848,7.391519622802733
2024-10-09 17:00:00-05:00,63.35,55.779377,7.570623016357423
2024-10-09 18:00:00-05:00,61.86,57.76069,4.099311218261718
2024-10-09 19:00:00-05:00,38.71,37.409576,1.3004235839843759
2024-10-09 20:00:00-05:00,31.51,28.97727,2.532729873657228
2024-10-09 21:00:00-05:00,27.9,24.936455,2.96354522705078
2024-10-09 22:00:00-05:00,21.2,22.459663,-1.259663391113282
2024-10-09 23:00:00-05:00,20.29,21.383747,-1.093747100830079
2024-10-10 00:00:00-05:00,19.13,20.776854,-1.6468535614013682
2024-10-10 01:00:00-05:00,17.35,19.880577,-2.5305770874023423
2024-10-10 02:00:00-05:00,17.01,19.656336,-2.646335830688475
2024-10-10 03:00:00-05:00,17.02,19.928715,-2.908714752197266
2024-10-10 04:00:00-05:00,19.58,22.20899,-2.6289900970459
2024-10-10 05:00:00-05:00,28.93,29.33216,-0.40216094970703153
2024-10-10 06:00:00-05:00,33.78,37.250057,-3.4700572204589832
2024-10-10 07:00:00-05:00,27.11,29.416862,-2.3068624877929693
2024-10-10 08:00:00-05:00,22.41,26.386915,-3.9769152069091795
2024-10-10 09:00:00-05:00,25.21,26.683393,-1.4733934783935538
2024-10-10 10:00:00-05:00,28.54,26.860476,1.6795244598388663
2024-10-10 11:00:00-05:00,26.78,27.190992,-0.41099235534667855
2024-10-10 12:00:00-05:00,25.95,27.58199,-1.6319892883300788
2024-10-10 13:00:00-05:00,26.14,28.947412,-2.807412490844726
2024-10-10 14:00:00-05:00,25.66,28.793653,-3.1336534881591795
2024-10-10 15:00:00-05:00,27.07,33.96102,-6.8910214233398435
2024-10-10 16:00:00-05:00,34.51,41.67818,-7.16818069458008
2024-10-10 17:00:00-05:00,53.72,58.797146,-5.0771458435058605
2024-10-10 18:00:00-05:00,46.86,62.392,-15.531998291015626
2024-10-10 19:00:00-05:00,29.81,38.108574,-8.29857391357422
2024-10-10 20:00:00-05:00,28.87,32.486786,-3.616785888671874
2024-10-10 21:00:00-05:00,25.68,27.846573,-2.166572875976563
2024-10-10 22:00:00-05:00,19.54,23.596254,-4.056254348754884
2024-10-10 23:00:00-05:00,19.76,22.196886,-2.4368860626220687
2024-10-11 00:00:00-05:00,19.01,20.827179,-1.8171789550781234
2024-10-11 01:00:00-05:00,17.12,19.41868,-2.298680191040038
2024-10-11 02:00:00-05:00,16.72,19.214174,-2.494174270629884
2024-10-11 03:00:00-05:00,16.94,18.977121,-2.037121353149413
2024-10-11 04:00:00-05:00,17.79,21.60807,-3.818070373535157
2024-10-11 05:00:00-05:00,23.58,29.823593,-6.243593139648439
2024-10-11 06:00:00-05:00,27.57,34.755684,-7.185683898925781
2024-10-11 07:00:00-05:00,22.99,29.410364,-6.420364151000978
2024-10-11 08:00:00-05:00,19.81,25.537468,-5.72746795654297
2024-10-11 09:00:00-05:00,21.62,26.976154,-5.356154327392577
2024-10-11 10:00:00-05:00,22.79,27.82853,-5.038529357910157
2024-10-11 11:00:00-05:00,23.02,27.763605,-4.743605117797852
2024-10-11 12:00:00-05:00,22.7,27.688196,-4.988196182250977
2024-10-11 13:00:00-05:00,24.94,28.136986,-3.1969857788085925
2024-10-11 14:00:00-05:00,22.25,28.008337,-5.758337020874023
2024-10-11 15:00:00-05:00,28.52,30.737705,-2.217705230712891
2024-10-11 16:00:00-05:00,39.66,36.09477,3.5652314758300747
2024-10-11 17:00:00-05:00,49.64,54.263687,-4.623687133789062
2024-10-11 18:00:00-05:00,44.43,46.571857,-2.1418574523925784
2024-10-11 19:00:00-05:00,29.3,30.962528,-1.662528228759765
2024-10-11 20:00:00-05:00,25.86,27.637566,-1.7775656127929693
2024-10-11 21:00:00-05:00,23.71,24.90653,-1.1965303802490226
2024-10-11 22:00:00-05:00,20.07,20.60156,-0.5315605926513669
2024-10-11 23:00:00-05:00,19.28,20.54268,-1.2626807403564442
2024-10-12 00:00:00-05:00,19.04,19.257992,-0.21799179077148523
2024-10-12 01:00:00-05:00,17.87,17.957047,-0.0870465087890615
2024-10-12 02:00:00-05:00,18.19,19.014414,-0.8244138336181628
2024-10-12 03:00:00-05:00,18.42,18.99787,-0.5778694915771467
2024-10-12 04:00:00-05:00,19.21,18.873394,0.336605987548829
2024-10-12 05:00:00-05:00,21.06,23.281261,-2.221261444091798
2024-10-12 06:00:00-05:00,22.45,26.11859,-3.668589401245118
2024-10-12 07:00:00-05:00,21.95,23.62528,-1.6752803802490241
2024-10-12 08:00:00-05:00,22.78,19.225853,3.5541470336914074
2024-10-12 09:00:00-05:00,25.47,20.258333,5.211666793823241
2024-10-12 10:00:00-05:00,27.07,22.33346,4.736540145874024
2024-10-12 11:00:00-05:00,27.36,22.266357,5.093642578124999
2024-10-12 12:00:00-05:00,29.49,23.276068,6.21393226623535
2024-10-12 13:00:00-05:00,29.77,24.938732,4.831267852783203
2024-10-12 14:00:00-05:00,31.34,24.467852,6.8721483612060545
2024-10-12 15:00:00-05:00,34.89,28.637632,6.252367630004883
2024-10-12 16:00:00-05:00,43.39,37.27707,6.112930908203126
2024-10-12 17:00:00-05:00,52.6,45.8974,6.702600097656251
2024-10-12 18:00:00-05:00,50.7,45.151997,5.548003387451175
2024-10-12 19:00:00-05:00,32.67,30.719852,1.950147552490236
2024-10-12 20:00:00-05:00,28.15,26.839167,1.310833358764647
2024-10-12 21:00:00-05:00,24.43,23.586798,0.8432022857666013
2024-10-12 22:00:00-05:00,23.42,21.090797,2.3292025756835955
2024-10-12 23:00:00-05:00,21.45,20.485476,0.9645244598388665
2024-10-13 00:00:00-05:00,21.32,20.411636,0.9083636474609378
2024-10-13 01:00:00-05:00,20.58,20.271105,0.308895187377928
2024-10-13 02:00:00-05:00,19.68,19.815813,-0.1358130645751956
2024-10-13 03:00:00-05:00,19.57,21.15347,-1.583469085693359
2024-10-13 04:00:00-05:00,21.84,19.491055,2.3489454650878905
2024-10-13 05:00:00-05:00,22.38,21.078323,1.3016766357421865
2024-10-13 06:00:00-05:00,23.02,23.786335,-0.7663349914550786
2024-10-13 07:00:00-05:00,22.05,20.657976,1.3920238494873054
2024-10-13 08:00:00-05:00,22.37,21.094986,1.2750140380859385
2024-10-13 09:00:00-05:00,22.33,22.219524,0.11047561645507642
2024-10-13 10:00:00-05:00,21.84,24.09363,-2.253629837036133
2024-10-13 11:00:00-05:00,20.25,24.29741,-4.0474090576171875
2024-10-13 12:00:00-05:00,19.07,26.39439,-7.324390106201172
2024-10-13 13:00:00-05:00,19.14,27.48351,-8.343509063720703
2024-10-13 14:00:00-05:00,18.44,28.889023,-10.449022827148436
2024-10-13 15:00:00-05:00,20.94,33.006042,-12.066042480468749
2024-10-13 16:00:00-05:00,22.17,41.008026,-18.838026123046873
2024-10-13 17:00:00-05:00,34.58,51.65076,-17.070760650634767
2024-10-13 18:00:00-05:00,30.84,52.554077,-21.7140771484375
2024-10-13 19:00:00-05:00,24.22,32.906727,-8.686726837158204
2024-10-13 20:00:00-05:00,21.18,27.257147,-6.077146835327149
2024-10-13 21:00:00-05:00,20.34,24.785849,-4.445848617553711
2024-10-13 22:00:00-05:00,18.17,23.388336,-5.218336181640623
2024-10-13 23:00:00-05:00,16.91,21.439144,-4.529144134521484
2024-10-14 00:00:00-05:00,16.43,20.008339,-3.5783389282226565
2024-10-14 01:00:00-05:00,16.32,19.475386,-3.1553856658935544
2024-10-14 02:00:00-05:00,16.69,17.691132,-1.0011315917968737
2024-10-14 03:00:00-05:00,16.74,17.420847,-0.6808469390869156
2024-10-14 04:00:00-05:00,19.43,19.772001,-0.34200126647949247
2024-10-14 05:00:00-05:00,26.82,24.962914,1.8570864868164065
2024-10-14 06:00:00-05:00,38.42,29.884953,8.535047454833986
2024-10-14 07:00:00-05:00,29.49,26.2508,3.23920082092285
2024-10-14 08:00:00-05:00,26.61,25.29168,1.3183206176757807
2024-10-14 09:00:00-05:00,27.64,24.608637,3.031363143920899
2024-10-14 10:00:00-05:00,28.74,24.629938,4.110061874389647
2024-10-14 11:00:00-05:00,28.37,25.345531,3.024468536376954
2024-10-14 12:00:00-05:00,27.44,25.489788,1.9502119445800794
2024-10-14 13:00:00-05:00,27.32,26.619003,0.7009967041015628
2024-10-14 14:00:00-05:00,26.2,26.577602,-0.3776023864746101
2024-10-14 15:00:00-05:00,27.01,29.502348,-2.4923479461669906
2024-10-14 16:00:00-05:00,29.61,34.070335,-4.460335388183594
2024-10-14 17:00:00-05:00,42.82,47.07113,-4.2511288452148435
2024-10-14 18:00:00-05:00,46.53,42.893536,3.6364643859863293
2024-10-14 19:00:00-05:00,34.56,31.53262,3.027380523681643
2024-10-14 20:00:00-05:00,28.88,29.810411,-0.9304114532470713
2024-10-14 21:00:00-05:00,27.31,26.634966,0.6750341033935534
2024-10-14 22:00:00-05:00,23.24,24.220741,-0.9807412719726578
2024-10-14 23:00:00-05:00,21.36,21.622866,-0.2628656768798834
2024-10-15 00:00:00-05:00,20.41,21.665043,-1.2550428771972655
2024-10-15 01:00:00-05:00,17.7,20.291384,-2.5913837432861335
2024-10-15 02:00:00-05:00,19.29,20.017218,-0.7272176361083993
2024-10-15 03:00:00-05:00,19.55,20.088062,-0.5380622863769524
2024-10-15 04:00:00-05:00,21.91,22.48264,-0.5726393127441405
2024-10-15 05:00:00-05:00,31.32,29.8013,1.5186999511718753
2024-10-15 06:00:00-05:00,44.8,40.469063,4.330937194824216
2024-10-15 07:00:00-05:00,31.68,32.31529,-0.6352885437011722
2024-10-15 08:00:00-05:00,23.46,27.561014,-4.101014175415038
2024-10-15 09:00:00-05:00,23.03,28.12689,-5.096890182495116
2024-10-15 10:00:00-05:00,22.14,29.570292,-7.4302915191650385
2024-10-15 11:00:00-05:00,21.26,29.4547,-8.194700469970702
2024-10-15 12:00:00-05:00,21.11,28.726227,-7.616226806640626
2024-10-15 13:00:00-05:00,21.31,29.228159,-7.918158950805665
2024-10-15 14:00:00-05:00,20.56,29.254541,-8.694541397094728
2024-10-15 15:00:00-05:00,21.89,31.304375,-9.414374694824218
2024-10-15 16:00:00-05:00,27.41,36.286045,-8.87604507446289
2024-10-15 17:00:00-05:00,42.87,48.811974,-5.941973571777346
2024-10-15 18:00:00-05:00,49.47,47.5882,1.8818003845214832
2024-10-15 19:00:00-05:00,32.26,35.494255,-3.2342550659179707
2024-10-15 20:00:00-05:00,28.61,29.087505,-0.47750534057617244
2024-10-15 21:00:00-05:00,28.47,26.606232,1.8637683105468739
2024-10-15 22:00:00-05:00,23.15,23.855097,-0.705096817016603
2024-10-15 23:00:00-05:00,22.1,22.474318,-0.37431755065917827
2024-10-16 00:00:00-05:00,23.82,20.850754,2.969246215820313
2024-10-16 01:00:00-05:00,24.97,19.829987,5.140013427734374
2024-10-16 02:00:00-05:00,24.31,20.212854,4.097145614624022
2024-10-16 03:00:00-05:00,24.42,20.212854,4.207145614624025
2024-10-16 04:00:00-05:00,26.87,22.314825,4.555174942016603
2024-10-16 05:00:00-05:00,38.51,29.358343,9.15165687561035
2024-10-16 06:00:00-05:00,53.65,38.888447,14.76155319213867
2024-10-16 07:00:00-05:00,39.88,30.779617,9.10038269042969
2024-10-16 08:00:00-05:00,28.44,25.351788,3.0882124328613294
2024-10-16 09:00:00-05:00,29.14,25.674095,3.465904846191407
2024-10-16 10:00:00-05:00,26.62,25.105484,1.5145159912109385
2024-10-16 11:00:00-05:00,25.1,25.04324,0.056760406494142046
2024-10-16 12:00:00-05:00,24.08,25.239555,-1.1595553588867205
2024-10-16 13:00:00-05:00,23.61,25.226377,-1.6163774871826178
2024-10-16 14:00:00-05:00,22.49,25.235655,-2.7456548309326188
2024-10-16 15:00:00-05:00,29.11,26.26701,2.8429902648925776
2024-10-16 16:00:00-05:00,33.48,30.462706,3.0172943878173797
2024-10-16 17:00:00-05:00,70.88,45.511837,25.36816299438476
2024-10-16 18:00:00-05:00,81.17,47.277687,33.892312927246095
2024-10-16 19:00:00-05:00,45.0,31.96674,13.033260345458984
2024-10-16 20:00:00-05:00,37.38,28.646017,8.733982925415042
2024-10-16 21:00:00-05:00,33.36,27.188398,6.171601638793945
2024-10-16 22:00:00-05:00,28.38,23.08434,5.295660858154296
2024-10-16 23:00:00-05:00,24.83,22.259249,2.5707512664794905
2024-10-17 00:00:00-05:00,28.85,22.009289,6.8407112121582045
2024-10-17 01:00:00-05:00,30.36,21.386215,8.973784790039062
2024-10-17 02:00:00-05:00,29.79,21.131653,8.65834716796875
2024-10-17 03:00:00-05:00,29.67,21.247574,8.42242614746094
2024-10-17 04:00:00-05:00,32.7,23.4402,9.25979919433594
2024-10-17 05:00:00-05:00,50.01,34.941998,15.068002471923826
2024-10-17 06:00:00-05:00,63.98,46.516296,17.463703613281247
2024-10-17 07:00:00-05:00,39.92,37.479973,2.440027160644533
2024-10-17 08:00:00-05:00,31.03,26.868914,4.161086349487306
2024-10-17 09:00:00-05:00,26.37,26.776066,-0.40606582641601463
2024-10-17 10:00:00-05:00,25.11,27.17635,-2.0663496398925787
2024-10-17 11:00:00-05:00,26.73,26.22344,0.5065598297119145
2024-10-17 12:00:00-05:00,22.45,25.910654,-3.4606540679931648
2024-10-17 13:00:00-05:00,21.28,25.692451,-4.41245147705078
2024-10-17 14:00:00-05:00,19.88,25.296667,-5.416667098999024
2024-10-17 15:00:00-05:00,21.33,27.078745,-5.748744888305666
2024-10-17 16:00:00-05:00,26.11,30.804178,-4.69417823791504
2024-10-17 17:00:00-05:00,40.11,60.88344,-20.773438110351563
2024-10-17 18:00:00-05:00,35.57,65.45588,-29.88587921142578
2024-10-17 19:00:00-05:00,23.4,36.764767,-13.364766693115236
2024-10-17 20:00:00-05:00,19.74,30.066212,-10.326211700439455
2024-10-17 21:00:00-05:00,16.78,26.790161,-10.010161132812499
2024-10-17 22:00:00-05:00,15.4,24.331036,-8.931035614013672
2024-10-17 23:00:00-05:00,14.57,21.910723,-7.340722732543945
2024-10-18 00:00:00-05:00,17.0,22.538755,-5.538755416870117
2024-10-18 01:00:00-05:00,16.52,22.426327,-5.906326751708985
2024-10-18 02:00:00-05:00,16.64,22.126328,-5.486327514648437
2024-10-18 03:00:00-05:00,16.12,22.624123,-6.504122619628905
2024-10-18 04:00:00-05:00,19.17,24.92922,-5.759220199584959
2024-10-18 05:00:00-05:00,24.75,42.515728,-17.765727996826172
2024-10-18 06:00:00-05:00,31.37,56.602913,-25.23291290283203
2024-10-18 07:00:00-05:00,26.15,36.644432,-10.494432067871095
2024-10-18 08:00:00-05:00,19.92,25.792223,-5.872222976684569
2024-10-18 09:00:00-05:00,18.92,23.342358,-4.422357635498045
2024-10-18 10:00:00-05:00,18.58,23.446936,-4.866935653686525
2024-10-18 11:00:00-05:00,19.44,24.65058,-5.210579452514647
2024-10-18 12:00:00-05:00,18.37,22.471556,-4.101555709838866
2024-10-18 13:00:00-05:00,18.13,23.228523,-5.098523254394532
2024-10-18 14:00:00-05:00,17.63,21.318344,-3.6883441162109385
2024-10-18 15:00:00-05:00,17.89,23.612629,-5.722628936767578
2024-10-18 16:00:00-05:00,21.09,27.989956,-6.8999559020996095
2024-10-18 17:00:00-05:00,32.95,40.70313,-7.753128814697263
2024-10-18 18:00:00-05:00,34.91,37.506813,-2.5968130493164097
2024-10-18 19:00:00-05:00,25.44,29.367842,-3.9278417205810534
2024-10-18 20:00:00-05:00,22.78,25.241928,-2.4619281005859364
2024-10-18 21:00:00-05:00,21.21,23.50274,-2.2927408599853507
2024-10-18 22:00:00-05:00,18.56,21.405998,-2.84599822998047
2024-10-18 23:00:00-05:00,17.6,19.270275,-1.6702751159667955
2024-10-19 00:00:00-05:00,16.31,20.278517,-3.968516769409181
2024-10-19 01:00:00-05:00,15.86,20.438145,-4.578144683837891
2024-10-19 02:00:00-05:00,16.16,20.441797,-4.281797256469726
2024-10-19 03:00:00-05:00,16.46,19.85322,-3.393219985961913
2024-10-19 04:00:00-05:00,18.17,20.663952,-2.493951873779295
2024-10-19 05:00:00-05:00,21.9,24.664152,-2.7641521453857436
2024-10-19 06:00:00-05:00,27.95,32.226242,-4.276242065429688
2024-10-19 07:00:00-05:00,24.55,27.07089,-2.5208904266357415
2024-10-19 08:00:00-05:00,20.76,22.174065,-1.4140646362304672
2024-10-19 09:00:00-05:00,22.13,23.485249,-1.3552485656738291
2024-10-19 10:00:00-05:00,23.34,22.371483,0.9685171508789061
2024-10-19 11:00:00-05:00,22.28,22.449554,-0.16955444335937386
2024-10-19 12:00:00-05:00,20.8,22.623741,-1.823741149902343
2024-10-19 13:00:00-05:00,20.32,22.44045,-2.1204506683349607
2024-10-19 14:00:00-05:00,19.89,22.802076,-2.912076339721679
2024-10-19 15:00:00-05:00,20.81,25.218327,-4.408326568603517
2024-10-19 16:00:00-05:00,27.94,28.361097,-0.4210973358154284
2024-10-19 17:00:00-05:00,42.25,36.23966,6.010341644287109
2024-10-19 18:00:00-05:00,38.66,36.780117,1.8798829650878872
2024-10-19 19:00:00-05:00,25.06,28.844223,-3.784223022460939
2024-10-19 20:00:00-05:00,21.82,27.470331,-5.650331192016601
2024-10-19 21:00:00-05:00,20.88,25.05659,-4.176589126586915
2024-10-19 22:00:00-05:00,18.06,22.986485,-4.926484527587892
2024-10-19 23:00:00-05:00,16.23,20.826635,-4.596635360717773
2024-10-20 00:00:00-05:00,14.42,20.981936,-6.561935501098633
2024-10-20 01:00:00-05:00,13.0,21.027256,-8.02725601196289
2024-10-20 02:00:00-05:00,12.22,20.809805,-8.589804916381835
2024-10-20 03:00:00-05:00,12.55,21.14428,-8.594279479980468
2024-10-20 04:00:00-05:00,12.7,21.867352,-9.167351531982423
2024-10-20 05:00:00-05:00,14.55,25.383072,-10.833071899414062
2024-10-20 06:00:00-05:00,18.58,30.561813,-11.98181335449219
2024-10-20 07:00:00-05:00,16.82,27.080229,-10.260228805541992
2024-10-20 08:00:00-05:00,14.83,22.342953,-7.512952728271484
2024-10-20 09:00:00-05:00,17.02,21.742521,-4.722521286010743
2024-10-20 10:00:00-05:00,18.37,22.991035,-4.62103546142578
2024-10-20 11:00:00-05:00,18.23,22.150688,-3.9206881713867183
2024-10-20 12:00:00-05:00,17.5,22.346197,-4.846197128295898
2024-10-20 13:00:00-05:00,17.51,22.333174,-4.823173751831053
2024-10-20 14:00:00-05:00,17.78,22.055408,-4.275408477783202
2024-10-20 15:00:00-05:00,19.15,24.12148,-4.971480941772462
2024-10-20 16:00:00-05:00,23.74,29.085583,-5.345582733154298
2024-10-20 17:00:00-05:00,41.37,44.96543,-3.595431213378909
2024-10-20 18:00:00-05:00,38.94,40.650223,-1.7102227783203148
2024-10-20 19:00:00-05:00,24.33,26.21319,-1.8831900787353533
2024-10-20 20:00:00-05:00,21.48,23.560266,-2.080266494750976
2024-10-20 21:00:00-05:00,17.9,22.804922,-4.904922103881837
2024-10-20 22:00:00-05:00,15.2,21.857216,-6.657215881347657
2024-10-20 23:00:00-05:00,12.23,20.697737,-8.467736740112304
2024-10-21 00:00:00-05:00,9.19,18.36833,-9.178330001831055
2024-10-21 01:00:00-05:00,9.1,17.459984,-8.359983825683594
2024-10-21 02:00:00-05:00,8.69,17.459984,-8.769983825683594
2024-10-21 03:00:00-05:00,10.05,17.768587,-7.718587112426757
2024-10-21 04:00:00-05:00,14.11,18.301668,-4.191668167114258
2024-10-21 05:00:00-05:00,24.78,24.892365,-0.11236450195312386
2024-10-21 06:00:00-05:00,28.97,34.060024,-5.0900242614746105
2024-10-21 07:00:00-05:00,23.88,30.632027,-6.752026672363282
2024-10-21 08:00:00-05:00,19.77,26.630226,-6.860226135253907
2024-10-21 09:00:00-05:00,22.01,26.621428,-4.611427536010741
2024-10-21 10:00:00-05:00,23.64,27.441454,-3.8014539337158197
2024-10-21 11:00:00-05:00,22.22,26.466772,-4.246772079467775
2024-10-21 12:00:00-05:00,20.83,25.114317,-4.284316940307619
2024-10-21 13:00:00-05:00,18.48,25.078953,-6.59895278930664
2024-10-21 14:00:00-05:00,18.03,25.825422,-7.7954222869873036
2024-10-21 15:00:00-05:00,20.76,26.486666,-5.726665725708006
2024-10-21 16:00:00-05:00,28.92,30.133707,-1.2137070465087874
2024-10-21 17:00:00-05:00,40.84,50.69883,-9.858829650878903
2024-10-21 18:00:00-05:00,31.69,45.691856,-14.001856384277342
2024-10-21 19:00:00-05:00,20.64,30.433111,-9.793111190795898
2024-10-21 20:00:00-05:00,23.68,26.449522,-2.7695220184326175
2024-10-21 21:00:00-05:00,20.04,24.184586,-4.144585571289063
2024-10-21 22:00:00-05:00,14.57,22.32034,-7.750339202880859
2024-10-21 23:00:00-05:00,13.89,19.90642,-6.01641975402832
2024-10-22 00:00:00-05:00,9.01,15.488521,-6.478520622253418
2024-10-22 01:00:00-05:00,8.13,16.328697,-8.198697204589843
2024-10-22 02:00:00-05:00,7.65,16.312674,-8.662673568725586
2024-10-22 03:00:00-05:00,7.23,16.590603,-9.360602874755859
2024-10-22 04:00:00-05:00,10.92,18.29957,-7.379570083618164
2024-10-22 05:00:00-05:00,18.73,24.98884,-6.258840103149414
2024-10-22 06:00:00-05:00,25.12,33.665405,-8.545405273437499
2024-10-22 07:00:00-05:00,23.42,28.37678,-4.956779556274412
2024-10-22 08:00:00-05:00,20.27,23.327915,-3.057915191650391
2024-10-22 09:00:00-05:00,20.85,25.146544,-4.296543502807616
2024-10-22 10:00:00-05:00,19.87,25.210402,-5.340401535034179
2024-10-22 11:00:00-05:00,19.98,24.150454,-4.170453567504882
2024-10-22 12:00:00-05:00,19.27,23.522005,-4.252005081176758
2024-10-22 13:00:00-05:00,18.84,23.114447,-4.274446640014649
2024-10-22 14:00:00-05:00,17.87,22.768234,-4.8982342529296865
2024-10-22 15:00:00-05:00,20.44,24.654863,-4.214863357543944
2024-10-22 16:00:00-05:00,26.71,34.442142,-7.732142486572265
2024-10-22 17:00:00-05:00,43.24,50.28816,-7.048158416748045
2024-10-22 18:00:00-05:00,39.6,47.49117,-7.891168975830077
2024-10-22 19:00:00-05:00,24.32,28.338223,-4.018222503662109
2024-10-22 20:00:00-05:00,21.39,27.182505,-5.7925046539306635
2024-10-22 21:00:00-05:00,17.69,24.739857,-7.049856719970702
2024-10-22 22:00:00-05:00,12.66,22.220015,-9.560014572143555
2024-10-22 23:00:00-05:00,10.7,19.835102,-9.135102081298829
2024-10-23 00:00:00-05:00,7.96,19.0186,-11.058600463867187
2024-10-23 01:00:00-05:00,6.93,20.437819,-13.50781852722168
2024-10-23 02:00:00-05:00,6.68,19.243225,-12.56322509765625
2024-10-23 03:00:00-05:00,6.92,18.563105,-11.643104629516602
2024-10-23 04:00:00-05:00,9.79,19.468212,-9.678212127685548
2024-10-23 05:00:00-05:00,13.71,24.394003,-10.68400291442871
2024-10-23 06:00:00-05:00,22.38,32.86555,-10.485550994873048
2024-10-23 07:00:00-05:00,22.66,30.057268,-7.397268142700195
2024-10-23 08:00:00-05:00,18.24,26.3646,-8.124599227905275
2024-10-23 09:00:00-05:00,17.04,26.188822,-9.14882179260254
2024-10-23 10:00:00-05:00,16.82,25.14429,-8.324290924072265
2024-10-23 11:00:00-05:00,20.31,25.779055,-5.469054641723634
2024-10-23 12:00:00-05:00,23.37,24.399706,-1.0297058868408193
2024-10-23 13:00:00-05:00,24.33,23.989233,0.34076698303222486
2024-10-23 14:00:00-05:00,25.31,23.457888,1.852112350463866
2024-10-23 15:00:00-05:00,27.54,27.177637,0.3623628997802726
2024-10-23 16:00:00-05:00,37.55,35.9483,1.6017005920410128
2024-10-23 17:00:00-05:00,63.71,54.227623,9.482377014160157
2024-10-23 18:00:00-05:00,65.75,47.498684,18.25131607055664
2024-10-23 19:00:00-05:00,37.94,29.929445,8.010554733276365
2024-10-23 20:00:00-05:00,35.36,27.859547,7.500453338623046
2024-10-23 21:00:00-05:00,28.4,24.734514,3.6654857635498033
2024-10-23 22:00:00-05:00,22.44,23.546888,-1.1068883514404284
2024-10-23 23:00:00-05:00,20.31,22.47373,-2.1637300872802747
2024-10-24 00:00:00-05:00,21.66,20.383947,1.2760526275634767
2024-10-24 01:00:00-05:00,20.96,19.756258,1.203741989135743
2024-10-24 02:00:00-05:00,20.67,19.698683,0.971317214965822
2024-10-24 03:00:00-05:00,21.66,19.536484,2.1235162353515626
2024-10-24 04:00:00-05:00,25.16,21.097683,4.062317047119141
2024-10-24 05:00:00-05:00,34.16,27.888853,6.271146926879879
2024-10-24 06:00:00-05:00,55.29,36.681046,18.608954467773437
2024-10-24 07:00:00-05:00,39.6,30.569798,9.03020248413086
2024-10-24 08:00:00-05:00,29.29,26.68517,2.604830780029296
2024-10-24 09:00:00-05:00,26.84,25.139498,1.700502243041992
2024-10-24 10:00:00-05:00,25.56,25.143913,0.41608673095702997
2024-10-24 11:00:00-05:00,25.03,26.749947,-1.7199465942382801
2024-10-24 12:00:00-05:00,24.2,26.067335,-1.8673351287841804
2024-10-24 13:00:00-05:00,24.9,26.1849,-1.284900283813478
2024-10-24 14:00:00-05:00,23.36,26.323038,-2.9630381011962896
2024-10-24 15:00:00-05:00,25.24,28.256706,-3.0167062377929703
2024-10-24 16:00:00-05:00,35.9,37.856747,-1.9567466735839858
2024-10-24 17:00:00-05:00,60.82,62.27245,-1.4524494934082028
2024-10-24 18:00:00-05:00,55.0,62.67747,-7.677471160888672
2024-10-24 19:00:00-05:00,26.43,38.16249,-11.732490844726563
2024-10-24 20:00:00-05:00,21.22,34.7389,-13.518899230957032
2024-10-24 21:00:00-05:00,15.33,27.540937,-12.210937423706055
2024-10-24 22:00:00-05:00,12.21,22.573315,-10.363314666748046
2024-10-24 23:00:00-05:00,11.22,21.665089,-10.445088653564452
2024-10-25 00:00:00-05:00,13.25,19.269505,-6.019504547119141
2024-10-25 01:00:00-05:00,12.48,18.789886,-6.309886474609375
2024-10-25 02:00:00-05:00,14.62,18.456642,-3.836642150878907
2024-10-25 03:00:00-05:00,16.26,19.158031,-2.8980314636230453
2024-10-25 04:00:00-05:00,17.14,20.93839,-3.798390731811523
2024-10-25 05:00:00-05:00,28.21,30.503363,-2.2933626556396476
2024-10-25 06:00:00-05:00,47.31,45.228485,2.0815148925781273
2024-10-25 07:00:00-05:00,34.1,34.297424,-0.19742431640624858
2024-10-25 08:00:00-05:00,27.26,26.375513,0.884486923217775
2024-10-25 09:00:00-05:00,27.45,25.26032,2.189679336547851
2024-10-25 10:00:00-05:00,28.06,22.682537,5.377462921142577
2024-10-25 11:00:00-05:00,26.38,22.791962,3.588038330078124
2024-10-25 12:00:00-05:00,26.14,22.344746,3.7952543640136724
2024-10-25 13:00:00-05:00,26.54,22.154877,4.385123291015624
2024-10-25 14:00:00-05:00,23.8,22.184734,1.6152656555175788
2024-10-25 15:00:00-05:00,27.07,22.441774,4.6282256317138675
2024-10-25 16:00:00-05:00,32.86,32.680008,0.17999206542968693
2024-10-25 17:00:00-05:00,58.51,53.173866,5.336133728027342
2024-10-25 18:00:00-05:00,63.99,47.72064,16.269361724853518
2024-10-25 19:00:00-05:00,33.12,27.407358,5.712641830444333
2024-10-25 20:00:00-05:00,30.78,22.223255,8.556744842529298
2024-10-25 21:00:00-05:00,27.38,22.479176,4.900824432373046
2024-10-25 22:00:00-05:00,22.97,18.018564,4.951435775756835
2024-10-25 23:00:00-05:00,23.28,17.673674,5.606326370239259
2024-10-26 00:00:00-05:00,18.25,16.534952,1.715047836303711
2024-10-26 01:00:00-05:00,18.1,15.334425,2.7655750274658217
2024-10-26 02:00:00-05:00,17.39,16.984732,0.40526832580566463
2024-10-26 03:00:00-05:00,16.92,17.929148,-1.0091477203369124
2024-10-26 04:00:00-05:00,17.37,18.401306,-1.031306152343749
2024-10-26 05:00:00-05:00,20.22,22.51708,-2.297080307006837
2024-10-26 06:00:00-05:00,34.74,38.495647,-3.75564743041992
2024-10-26 07:00:00-05:00,27.81,28.911615,-1.1016153717041028
2024-10-26 08:00:00-05:00,23.53,23.24686,0.2831394958496105
2024-10-26 09:00:00-05:00,21.92,22.96668,-1.0466805267333967
2024-10-26 10:00:00-05:00,21.95,23.506374,-1.55637435913086
2024-10-26 11:00:00-05:00,20.88,22.910536,-2.0305358123779307
2024-10-26 12:00:00-05:00,20.75,22.850477,-2.1004772186279297
2024-10-26 13:00:00-05:00,20.66,22.852915,-2.192914810180664
2024-10-26 14:00:00-05:00,21.26,21.834509,-0.5745088958740219
2024-10-26 15:00:00-05:00,22.17,23.881516,-1.7115155029296858
2024-10-26 16:00:00-05:00,27.78,29.480011,-1.7000109863281239
2024-10-26 17:00:00-05:00,47.79,51.179024,-3.389023742675782
2024-10-26 18:00:00-05:00,38.24,54.694736,-16.45473648071289
2024-10-26 19:00:00-05:00,25.61,29.826578,-4.21657814025879
2024-10-26 20:00:00-05:00,24.41,27.815664,-3.405664291381836
2024-10-26 21:00:00-05:00,22.44,24.957376,-2.517376480102538
2024-10-26 22:00:00-05:00,21.53,21.961588,-0.4315879058837879
2024-10-26 23:00:00-05:00,20.22,22.518845,-2.2988446044921886
2024-10-27 00:00:00-05:00,19.89,19.771215,0.11878456115722713
2024-10-27 01:00:00-05:00,20.02,19.812931,0.20706893920898395
2024-10-27 02:00:00-05:00,18.79,19.339298,-0.5492982482910165
2024-10-27 03:00:00-05:00,18.2,19.013195,-0.8131950378417976
2024-10-27 04:00:00-05:00,18.14,19.443562,-1.3035615539550776
2024-10-27 05:00:00-05:00,20.59,22.550142,-1.960142288208008
2024-10-27 06:00:00-05:00,25.46,30.723288,-5.26328758239746
2024-10-27 07:00:00-05:00,23.7,27.714172,-4.014172363281251
2024-10-27 08:00:00-05:00,22.53,22.683186,-0.153185577392577
2024-10-27 09:00:00-05:00,21.5,21.166042,0.3339576721191406
2024-10-27 10:00:00-05:00,21.33,21.111643,0.21835716247558423
2024-10-27 11:00:00-05:00,21.25,20.816517,0.4334831237792969
2024-10-27 12:00:00-05:00,21.58,20.462387,1.1176129150390608
2024-10-27 13:00:00-05:00,21.11,20.638012,0.47198806762695256
2024-10-27 14:00:00-05:00,21.04,20.432951,0.607049026489257
2024-10-27 15:00:00-05:00,22.65,21.787567,0.8624328613281236
2024-10-27 16:00:00-05:00,30.39,27.078186,3.3118139648437506
2024-10-27 17:00:00-05:00,51.88,46.89562,4.984381561279299
2024-10-27 18:00:00-05:00,44.6,40.83047,3.769528961181642
2024-10-27 19:00:00-05:00,31.21,25.404255,5.805745086669923
2024-10-27 20:00:00-05:00,27.4,22.9605,4.439499282836913
2024-10-27 21:00:00-05:00,24.58,21.87458,2.705419616699217
2024-10-27 22:00:00-05:00,20.85,21.100843,-0.25084342956542827
2024-10-27 23:00:00-05:00,18.34,19.89778,-1.5577794647216798
2024-10-28 00:00:00-05:00,16.77,19.089733,-2.3197331237792973
2024-10-28 01:00:00-05:00,15.39,19.205345,-3.815345153808593
2024-10-28 02:00:00-05:00,14.0,18.865824,-4.865823745727539
2024-10-28 03:00:00-05:00,14.54,19.03366,-4.493660888671876
2024-10-28 04:00:00-05:00,19.32,20.252722,-0.9327217864990232
2024-10-28 05:00:00-05:00,33.72,27.048687,6.671313018798827
2024-10-28 06:00:00-05:00,48.1,34.923897,13.17610321044922
2024-10-28 07:00:00-05:00,34.12,29.666513,4.453486557006833
2024-10-28 08:00:00-05:00,25.25,25.882881,-0.6328811645507812
2024-10-28 09:00:00-05:00,24.18,25.121033,-0.9410327148437503
2024-10-28 10:00:00-05:00,23.6,27.141579,-3.541578674316405
2024-10-28 11:00:00-05:00,22.55,25.558475,-3.008475494384765
2024-10-28 12:00:00-05:00,21.56,25.504395,-3.9443945312500013
2024-10-28 13:00:00-05:00,19.87,25.364546,-5.494545822143554
2024-10-28 14:00:00-05:00,19.9,24.905886,-5.005885696411134
2024-10-28 15:00:00-05:00,22.2,27.71403,-5.51402931213379
2024-10-28 16:00:00-05:00,26.17,35.93526,-9.765260772705076
2024-10-28 17:00:00-05:00,40.58,59.75897,-19.178968353271486
2024-10-28 18:00:00-05:00,35.25,53.330227,-18.08022689819336
2024-10-28 19:00:00-05:00,23.18,34.865078,-11.68507797241211
2024-10-28 20:00:00-05:00,20.56,30.80429,-10.244290771484376
2024-10-28 21:00:00-05:00,16.8,25.052345,-8.252345275878906
2024-10-28 22:00:00-05:00,14.03,23.196644,-9.166643829345704
2024-10-28 23:00:00-05:00,12.64,22.103588,-9.463588104248046
2024-10-29 00:00:00-05:00,11.83,21.39475,-9.564750595092773
2024-10-29 01:00:00-05:00,10.0,21.277338,-11.277338027954102
2024-10-29 02:00:00-05:00,9.33,20.225266,-10.895265502929687
2024-10-29 03:00:00-05:00,9.05,20.635347,-11.585347366333007
2024-10-29 04:00:00-05:00,11.21,22.56543,-11.3554296875
2024-10-29 05:00:00-05:00,19.38,32.89198,-13.511979217529298
2024-10-29 06:00:00-05:00,29.63,43.048286,-13.418286437988282
2024-10-29 07:00:00-05:00,25.41,32.89957,-7.4895704650878905
2024-10-29 08:00:00-05:00,19.26,23.986658,-4.726658096313475
2024-10-29 09:00:00-05:00,19.36,23.581696,-4.221695556640626
2024-10-29 10:00:00-05:00,19.49,24.139307,-4.649307022094728
2024-10-29 11:00:00-05:00,19.48,24.05758,-4.577580947875976
2024-10-29 12:00:00-05:00,20.0,23.905867,-3.9058666229248047
2024-10-29 13:00:00-05:00,20.35,22.794502,-2.44450225830078
2024-10-29 14:00:00-05:00,21.64,22.68638,-1.0463803863525385
2024-10-29 15:00:00-05:00,24.43,24.315044,0.11495559692382784
2024-10-29 16:00:00-05:00,34.36,30.635874,3.7241262054443354
2024-10-29 17:00:00-05:00,45.63,46.22702,-0.5970202636718724
2024-10-29 18:00:00-05:00,37.81,41.306305,-3.4963049316406227
2024-10-29 19:00:00-05:00,29.43,27.567362,1.8626381683349607
2024-10-29 20:00:00-05:00,27.02,24.882856,2.137143630981445
2024-10-29 21:00:00-05:00,23.68,22.471882,1.2081181335449216
2024-10-29 22:00:00-05:00,15.72,21.035017,-5.315017013549804
2024-10-29 23:00:00-05:00,13.57,19.779257,-6.209256820678711
2024-10-30 00:00:00-05:00,14.91,19.150333,-4.2403334045410155
2024-10-30 01:00:00-05:00,13.45,18.59637,-5.146370697021485
2024-10-30 02:00:00-05:00,12.79,17.921547,-5.131546936035157
2024-10-30 03:00:00-05:00,12.86,17.288883,-4.428883209228516
2024-10-30 04:00:00-05:00,15.86,18.47695,-2.6169496917724615
2024-10-30 05:00:00-05:00,21.74,23.460365,-1.7203652954101578
2024-10-30 06:00:00-05:00,27.86,32.5304,-4.670399322509766
2024-10-30 07:00:00-05:00,25.53,27.799065,-2.2690646362304676
2024-10-30 08:00:00-05:00,22.21,23.127766,-0.9177656555175773
2024-10-30 09:00:00-05:00,22.45,23.369173,-0.9191730499267585
2024-10-30 10:00:00-05:00,22.81,23.661404,-0.8514036560058607
2024-10-30 11:00:00-05:00,24.29,23.234562,1.0554380798339835
2024-10-30 12:00:00-05:00,25.46,24.635815,0.824185333251954
2024-10-30 13:00:00-05:00,26.83,24.920834,1.909166412353514
2024-10-30 14:00:00-05:00,27.91,26.592987,1.3170129394531251
2024-10-30 15:00:00-05:00,31.05,27.871367,3.1786334991455085
2024-10-30 16:00:00-05:00,35.75,37.473278,-1.7232780456542969
2024-10-30 17:00:00-05:00,49.92,48.498047,1.4219531250000017
2024-10-30 18:00:00-05:00,42.75,42.122444,0.6275558471679688
2024-10-30 19:00:00-05:00,33.24,33.255116,-0.015115509033201135
2024-10-30 20:00:00-05:00,29.2,30.88955,-1.6895492553710945
2024-10-30 21:00:00-05:00,24.54,26.860445,-2.3204450225830087
2024-10-30 22:00:00-05:00,21.28,21.292881,-0.012881011962889488
2024-10-30 23:00:00-05:00,19.67,19.690536,-0.020536499023435795
2024-10-31 00:00:00-05:00,18.08,18.053097,0.02690322875976392
2024-10-31 01:00:00-05:00,15.56,17.137058,-1.5770582580566401
2024-10-31 02:00:00-05:00,14.4,17.53141,-3.131410217285156
2024-10-31 03:00:00-05:00,13.31,18.435928,-5.125928344726562
2024-10-31 04:00:00-05:00,16.33,21.906622,-5.5766219329834
2024-10-31 05:00:00-05:00,21.11,28.188772,-7.0787722015380865
2024-10-31 06:00:00-05:00,25.69,35.151016,-9.461016235351561
2024-10-31 07:00:00-05:00,24.28,31.610949,-7.330948562622069
2024-10-31 08:00:00-05:00,22.21,27.142223,-4.932223358154296
2024-10-31 09:00:00-05:00,22.96,26.032299,-3.072299041748046
2024-10-31 10:00:00-05:00,21.5,26.496647,-4.996646881103516
2024-10-31 11:00:00-05:00,22.13,26.404123,-4.274123306274415
2024-10-31 12:00:00-05:00,20.71,26.54236,-5.832360305786132
2024-10-31 13:00:00-05:00,20.75,27.46003,-6.710029602050781
2024-10-31 14:00:00-05:00,20.71,27.59148,-6.881480255126952
2024-10-31 15:00:00-05:00,22.69,30.072779,-7.382778701782225
2024-10-31 16:00:00-05:00,26.14,37.918938,-11.778937683105468
2024-10-31 17:00:00-05:00,33.92,49.623405,-15.703405456542967
2024-10-31 18:00:00-05:00,38.79,44.395226,-5.605225524902345
2024-10-31 19:00:00-05:00,31.77,31.813356,-0.04335639953613324
2024-10-31 20:00:00-05:00,29.16,28.836706,0.3232938385009767
2024-10-31 21:00:00-05:00,27.25,24.372604,2.8773956298828125
2024-10-31 22:00:00-05:00,23.83,23.335852,0.49414833068847486
2024-10-31 23:00:00-05:00,22.87,22.341967,0.5280333709716807
2024-11-01 00:00:00-05:00,22.67,20.847055,1.8229445648193376
2024-11-01 01:00:00-05:00,21.58,19.693321,1.8866787719726545
2024-11-01 02:00:00-05:00,21.1,18.039064,3.0609355926513686
2024-11-01 03:00:00-05:00,21.6,18.201496,3.3985038757324233
2024-11-01 04:00:00-05:00,24.52,19.223675,5.296325225830078
2024-11-01 05:00:00-05:00,29.08,24.82329,4.256710128784178
2024-11-01 06:00:00-05:00,54.01,30.91789,23.092109451293943
2024-11-01 07:00:00-05:00,43.99,28.050663,15.939337005615236
2024-11-01 08:00:00-05:00,31.41,25.268177,6.141822967529297
2024-11-01 09:00:00-05:00,28.68,26.243547,2.4364525604248044
2024-11-01 10:00:00-05:00,27.74,26.1844,1.5555994415283187
2024-11-01 11:00:00-05:00,24.46,25.494467,-1.03446678161621
2024-11-01 12:00:00-05:00,24.33,25.742002,-1.412002487182619
2024-11-01 13:00:00-05:00,22.27,25.86612,-3.5961193847656254
2024-11-01 14:00:00-05:00,21.51,24.631,-3.1210005187988266
2024-11-01 15:00:00-05:00,23.23,27.327301,-4.097301025390625
2024-11-01 16:00:00-05:00,28.52,30.699663,-2.1796631622314457
2024-11-01 17:00:00-05:00,43.43,39.05577,4.374229125976562
2024-11-01 18:00:00-05:00,36.81,44.227955,-7.417954864501951
2024-11-01 19:00:00-05:00,31.08,34.945015,-3.865014953613283
2024-11-01 20:00:00-05:00,30.0,30.523993,-0.5239925384521484
2024-11-01 21:00:00-05:00,26.11,28.114117,-2.0041166687011724
2024-11-01 22:00:00-05:00,23.18,25.589142,-2.4091418457031253
2024-11-01 23:00:00-05:00,22.09,24.239513,-2.149513397216797
2024-11-02 00:00:00-05:00,21.12,24.351109,-3.2311085510253896
2024-11-02 01:00:00-05:00,20.76,22.915077,-2.1550772094726547
2024-11-02 02:00:00-05:00,20.63,22.446209,-1.8162089538574229
2024-11-02 03:00:00-05:00,20.59,21.88408,-1.2940808868408205
2024-11-02 04:00:00-05:00,22.95,23.289282,-0.33928184509277415
2024-11-02 05:00:00-05:00,23.89,27.027687,-3.1376870727539057
2024-11-02 06:00:00-05:00,31.23,39.27192,-8.04191925048828
2024-11-02 07:00:00-05:00,30.49,37.18617,-6.696168670654298
2024-11-02 08:00:00-05:00,26.11,25.496782,0.6132176971435541
2024-11-02 09:00:00-05:00,24.9,23.934877,0.9651226043701158
2024-11-02 10:00:00-05:00,23.33,23.010832,0.3191681671142561
2024-11-02 11:00:00-05:00,22.44,21.736734,0.7032656097412122
2024-11-02 12:00:00-05:00,21.43,21.528326,-0.09832603454589872
2024-11-02 13:00:00-05:00,18.85,20.13525,-1.285250091552733
2024-11-02 14:00:00-05:00,18.32,20.844471,-2.524470977783203
2024-11-02 15:00:00-05:00,19.92,22.87429,-2.954290466308592
2024-11-02 16:00:00-05:00,26.8,26.862734,-0.0627338409423821
2024-11-02 17:00:00-05:00,34.31,40.209183,-5.89918273925781
2024-11-02 18:00:00-05:00,29.03,34.652702,-5.622702331542968
2024-11-02 19:00:00-05:00,21.4,25.404224,-4.0042243957519545
2024-11-02 20:00:00-05:00,20.73,24.230476,-3.500476379394531
2024-11-02 21:00:00-05:00,18.07,22.627638,-4.557637863159179
2024-11-02 22:00:00-05:00,15.26,21.263243,-6.003242721557617
2024-11-02 23:00:00-05:00,12.85,20.71722,-7.867220306396485
2024-11-03 00:00:00-05:00,17.07,20.151983,-3.081983261108398
2024-11-03 01:00:00-05:00,13.91,20.042439,-6.132438507080078
2024-11-03 02:00:00-05:00,12.91,19.597647,-6.687646713256836
2024-11-03 03:00:00-05:00,10.38,19.399824,-9.019824142456054
2024-11-03 04:00:00-05:00,9.76,20.968235,-11.20823501586914
2024-11-03 05:00:00-05:00,9.98,20.921446,-10.941445846557617
2024-11-03 06:00:00-05:00,13.56,25.099453,-11.539452972412109
2024-11-03 07:00:00-05:00,13.98,24.912237,-10.932237167358398
2024-11-03 08:00:00-05:00,12.93,22.527578,-9.597578353881836
2024-11-03 09:00:00-05:00,12.41,21.178333,-8.768333282470703
2024-11-03 10:00:00-05:00,12.79,21.115747,-8.325747451782227
2024-11-03 11:00:00-05:00,15.14,20.49981,-5.359809265136718
2024-11-03 12:00:00-05:00,15.22,19.78903,-4.5690300750732415
2024-11-03 13:00:00-05:00,16.16,18.835123,-2.675123062133789
2024-11-03 14:00:00-05:00,17.08,18.934755,-1.8547553253173845
2024-11-03 15:00:00-05:00,17.05,19.986794,-2.9367935180664055
2024-11-03 16:00:00-05:00,21.84,25.983881,-4.143880996704102
2024-11-03 17:00:00-05:00,28.0,33.430202,-5.430202484130859
2024-11-03 18:00:00-05:00,31.0,30.19531,0.8046894073486328
2024-11-03 19:00:00-05:00,22.36,25.943682,-3.583681716918946
2024-11-03 20:00:00-05:00,20.5,24.41267,-3.912670135498047
2024-11-03 21:00:00-05:00,17.99,23.402689,-5.412688980102541
2024-11-03 22:00:00-05:00,16.77,19.988823,-3.218822937011719
2024-11-03 23:00:00-05:00,14.49,18.005125,-3.515125045776367
2024-11-04 00:00:00-05:00,12.75,17.097584,-4.347583770751953
2024-11-04 01:00:00-05:00,11.16,18.236467,-7.076467361450195
2024-11-04 02:00:00-05:00,10.59,17.478151,-6.888151321411133
2024-11-04 03:00:00-05:00,9.57,16.538702,-6.968702011108398
2024-11-04 04:00:00-05:00,11.34,18.505322,-7.165321502685547
2024-11-04 05:00:00-05:00,14.53,25.352272,-10.822272033691407
2024-11-04 06:00:00-05:00,19.01,34.086433,-15.07643341064453
2024-11-04 07:00:00-05:00,24.62,33.266117,-8.646117095947265
2024-11-04 08:00:00-05:00,21.14,26.084871,-4.944871292114257
2024-11-04 09:00:00-05:00,19.92,25.231285,-5.311285095214842
2024-11-04 10:00:00-05:00,21.02,24.822922,-3.802921752929688
2024-11-04 11:00:00-05:00,20.85,23.70012,-2.850120925903319
2024-11-04 12:00:00-05:00,20.65,23.216244,-2.566243743896486
2024-11-04 13:00:00-05:00,21.23,23.11898,-1.8889804077148433
2024-11-04 14:00:00-05:00,22.34,23.710707,-1.3707067108154298
2024-11-04 15:00:00-05:00,22.88,24.037394,-1.15739356994629
2024-11-04 16:00:00-05:00,27.61,30.68605,-3.076050415039063
2024-11-04 17:00:00-05:00,37.87,41.358894,-3.488894348144534
2024-11-04 18:00:00-05:00,33.74,38.77959,-5.039590606689451
2024-11-04 19:00:00-05:00,27.67,30.490961,-2.8209610748291
2024-11-04 20:00:00-05:00,23.98,26.93673,-2.9567294311523433
2024-11-04 21:00:00-05:00,22.49,24.437492,-1.9474923706054703
2024-11-04 22:00:00-05:00,20.73,22.653805,-1.923804779052734
2024-11-04 23:00:00-05:00,18.26,21.757895,-3.4978945159912094
2024-11-05 00:00:00-05:00,18.1,18.716051,-0.6160511016845689
2024-11-05 01:00:00-05:00,14.9,18.866346,-3.9663463592529293
2024-11-05 02:00:00-05:00,13.27,18.6899,-5.4198994445800786
2024-11-05 03:00:00-05:00,12.71,18.159372,-5.449372329711913
2024-11-05 04:00:00-05:00,12.07,18.8708,-6.800800018310547
2024-11-05 05:00:00-05:00,13.8,20.97432,-7.174319458007812
2024-11-05 06:00:00-05:00,19.06,29.42911,-10.369109573364259
2024-11-05 07:00:00-05:00,23.89,30.207237,-6.317237243652343
2024-11-05 08:00:00-05:00,20.57,24.715826,-4.145826034545898
2024-11-05 09:00:00-05:00,21.53,24.108059,-2.5780589294433582
2024-11-05 10:00:00-05:00,22.65,23.896912,-1.2469116210937514
2024-11-05 11:00:00-05:00,20.98,24.356937,-3.376937408447265
2024-11-05 12:00:00-05:00,20.07,24.4804,-4.4104000854492185
2024-11-05 13:00:00-05:00,19.91,24.840237,-4.930236663818359
2024-11-05 14:00:00-05:00,19.27,25.621181,-6.35118148803711
2024-11-05 15:00:00-05:00,19.85,28.140203,-8.290203475952147
2024-11-05 16:00:00-05:00,25.58,32.59355,-7.013551635742189
2024-11-05 17:00:00-05:00,33.08,44.55334,-11.473340911865236
2024-11-05 18:00:00-05:00,35.33,37.02806,-1.6980609130859392
2024-11-05 19:00:00-05:00,26.29,29.0933,-2.803299865722657
2024-11-05 20:00:00-05:00,26.21,26.544174,-0.33417419433593665
2024-11-05 21:00:00-05:00,23.65,24.818554,-1.1685539245605483
2024-11-05 22:00:00-05:00,21.37,23.487276,-2.117276077270507
2024-11-05 23:00:00-05:00,19.4,21.913378,-2.5133777618408217
2024-11-06 00:00:00-05:00,22.24,19.605762,2.6342375183105453
2024-11-06 01:00:00-05:00,20.94,17.971611,2.9683889770507825
2024-11-06 02:00:00-05:00,19.5,17.60568,1.8943195343017578
2024-11-06 03:00:00-05:00,19.04,18.931623,0.10837654113769446
2024-11-06 04:00:00-05:00,20.56,17.96156,2.598440704345702
2024-11-06 05:00:00-05:00,25.72,20.096056,5.6239440155029286
2024-11-06 06:00:00-05:00,32.23,24.924448,7.305551986694333
2024-11-06 07:00:00-05:00,40.83,26.083548,14.746452407836912
2024-11-06 08:00:00-05:00,34.09,23.329988,10.760011520385746
2024-11-06 09:00:00-05:00,30.76,23.908342,6.851657638549806
2024-11-06 10:00:00-05:00,33.6,24.915033,8.6849666595459
2024-11-06 11:00:00-05:00,32.87,24.902792,7.9672080230712865
2024-11-06 12:00:00-05:00,31.54,25.1303,6.409699478149413
2024-11-06 13:00:00-05:00,29.48,24.831331,4.648668746948243
2024-11-06 14:00:00-05:00,28.09,25.271746,2.8182543182373045
2024-11-06 15:00:00-05:00,28.11,26.21332,1.8966802215576166
2024-11-06 16:00:00-05:00,36.08,29.912395,6.167604522705076
2024-11-06 17:00:00-05:00,50.45,36.18391,14.266089630126956
2024-11-06 18:00:00-05:00,49.7,39.632153,10.067847442626956
2024-11-06 19:00:00-05:00,38.43,30.253147,8.176852874755859
2024-11-06 20:00:00-05:00,33.58,28.71815,4.861850814819334
2024-11-06 21:00:00-05:00,32.49,26.201525,6.288475265502932
2024-11-06 22:00:00-05:00,29.72,23.803854,5.916146011352538
2024-11-06 23:00:00-05:00,29.35,22.064396,7.285604095458986
2024-11-07 00:00:00-05:00,25.56,21.771143,3.788857040405272
2024-11-07 01:00:00-05:00,23.77,20.804157,2.9658427429199214
2024-11-07 02:00:00-05:00,21.98,19.950535,2.02946517944336
2024-11-07 03:00:00-05:00,20.91,19.69028,1.2197190856933595
2024-11-07 04:00:00-05:00,20.89,21.139181,-0.24918113708496037
2024-11-07 05:00:00-05:00,22.7,24.336233,-1.6362331390380866
2024-11-07 06:00:00-05:00,29.26,30.24584,-0.9858400726318344
2024-11-07 07:00:00-05:00,39.54,37.81889,1.7211103820800773
2024-11-07 08:00:00-05:00,30.0,31.41698,-1.4169807434082031
2024-11-07 09:00:00-05:00,26.29,29.435234,-3.1452340698242196
2024-11-07 10:00:00-05:00,27.9,30.49888,-2.5988803863525405
2024-11-07 11:00:00-05:00,24.61,29.631865,-5.021864547729493
2024-11-07 12:00:00-05:00,24.21,28.718792,-4.508791961669921
2024-11-07 13:00:00-05:00,23.83,27.477472,-3.6474723052978533
2024-11-07 14:00:00-05:00,22.75,26.173298,-3.423297882080078
2024-11-07 15:00:00-05:00,23.49,26.911217,-3.4212167358398453
2024-11-07 16:00:00-05:00,27.89,33.636887,-5.746886596679687
2024-11-07 17:00:00-05:00,42.06,44.654358,-2.5943579101562477
2024-11-07 18:00:00-05:00,35.53,45.175827,-9.645827026367186
2024-11-07 19:00:00-05:00,27.23,34.845173,-7.615172882080078
2024-11-07 20:00:00-05:00,25.69,31.095366,-5.405365524291991
2024-11-07 21:00:00-05:00,25.59,28.607777,-3.0177766418457033
2024-11-07 22:00:00-05:00,24.36,27.256565,-2.896565093994141
2024-11-07 23:00:00-05:00,22.25,25.685867,-3.4358673095703125
2024-11-08 00:00:00-05:00,18.88,23.33279,-4.45279037475586
2024-11-08 01:00:00-05:00,18.19,22.075373,-3.8853726959228503
2024-11-08 02:00:00-05:00,17.24,20.664097,-3.424096832275392
2024-11-08 03:00:00-05:00,17.6,20.158459,-2.5584587097167955
2024-11-08 04:00:00-05:00,18.56,21.07945,-2.519450607299806
2024-11-08 05:00:00-05:00,21.01,23.950546,-2.940546264648436
2024-11-08 06:00:00-05:00,28.51,30.737206,-2.227205505371092
2024-11-08 07:00:00-05:00,36.0,36.98296,-0.9829597473144531
2024-11-08 08:00:00-05:00,29.02,28.93756,0.08244087219238239
2024-11-08 09:00:00-05:00,27.19,26.79064,0.39936012268066534
2024-11-08 10:00:00-05:00,28.66,26.576323,2.083677444458008
2024-11-08 11:00:00-05:00,28.3,24.78256,3.5174396514892585
2024-11-08 12:00:00-05:00,27.65,24.198477,3.4515232086181626
2024-11-08 13:00:00-05:00,25.55,22.842852,2.7071483612060554
2024-11-08 14:00:00-05:00,24.86,22.518349,2.341651306152343
2024-11-08 15:00:00-05:00,25.53,23.605593,1.9244072723388683
2024-11-08 16:00:00-05:00,31.18,27.052776,4.127223663330078
2024-11-08 17:00:00-05:00,41.89,43.73358,-1.8435815429687494
2024-11-08 18:00:00-05:00,31.57,36.096603,-4.526603393554687
2024-11-08 19:00:00-05:00,24.72,27.666391,-2.946391372680665
2024-11-08 20:00:00-05:00,24.55,26.094578,-1.54457778930664
2024-11-08 21:00:00-05:00,24.17,24.6043,-0.43429954528808423
2024-11-08 22:00:00-05:00,20.68,22.961174,-2.281174011230469
2024-11-08 23:00:00-05:00,20.52,21.746544,-1.2265438842773442
2024-11-09 00:00:00-05:00,20.36,19.494345,0.8656552886962885
2024-11-09 01:00:00-05:00,16.89,19.748634,-2.8586343383789057
2024-11-09 02:00:00-05:00,15.53,19.31514,-3.785139770507813
2024-11-09 03:00:00-05:00,15.59,19.227337,-3.637336883544922
2024-11-09 04:00:00-05:00,13.91,19.924818,-6.0148180389404295
2024-11-09 05:00:00-05:00,16.23,21.389038,-5.1590380859375
2024-11-09 06:00:00-05:00,22.48,27.190287,-4.710286636352539
2024-11-09 07:00:00-05:00,27.4,31.966648,-4.566648101806642
2024-11-09 08:00:00-05:00,24.94,25.952456,-1.0124555206298815
2024-11-09 09:00:00-05:00,21.91,26.148603,-4.2386034393310545
2024-11-09 10:00:00-05:00,21.31,26.644197,-5.334197463989259
2024-11-09 11:00:00-05:00,20.13,26.153164,-6.02316390991211
2024-11-09 12:00:00-05:00,20.22,24.200382,-3.9803822326660168
2024-11-09 13:00:00-05:00,20.83,22.691607,-1.861606521606447
2024-11-09 14:00:00-05:00,19.62,22.319221,-2.6992214965820303
2024-11-09 15:00:00-05:00,20.85,23.376509,-2.5265087127685533
2024-11-09 16:00:00-05:00,25.7,28.081245,-2.381245422363282
2024-11-09 17:00:00-05:00,29.22,39.106564,-9.886563568115236
2024-11-09 18:00:00-05:00,28.46,30.34607,-1.8860693359374991
2024-11-09 19:00:00-05:00,22.26,26.15095,-3.8909494781494125
2024-11-09 20:00:00-05:00,20.67,24.409575,-3.7395745086669905
2024-11-09 21:00:00-05:00,19.56,23.819527,-4.2595266723632825
2024-11-09 22:00:00-05:00,20.0,21.815895,-1.8158950805664062
2024-11-09 23:00:00-05:00,19.26,21.809717,-2.549717178344725
2024-11-10 00:00:00-05:00,18.96,20.48824,-1.5282392883300773
2024-11-10 01:00:00-05:00,16.95,19.206022,-2.256022262573243
2024-11-10 02:00:00-05:00,16.93,19.23164,-2.301639862060547
2024-11-10 03:00:00-05:00,16.56,18.29424,-1.7342409515380872
2024-11-10 04:00:00-05:00,17.05,18.621931,-1.571931076049804
2024-11-10 05:00:00-05:00,17.64,19.241198,-1.6011975860595697
2024-11-10 06:00:00-05:00,18.12,21.798143,-3.6781433868408193
2024-11-10 07:00:00-05:00,19.91,26.900589,-6.990588989257812
2024-11-10 08:00:00-05:00,20.28,22.564516,-2.2845160675048817
2024-11-10 09:00:00-05:00,19.61,21.591543,-1.9815431976318365
2024-11-10 10:00:00-05:00,19.78,22.306997,-2.526997299194335
2024-11-10 11:00:00-05:00,19.47,21.613203,-2.143203048706056
2024-11-10 12:00:00-05:00,18.9,21.77646,-2.8764606475830092
2024-11-10 13:00:00-05:00,17.49,21.397825,-3.9078252410888688
2024-11-10 14:00:00-05:00,17.12,21.596617,-4.476616744995116
2024-11-10 15:00:00-05:00,16.9,22.946026,-6.046025848388673
2024-11-10 16:00:00-05:00,23.25,26.990532,-3.7405319213867188
2024-11-10 17:00:00-05:00,33.5,31.343876,2.1561241149902344
2024-11-10 18:00:00-05:00,34.35,31.272842,3.077157592773439
2024-11-10 19:00:00-05:00,24.29,24.498867,-0.20886703491211023
2024-11-10 20:00:00-05:00,23.29,23.246773,0.0432272338867179
2024-11-10 21:00:00-05:00,21.07,22.824102,-1.7541024017333982
2024-11-10 22:00:00-05:00,17.94,22.899113,-4.959112701416014
2024-11-10 23:00:00-05:00,14.54,22.107534,-7.567534408569337
2024-11-11 00:00:00-05:00,13.04,20.378777,-7.33877655029297
2024-11-11 01:00:00-05:00,11.35,19.90659,-8.556589508056641
2024-11-11 02:00:00-05:00,10.45,19.93273,-9.482729721069337
2024-11-11 03:00:00-05:00,9.89,19.756283,-9.866282806396484
2024-11-11 04:00:00-05:00,10.37,20.875975,-10.505974655151368
2024-11-11 05:00:00-05:00,14.18,22.659916,-8.479915924072266
2024-11-11 06:00:00-05:00,20.25,25.724926,-5.474925994873047
2024-11-11 07:00:00-05:00,26.13,28.22188,-2.0918799591064463
2024-11-11 08:00:00-05:00,20.21,26.33829,-6.128289260864257
2024-11-11 09:00:00-05:00,19.78,25.213081,-5.43308135986328
2024-11-11 10:00:00-05:00,20.2,25.729074,-5.529074478149415
2024-11-11 11:00:00-05:00,22.2,26.079723,-3.8797233581542976
2024-11-11 12:00:00-05:00,22.07,26.062773,-3.992772750854492
2024-11-11 13:00:00-05:00,22.64,24.538212,-1.898211822509765
2024-11-11 14:00:00-05:00,22.23,24.88937,-2.659369964599609
2024-11-11 15:00:00-05:00,23.37,25.555677,-2.1856774139404287
2024-11-11 16:00:00-05:00,31.44,32.771835,-1.3318353271484362
2024-11-11 17:00:00-05:00,46.18,40.66008,5.519920043945312
2024-11-11 18:00:00-05:00,41.97,38.975895,2.9941050720214832
2024-11-11 19:00:00-05:00,30.91,29.530733,1.3792668914794923
2024-11-11 20:00:00-05:00,28.03,27.21733,0.8126690673828136
2024-11-11 21:00:00-05:00,24.68,23.641993,1.0380074310302732
2024-11-11 22:00:00-05:00,22.32,21.699503,0.6204970550537112
2024-11-11 23:00:00-05:00,20.94,20.74102,0.19897979736328253
2024-11-12 00:00:00-05:00,18.28,18.444754,-0.1647536468505848
2024-11-12 01:00:00-05:00,15.64,17.53997,-1.8999703979492182
2024-11-12 02:00:00-05:00,15.6,17.602236,-2.002235794067383
2024-11-12 03:00:00-05:00,14.77,16.88564,-2.1156391906738286
2024-11-12 04:00:00-05:00,17.82,16.546816,1.2731841278076175
2024-11-12 05:00:00-05:00,22.65,20.657063,1.9929374694824205
2024-11-12 06:00:00-05:00,29.66,23.746714,5.913286361694336
2024-11-12 07:00:00-05:00,38.28,28.768822,9.511178283691407
2024-11-12 08:00:00-05:00,26.2,23.818924,2.381076049804687
2024-11-12 09:00:00-05:00,21.93,22.913513,-0.9835131835937503
2024-11-12 10:00:00-05:00,22.06,24.218092,-2.158091964721681
2024-11-12 11:00:00-05:00,22.62,24.01456,-1.3945606994628896
2024-11-12 12:00:00-05:00,26.21,24.01456,2.1954393005371102
2024-11-12 13:00:00-05:00,27.51,24.54579,2.964210281372072
2024-11-12 14:00:00-05:00,28.39,24.52689,3.86311019897461
2024-11-12 15:00:00-05:00,25.3,25.269638,0.03036193847656321
2024-11-12 16:00:00-05:00,36.6,31.259314,5.340686416625978
2024-11-12 17:00:00-05:00,52.17,43.16967,9.000329895019533
2024-11-12 18:00:00-05:00,40.05,42.888405,-2.838404846191409
2024-11-12 19:00:00-05:00,30.62,31.436287,-0.8162869262695303
2024-11-12 20:00:00-05:00,25.02,29.258392,-4.238392333984375
2024-11-12 21:00:00-05:00,22.06,26.11288,-4.052880706787111
2024-11-12 22:00:00-05:00,20.19,24.81798,-4.627979812622069
2024-11-12 23:00:00-05:00,17.16,24.155838,-6.995838012695312
2024-11-13 00:00:00-05:00,18.55,20.903862,-2.353861999511718
2024-11-13 01:00:00-05:00,15.77,19.771055,-4.001055221557618
2024-11-13 02:00:00-05:00,13.31,19.994076,-6.684075775146484
2024-11-13 03:00:00-05:00,13.97,19.178152,-5.208152084350585
2024-11-13 04:00:00-05:00,13.66,21.217562,-7.557561721801758
2024-11-13 05:00:00-05:00,21.69,24.81143,-3.121429977416991
2024-11-13 06:00:00-05:00,31.03,31.730291,-0.7002913665771473
2024-11-13 07:00:00-05:00,50.45,39.70957,10.740428161621097
2024-11-13 08:00:00-05:00,32.17,30.120977,2.0490225982666033
2024-11-13 09:00:00-05:00,24.24,26.396759,-2.1567590332031266
2024-11-13 10:00:00-05:00,26.26,26.742994,-0.4829943084716781
2024-11-13 11:00:00-05:00,25.73,27.055117,-1.3251166534423824
2024-11-13 12:00:00-05:00,24.48,27.825125,-3.3451247406005855
2024-11-13 13:00:00-05:00,25.27,26.585512,-1.3155121612548832
2024-11-13 14:00:00-05:00,24.78,25.719162,-0.9391619873046864
2024-11-13 15:00:00-05:00,25.44,26.389164,-0.9491639709472643
2024-11-13 16:00:00-05:00,31.08,31.349588,-0.26958839416504077
2024-11-13 17:00:00-05:00,46.45,45.0029,1.4471008300781278
2024-11-13 18:00:00-05:00,41.15,35.58731,5.562689208984374
2024-11-13 19:00:00-05:00,33.62,29.86391,3.7560893249511693
2024-11-13 20:00:00-05:00,26.84,26.17659,0.6634100341796874
2024-11-13 21:00:00-05:00,25.2,25.785221,-0.5852210998535163
2024-11-13 22:00:00-05:00,22.83,25.057724,-2.227723999023439
2024-11-13 23:00:00-05:00,20.81,23.38787,-2.57787078857422
2024-11-14 00:00:00-05:00,20.58,19.45031,1.1296902465820295
2024-11-14 01:00:00-05:00,18.49,19.71087,-1.2208707427978531
2024-11-14 02:00:00-05:00,16.48,18.945606,-2.4656062316894527
2024-11-14 03:00:00-05:00,16.34,16.922203,-0.5822030639648439
2024-11-14 04:00:00-05:00,16.4,19.031385,-2.631385421752931
2024-11-14 05:00:00-05:00,19.61,21.572569,-1.9625688934326178
2024-11-14 06:00:00-05:00,25.47,28.03834,-2.568339614868165
2024-11-14 07:00:00-05:00,36.8,38.579735,-1.7797348022460966
2024-11-14 08:00:00-05:00,29.45,27.317492,2.132508468627929
2024-11-14 09:00:00-05:00,25.57,25.000528,0.5694716644287112
2024-11-14 10:00:00-05:00,29.46,26.665787,2.7942132568359384
2024-11-14 11:00:00-05:00,28.48,26.378374,2.101625900268555
2024-11-14 12:00:00-05:00,25.83,25.535355,0.2946453857421858
2024-11-14 13:00:00-05:00,24.53,26.072098,-1.5420977783203114
2024-11-14 14:00:00-05:00,24.0,25.390177,-1.390176773071289
2024-11-14 15:00:00-05:00,25.07,26.020811,-0.9508110809326169
2024-11-14 16:00:00-05:00,32.59,31.143991,1.4460085296630893
2024-11-14 17:00:00-05:00,46.24,47.55556,-1.3155610656738261
2024-11-14 18:00:00-05:00,36.39,43.56531,-7.175311431884765
2024-11-14 19:00:00-05:00,32.07,31.569628,0.50037223815918
2024-11-14 20:00:00-05:00,33.4,27.514633,5.885366821289061
2024-11-14 21:00:00-05:00,31.78,26.406294,5.3737061309814464
2024-11-14 22:00:00-05:00,28.23,24.857243,3.372757415771485
2024-11-14 23:00:00-05:00,26.53,22.50701,4.022990493774415
2024-11-15 00:00:00-05:00,24.39,20.84762,3.542379989624024
2024-11-15 01:00:00-05:00,22.8,20.315542,2.4844577789306648
2024-11-15 02:00:00-05:00,22.14,19.739496,2.400503768920899
2024-11-15 03:00:00-05:00,22.13,19.669203,2.4607971954345693
2024-11-15 04:00:00-05:00,24.1,19.320536,4.779464340209962
2024-11-15 05:00:00-05:00,26.47,21.1957,5.274300308227538
2024-11-15 06:00:00-05:00,33.59,28.311287,5.278713073730472
2024-11-15 07:00:00-05:00,49.07,37.01639,12.05360824584961
2024-11-15 08:00:00-05:00,34.18,30.605072,3.5749279785156247
2024-11-15 09:00:00-05:00,28.35,26.777536,1.5724636077880874
2024-11-15 10:00:00-05:00,28.59,29.228287,-0.6382867431640626
2024-11-15 11:00:00-05:00,27.76,28.687561,-0.9275610351562484
2024-11-15 12:00:00-05:00,26.24,27.456123,-1.2161233520507828
2024-11-15 13:00:00-05:00,24.81,27.187414,-2.3774141693115247
2024-11-15 14:00:00-05:00,23.4,27.711843,-4.311843490600587
2024-11-15 15:00:00-05:00,23.91,27.167973,-3.2579725646972655
2024-11-15 16:00:00-05:00,33.29,32.185097,1.104903259277343
2024-11-15 17:00:00-05:00,50.68,49.59322,1.0867802429199216
2024-11-15 18:00:00-05:00,40.62,36.9503,3.6697016906738256
2024-11-15 19:00:00-05:00,40.89,30.038925,10.851074829101563
2024-11-15 20:00:00-05:00,39.09,30.633537,8.456462707519535
2024-11-15 21:00:00-05:00,32.41,28.770443,3.639557037353512
2024-11-15 22:00:00-05:00,28.56,24.960545,3.599455413818358
2024-11-15 23:00:00-05:00,25.85,24.182713,1.6672874450683608
2024-11-16 00:00:00-05:00,28.1,22.201187,5.898812866210939
2024-11-16 01:00:00-05:00,25.24,21.906195,3.33380531311035
2024-11-16 02:00:00-05:00,23.82,20.858316,2.961683578491211
2024-11-16 03:00:00-05:00,23.97,20.660494,3.309506149291991
2024-11-16 04:00:00-05:00,25.73,20.9069,4.823099594116211
2024-11-16 05:00:00-05:00,26.46,22.137272,4.322728118896485
2024-11-16 06:00:00-05:00,32.27,27.158424,5.111575622558597
2024-11-16 07:00:00-05:00,29.01,37.533558,-8.523557891845702
2024-11-16 08:00:00-05:00,26.8,28.000847,-1.200846862792968
2024-11-16 09:00:00-05:00,23.74,23.393715,0.3462850952148422
2024-11-16 10:00:00-05:00,22.36,23.51066,-1.1506601715087896
2024-11-16 11:00:00-05:00,22.83,22.58424,0.24576004028320142
2024-11-16 12:00:00-05:00,17.89,22.24539,-4.355389938354492
2024-11-16 13:00:00-05:00,16.31,21.334702,-5.024701538085939
2024-11-16 14:00:00-05:00,14.22,21.192284,-6.972283630371093
2024-11-16 15:00:00-05:00,15.25,21.316423,-6.066423416137695
2024-11-16 16:00:00-05:00,20.18,24.632944,-4.452944107055664
2024-11-16 17:00:00-05:00,29.99,36.5722,-6.582200775146486
2024-11-16 18:00:00-05:00,25.42,30.04306,-4.623060302734373
2024-11-16 19:00:00-05:00,21.75,30.25676,-8.506759643554688
2024-11-16 20:00:00-05:00,19.32,27.131033,-7.811032943725586
2024-11-16 21:00:00-05:00,17.8,22.809002,-5.009001922607421
2024-11-16 22:00:00-05:00,14.32,21.072256,-6.752256088256836
2024-11-16 23:00:00-05:00,12.96,20.356646,-7.3966455841064445
2024-11-17 00:00:00-05:00,10.67,18.857094,-8.187093811035156
2024-11-17 01:00:00-05:00,9.93,18.449827,-8.519827194213867
2024-11-17 02:00:00-05:00,8.77,18.850065,-10.080065231323243
2024-11-17 03:00:00-05:00,8.81,18.681084,-9.871083679199218
2024-11-17 04:00:00-05:00,8.68,18.277428,-9.597427673339844
2024-11-17 05:00:00-05:00,10.27,20.151857,-9.881857376098633
2024-11-17 06:00:00-05:00,12.93,21.753733,-8.823732681274414
2024-11-17 07:00:00-05:00,16.87,23.00945,-6.139450912475585
2024-11-17 08:00:00-05:00,17.44,22.380276,-4.940275726318358
2024-11-17 09:00:00-05:00,18.09,20.97749,-2.887489471435547
2024-11-17 10:00:00-05:00,19.18,21.387852,-2.207851715087891
2024-11-17 11:00:00-05:00,20.01,21.62727,-1.6172697448730453
2024-11-17 12:00:00-05:00,20.65,19.795944,0.8540557861328111
2024-11-17 13:00:00-05:00,20.62,19.192255,1.4277449798583994
2024-11-17 14:00:00-05:00,20.39,18.256557,2.133442535400391
2024-11-17 15:00:00-05:00,21.87,19.166647,2.70335304260254
2024-11-17 16:00:00-05:00,27.91,23.681208,4.228792343139649
2024-11-17 17:00:00-05:00,40.17,32.427677,7.742322845458986
2024-11-17 18:00:00-05:00,29.89,30.845917,-0.9559167480468744
2024-11-17 19:00:00-05:00,25.7,26.296888,-0.5968883514404304
2024-11-17 20:00:00-05:00,24.52,25.362867,-0.8428673553466801
2024-11-17 21:00:00-05:00,21.39,23.131771,-1.7417710876464838
2024-11-17 22:00:00-05:00,20.71,21.490927,-0.7809267425537101
2024-11-17 23:00:00-05:00,19.42,19.208376,0.2116240692138689
2024-11-18 00:00:00-05:00,16.42,19.078175,-2.6581745910644514
2024-11-18 01:00:00-05:00,16.69,16.588663,0.10133689880371222
2024-11-18 02:00:00-05:00,18.01,15.47067,2.539330253601076
2024-11-18 03:00:00-05:00,18.1,15.47067,2.6293302536010756
2024-11-18 04:00:00-05:00,19.07,17.5212,1.5487998199462893
2024-11-18 05:00:00-05:00,21.39,22.045538,-0.6555379486083979
2024-11-18 06:00:00-05:00,27.96,25.863182,2.096817932128907
2024-11-18 07:00:00-05:00,31.92,30.919523,1.0004767608642595
2024-11-18 08:00:00-05:00,27.89,26.320595,1.5694052124023443
2024-11-18 09:00:00-05:00,24.79,25.93115,-1.141150436401368
2024-11-18 10:00:00-05:00,27.27,26.142809,1.1271910858154293
2024-11-18 11:00:00-05:00,25.03,26.729641,-1.6996409606933582
2024-11-18 12:00:00-05:00,22.87,26.05108,-3.1810807037353506
2024-11-18 13:00:00-05:00,21.98,26.03208,-4.052079696655273
2024-11-18 14:00:00-05:00,21.21,24.685953,-3.475953140258788
2024-11-18 15:00:00-05:00,21.3,26.326696,-5.026696395874023
2024-11-18 16:00:00-05:00,21.57,33.629,-12.05900161743164
2024-11-18 17:00:00-05:00,30.27,44.85601,-14.58601043701172
2024-11-18 18:00:00-05:00,24.67,39.289116,-14.619115905761717
2024-11-18 19:00:00-05:00,21.8,33.010273,-11.210272979736327
2024-11-18 20:00:00-05:00,20.12,30.644712,-10.524712448120116
2024-11-18 21:00:00-05:00,17.72,28.165005,-10.44500473022461
2024-11-18 22:00:00-05:00,15.96,25.281944,-9.321944274902343
2024-11-18 23:00:00-05:00,13.36,23.065771,-9.705771102905274
2024-11-19 00:00:00-05:00,9.66,22.131466,-12.471465911865234
2024-11-19 01:00:00-05:00,7.84,19.336039,-11.49603858947754
2024-11-19 02:00:00-05:00,6.75,20.73358,-13.983579635620117
2024-11-19 03:00:00-05:00,7.13,20.79179,-13.661790008544923
2024-11-19 04:00:00-05:00,6.71,21.643764,-14.933764495849609
2024-11-19 05:00:00-05:00,9.32,23.884144,-14.564143829345703
2024-11-19 06:00:00-05:00,17.13,29.87182,-12.741820449829103
2024-11-19 07:00:00-05:00,22.97,32.652378,-9.682378082275392
2024-11-19 08:00:00-05:00,19.7,28.482832,-8.782831954956055
2024-11-19 09:00:00-05:00,17.37,25.039719,-7.6697186279296865
2024-11-19 10:00:00-05:00,17.08,27.196712,-10.116712493896486
2024-11-19 11:00:00-05:00,17.43,25.418818,-7.988817520141602
2024-11-19 12:00:00-05:00,17.34,26.300316,-8.960315856933594
2024-11-19 13:00:00-05:00,17.24,25.572752,-8.332751998901369
2024-11-19 14:00:00-05:00,16.66,25.51143,-8.851430740356445
2024-11-19 15:00:00-05:00,17.48,25.166573,-7.686572570800781
2024-11-19 16:00:00-05:00,22.59,27.941406,-5.35140625
2024-11-19 17:00:00-05:00,34.46,36.128563,-1.668562927246093
2024-11-19 18:00:00-05:00,28.31,30.268375,-1.958375396728517
2024-11-19 19:00:00-05:00,24.69,26.791277,-2.101276931762694
2024-11-19 20:00:00-05:00,23.56,24.964067,-1.4040674591064466
2024-11-19 21:00:00-05:00,20.83,22.255907,-1.425907058715822
2024-11-19 22:00:00-05:00,18.3,21.459633,-3.1596328735351555
2024-11-19 23:00:00-05:00,15.49,20.776716,-5.2867162322998045
2024-11-20 00:00:00-05:00,13.21,14.737522,-1.5275221252441398
2024-11-20 01:00:00-05:00,13.45,13.70766,-0.25765972137451243
2024-11-20 02:00:00-05:00,11.51,13.475219,-1.9652187728881838
2024-11-20 03:00:00-05:00,10.18,13.475219,-3.295218772888184
2024-11-20 04:00:00-05:00,11.82,13.705003,-1.8850027847290036
2024-11-20 05:00:00-05:00,14.91,18.636425,-3.7264250183105467
2024-11-20 06:00:00-05:00,23.91,24.961983,-1.051982727050781
2024-11-20 07:00:00-05:00,32.25,31.462626,0.7873744964599609
2024-11-20 08:00:00-05:00,24.48,26.391216,-1.9112162780761714
2024-11-20 09:00:00-05:00,18.91,23.560484,-4.650483932495117
2024-11-20 10:00:00-05:00,19.39,24.761904,-5.371903762817382
2024-11-20 11:00:00-05:00,18.24,24.471617,-6.231616744995119
2024-11-20 12:00:00-05:00,15.85,24.54414,-8.694139862060547
2024-11-20 13:00:00-05:00,14.2,24.997147,-10.797146606445313
2024-11-20 14:00:00-05:00,13.37,25.038057,-11.668057327270509
2024-11-20 15:00:00-05:00,14.07,24.803669,-10.733668975830078
2024-11-20 16:00:00-05:00,19.61,29.341702,-9.73170150756836
2024-11-20 17:00:00-05:00,27.03,39.18638,-12.156378479003905
2024-11-20 18:00:00-05:00,25.99,33.582012,-7.592012176513673
2024-11-20 19:00:00-05:00,21.96,28.374939,-6.414938964843749
2024-11-20 20:00:00-05:00,21.41,27.546343,-6.136342849731445
2024-11-20 21:00:00-05:00,20.52,25.364609,-4.844608764648438
2024-11-20 22:00:00-05:00,17.07,22.700672,-5.630672149658203
2024-11-20 23:00:00-05:00,15.14,21.6266,-6.486600265502929
2024-11-21 00:00:00-05:00,14.66,19.984978,-5.324977722167969
2024-11-21 01:00:00-05:00,13.59,20.092802,-6.502802047729492
2024-11-21 02:00:00-05:00,12.35,19.276714,-6.926714324951172
2024-11-21 03:00:00-05:00,11.53,18.706253,-7.176253051757813
2024-11-21 04:00:00-05:00,11.8,19.666363,-7.866362762451171
2024-11-21 05:00:00-05:00,15.96,21.956446,-5.996445693969726
2024-11-21 06:00:00-05:00,22.75,28.405458,-5.655458450317383
2024-11-21 07:00:00-05:00,37.86,33.912914,3.9470857238769526
2024-11-21 08:00:00-05:00,25.98,29.009953,-3.029952545166015
2024-11-21 09:00:00-05:00,22.26,25.871511,-3.6115114593505844
2024-11-21 10:00:00-05:00,22.0,27.298985,-5.298984527587891
2024-11-21 11:00:00-05:00,21.32,26.480255,-5.160255126953125
2024-11-21 12:00:00-05:00,19.35,24.754816,-5.40481605529785
2024-11-21 13:00:00-05:00,18.4,25.61003,-7.210029220581056
2024-11-21 14:00:00-05:00,18.11,24.43464,-6.324640884399415
2024-11-21 15:00:00-05:00,18.05,25.50743,-7.457429122924804
2024-11-21 16:00:00-05:00,23.34,27.638298,-4.298298034667969
2024-11-21 17:00:00-05:00,38.53,34.638737,3.8912632751464855
2024-11-21 18:00:00-05:00,36.93,32.434452,4.495547943115234
2024-11-21 19:00:00-05:00,31.04,28.250479,2.789521255493163
2024-11-21 20:00:00-05:00,25.01,26.981274,-1.9712736511230453
2024-11-21 21:00:00-05:00,22.9,26.622986,-3.7229858398437514
2024-11-21 22:00:00-05:00,22.98,24.47584,-1.4958396148681636
2024-11-21 23:00:00-05:00,23.17,23.704422,-0.5344219970703108
2024-11-22 00:00:00-05:00,24.39,19.52491,4.865090026855469
2024-11-22 01:00:00-05:00,23.77,18.333471,5.436528701782226
2024-11-22 02:00:00-05:00,22.79,17.35449,5.435509719848632
2024-11-22 03:00:00-05:00,22.65,17.8721,4.777899169921874
2024-11-22 04:00:00-05:00,22.6,19.245134,3.354865646362306
2024-11-22 05:00:00-05:00,26.02,22.68653,3.333470840454101
2024-11-22 06:00:00-05:00,34.69,28.295792,6.394208374023435
2024-11-22 07:00:00-05:00,51.11,39.998947,11.111052856445312
2024-11-22 08:00:00-05:00,39.95,29.858902,10.09109802246094
2024-11-22 09:00:00-05:00,31.5,26.840378,4.6596221923828125
2024-11-22 10:00:00-05:00,34.04,26.9822,7.057799377441405
2024-11-22 11:00:00-05:00,30.25,26.354746,3.895254135131836
2024-11-22 12:00:00-05:00,29.09,25.410006,3.679994430541992
2024-11-22 13:00:00-05:00,27.72,25.055746,2.664253921508788
2024-11-22 14:00:00-05:00,26.74,23.698345,3.0416548156738266
2024-11-22 15:00:00-05:00,25.92,24.073364,1.8466357421875017
2024-11-22 16:00:00-05:00,34.58,28.486948,6.093051986694334
2024-11-22 17:00:00-05:00,44.57,42.43027,2.1397288513183597
2024-11-22 18:00:00-05:00,38.81,37.87941,0.9305902099609398
2024-11-22 19:00:00-05:00,34.18,33.679203,0.5007969665527341
2024-11-22 20:00:00-05:00,34.37,29.06924,5.300759429931638
2024-11-22 21:00:00-05:00,34.26,26.779205,7.480794677734373
2024-11-22 22:00:00-05:00,32.82,25.863232,6.956768341064453
2024-11-22 23:00:00-05:00,30.32,25.22954,5.09046012878418
2024-11-23 00:00:00-05:00,29.84,23.805944,6.034055557250976
2024-11-23 01:00:00-05:00,27.75,23.93255,3.8174495697021484
2024-11-23 02:00:00-05:00,25.07,22.02235,3.0476496887207034
2024-11-23 03:00:00-05:00,24.15,22.7648,1.3852008819580064
2024-11-23 04:00:00-05:00,23.91,22.044191,1.8658086395263673
2024-11-23 05:00:00-05:00,25.47,24.428022,1.0419776153564442
2024-11-23 06:00:00-05:00,26.87,31.316511,-4.446511154174804
2024-11-23 07:00:00-05:00,33.09,40.905308,-7.815307769775387
2024-11-23 08:00:00-05:00,28.74,35.85987,-7.119870910644533
2024-11-23 09:00:00-05:00,28.26,25.743374,2.516626129150392
2024-11-23 10:00:00-05:00,27.42,27.576082,-0.1560822296142561
2024-11-23 11:00:00-05:00,28.55,24.662256,3.887743759155274
2024-11-23 12:00:00-05:00,26.83,23.755749,3.0742512512207014
2024-11-23 13:00:00-05:00,25.4,22.134287,3.2657131195068345
2024-11-23 14:00:00-05:00,24.42,22.222641,2.197359008789064
2024-11-23 15:00:00-05:00,23.73,20.665043,3.064957122802735
2024-11-23 16:00:00-05:00,27.77,28.64906,-0.8790592956542973
2024-11-23 17:00:00-05:00,35.77,38.892296,-3.1222958374023406
2024-11-23 18:00:00-05:00,28.94,33.2556,-4.315599975585936
2024-11-23 19:00:00-05:00,27.8,28.335512,-0.5355121612548821
2024-11-23 20:00:00-05:00,28.05,28.053038,-0.003037643432616477
2024-11-23 21:00:00-05:00,26.95,28.352823,-1.4028232574462898
2024-11-23 22:00:00-05:00,23.79,26.066046,-2.2760457611083993
2024-11-23 23:00:00-05:00,21.77,26.120813,-4.350813369750977
2024-11-24 00:00:00-05:00,21.69,25.405222,-3.715221939086913
2024-11-24 01:00:00-05:00,20.9,23.336678,-2.4366775512695327
2024-11-24 02:00:00-05:00,21.21,22.917158,-1.7071581268310538
2024-11-24 03:00:00-05:00,20.51,22.695875,-2.185875167846678
2024-11-24 04:00:00-05:00,19.89,22.815435,-2.925435409545898
2024-11-24 05:00:00-05:00,20.7,21.957722,-1.2577217102050788
2024-11-24 06:00:00-05:00,21.52,22.717278,-1.1972775268554692
2024-11-24 07:00:00-05:00,24.16,29.33948,-5.179479446411133
2024-11-24 08:00:00-05:00,23.53,24.505108,-0.9751078796386707
2024-11-24 09:00:00-05:00,22.56,23.69705,-1.1370500946044935
2024-11-24 10:00:00-05:00,24.3,23.13019,1.169810104370118
2024-11-24 11:00:00-05:00,23.79,23.633484,0.15651611328124915
2024-11-24 12:00:00-05:00,23.69,22.321224,1.368775787353517
2024-11-24 13:00:00-05:00,22.72,21.509695,1.210304946899413
2024-11-24 14:00:00-05:00,22.59,20.995302,1.594697799682617
2024-11-24 15:00:00-05:00,22.15,21.15028,0.9997200012207017
2024-11-24 16:00:00-05:00,26.53,25.08788,1.442120819091798
2024-11-24 17:00:00-05:00,37.55,37.122593,0.42740707397460653
2024-11-24 18:00:00-05:00,29.44,31.32582,-1.8858209228515612
2024-11-24 19:00:00-05:00,25.86,27.497156,-1.6371561431884771
2024-11-24 20:00:00-05:00,24.6,25.717743,-1.1177429199218736
2024-11-24 21:00:00-05:00,22.07,24.602936,-2.5329357910156247
2024-11-24 22:00:00-05:00,19.65,23.377136,-3.7271362304687514
2024-11-24 23:00:00-05:00,17.16,22.483416,-5.323415603637695
2024-11-25 00:00:00-05:00,19.75,22.4948,-2.744800567626953
2024-11-25 01:00:00-05:00,18.32,21.19239,-2.872390441894531
2024-11-25 02:00:00-05:00,18.21,20.973274,-2.7632742309570304
2024-11-25 03:00:00-05:00,21.71,20.736036,0.9739636993408212
2024-11-25 04:00:00-05:00,23.7,20.382174,3.3178264617919915
2024-11-25 05:00:00-05:00,29.38,24.203142,5.176857833862304
2024-11-25 06:00:00-05:00,39.15,29.519276,9.630724334716795
2024-11-25 07:00:00-05:00,40.82,32.696457,8.123543090820313
2024-11-25 08:00:00-05:00,36.57,29.75182,6.818180389404297
2024-11-25 09:00:00-05:00,36.27,28.823233,7.446767349243167
2024-11-25 10:00:00-05:00,35.13,29.898685,5.231314544677737
2024-11-25 11:00:00-05:00,36.17,29.480892,6.689107818603517
2024-11-25 12:00:00-05:00,33.8,29.018465,4.781534957885739
2024-11-25 13:00:00-05:00,30.47,27.911108,2.5588919830322254
2024-11-25 14:00:00-05:00,24.53,26.455784,-1.9257838439941395
2024-11-25 15:00:00-05:00,22.53,26.393026,-3.86302635192871
2024-11-25 16:00:00-05:00,27.54,31.281239,-3.741238555908204
2024-11-25 17:00:00-05:00,33.89,38.758442,-4.868441925048828
2024-11-25 18:00:00-05:00,31.78,35.522713,-3.74271270751953
2024-11-25 19:00:00-05:00,27.44,30.655325,-3.2153249359130847
2024-11-25 20:00:00-05:00,27.93,29.460323,-1.5303233337402347
2024-11-25 21:00:00-05:00,26.32,27.959274,-1.6392742919921872
2024-11-25 22:00:00-05:00,25.28,26.816893,-1.536892623901366
2024-11-25 23:00:00-05:00,22.98,25.466518,-2.486518402099609
2024-11-26 00:00:00-05:00,20.57,24.742365,-4.172364883422851
2024-11-26 01:00:00-05:00,19.72,23.613897,-3.8938973236083996
2024-11-26 02:00:00-05:00,20.55,21.627151,-1.0771514892578118
2024-11-26 03:00:00-05:00,21.23,21.521626,-0.2916255187988277
2024-11-26 04:00:00-05:00,22.83,22.235697,0.5943032073974592
2024-11-26 05:00:00-05:00,25.1,25.79457,-0.6945709228515611
2024-11-26 06:00:00-05:00,33.76,30.329243,3.43075729370117
2024-11-26 07:00:00-05:00,52.38,32.564503,19.81549728393555
2024-11-26 08:00:00-05:00,33.54,27.803116,5.736884155273437
2024-11-26 09:00:00-05:00,29.21,27.588972,1.6210279083251962
2024-11-26 10:00:00-05:00,28.17,26.509935,1.6600646209716814
2024-11-26 11:00:00-05:00,27.13,27.176998,-0.04699813842773537
2024-11-26 12:00:00-05:00,25.75,25.79511,-0.04511070251464844
2024-11-26 13:00:00-05:00,24.31,25.910105,-1.6001047515869153
2024-11-26 14:00:00-05:00,24.44,24.374176,0.06582397460937628
2024-11-26 15:00:00-05:00,24.81,23.56952,1.240479049682616
2024-11-26 16:00:00-05:00,33.71,27.442589,6.267411193847657
2024-11-26 17:00:00-05:00,49.57,33.406788,16.163212127685547
2024-11-26 18:00:00-05:00,42.61,30.480862,12.12913833618164
2024-11-26 19:00:00-05:00,33.47,27.61412,5.855879516601561
2024-11-26 20:00:00-05:00,32.03,27.003185,5.026814727783204
2024-11-26 21:00:00-05:00,32.79,25.079819,7.710181274414062
2024-11-26 22:00:00-05:00,30.36,23.47305,6.88695083618164
2024-11-26 23:00:00-05:00,29.13,23.354708,5.775292282104491
2024-11-27 00:00:00-05:00,31.81,20.38269,11.427309570312499
2024-11-27 01:00:00-05:00,29.89,19.929949,9.960051193237305
2024-11-27 02:00:00-05:00,28.88,20.137857,8.74214256286621
2024-11-27 03:00:00-05:00,27.82,19.984009,7.8359912109375
2024-11-27 04:00:00-05:00,28.55,21.564001,6.985998916625977
2024-11-27 05:00:00-05:00,29.59,23.357504,6.232496109008789
2024-11-27 06:00:00-05:00,35.58,30.078564,5.501436309814451
2024-11-27 07:00:00-05:00,47.36,41.234547,6.125453338623046
2024-11-27 08:00:00-05:00,46.97,30.18967,16.78032943725586
2024-11-27 09:00:00-05:00,42.95,26.579935,16.370064926147464
2024-11-27 10:00:00-05:00,46.0,25.313549,20.686450958251953
2024-11-27 11:00:00-05:00,44.47,25.55818,18.91182014465332
2024-11-27 12:00:00-05:00,40.13,24.148882,15.981118087768557
2024-11-27 13:00:00-05:00,37.18,23.284487,13.895513229370117
2024-11-27 14:00:00-05:00,34.53,23.120068,11.409932403564454
2024-11-27 15:00:00-05:00,36.25,23.108725,13.141275405883789
2024-11-27 16:00:00-05:00,43.64,29.808891,13.831108703613282
2024-11-27 17:00:00-05:00,53.91,41.746506,12.163494262695309
2024-11-27 18:00:00-05:00,52.64,37.885845,14.754154815673829
2024-11-27 19:00:00-05:00,48.43,30.021717,18.408282928466797
2024-11-27 20:00:00-05:00,45.36,28.241646,17.118354187011718
2024-11-27 21:00:00-05:00,39.96,28.259901,11.700098953247071
2024-11-27 22:00:00-05:00,33.17,27.33797,5.832029266357424
2024-11-27 23:00:00-05:00,31.96,26.080252,5.879748306274415
2024-11-28 00:00:00-05:00,24.94,25.294346,-0.35434585571288935
2024-11-28 01:00:00-05:00,23.43,24.223244,-0.7932437133789065
2024-11-28 02:00:00-05:00,22.68,24.449299,-1.7692988586425784
2024-11-28 03:00:00-05:00,22.01,23.16402,-1.1540205383300766
2024-11-28 04:00:00-05:00,22.06,24.213764,-2.1537641906738294
2024-11-28 05:00:00-05:00,22.89,26.505184,-3.615184173583984
2024-11-28 06:00:00-05:00,24.53,31.402338,-6.8723380279541
2024-11-28 07:00:00-05:00,28.94,39.669674,-10.729673919677733
2024-11-28 08:00:00-05:00,29.32,38.354694,-9.034694366455078
2024-11-28 09:00:00-05:00,28.8,36.963753,-8.16375274658203
2024-11-28 10:00:00-05:00,28.84,38.161953,-9.32195297241211
2024-11-28 11:00:00-05:00,26.49,38.33008,-11.840078125000002
2024-11-28 12:00:00-05:00,23.77,35.496845,-11.726845245361329
2024-11-28 13:00:00-05:00,21.52,32.449543,-10.929542999267579
2024-11-28 14:00:00-05:00,21.1,30.587677,-9.487677001953124
2024-11-28 15:00:00-05:00,20.54,29.418478,-8.878478012084962
2024-11-28 16:00:00-05:00,24.38,31.821442,-7.441441650390626
2024-11-28 17:00:00-05:00,32.23,43.040386,-10.810386199951175
2024-11-28 18:00:00-05:00,31.03,41.432285,-10.40228530883789
2024-11-28 19:00:00-05:00,27.38,33.347218,-5.967217559814454
2024-11-28 20:00:00-05:00,24.3,32.3243,-8.024298858642577
2024-11-28 21:00:00-05:00,23.9,30.236584,-6.336583709716798
2024-11-28 22:00:00-05:00,22.04,25.215971,-3.175970993041993
2024-11-28 23:00:00-05:00,20.94,24.518991,-3.578991470336913
2024-11-29 00:00:00-05:00,19.62,23.515345,-3.8953446197509756
2024-11-29 01:00:00-05:00,19.1,23.979141,-4.879141235351561
2024-11-29 02:00:00-05:00,18.93,23.167416,-4.237415618896485
2024-11-29 03:00:00-05:00,18.97,22.02805,-3.0580494689941418
2024-11-29 04:00:00-05:00,19.12,22.005066,-2.885065917968749
2024-11-29 05:00:00-05:00,20.08,25.344904,-5.264903945922853
2024-11-29 06:00:00-05:00,23.65,29.689854,-6.039853668212892
2024-11-29 07:00:00-05:00,28.32,36.53551,-8.215511016845703
2024-11-29 08:00:00-05:00,25.93,33.851223,-7.92122299194336
2024-11-29 09:00:00-05:00,24.5,29.5129,-5.012899398803711
2024-11-29 10:00:00-05:00,24.35,30.667597,-6.3175968170166
2024-11-29 11:00:00-05:00,24.63,28.105055,-3.4750548553466807
2024-11-29 12:00:00-05:00,22.5,27.03869,-4.538690567016602
2024-11-29 13:00:00-05:00,23.95,24.884201,-0.9342010498046882
2024-11-29 14:00:00-05:00,22.29,23.700527,-1.4105271911621102
2024-11-29 15:00:00-05:00,23.27,23.442072,-0.172071914672852
2024-11-29 16:00:00-05:00,30.84,28.235867,2.6041334533691405
2024-11-29 17:00:00-05:00,46.21,33.400753,12.809246978759766
2024-11-29 18:00:00-05:00,45.73,33.367016,12.36298416137695
2024-11-29 19:00:00-05:00,36.17,29.99183,6.178169174194338
2024-11-29 20:00:00-05:00,36.06,29.995998,6.064001617431643
2024-11-29 21:00:00-05:00,35.07,30.718994,4.351005859375
2024-11-29 22:00:00-05:00,34.6,29.516884,5.083116149902345
2024-11-29 23:00:00-05:00,34.47,28.92071,5.549290390014647
2024-11-30 00:00:00-05:00,27.47,26.426262,1.0437380981445301
2024-11-30 01:00:00-05:00,24.92,24.54183,0.37816993713379077
2024-11-30 02:00:00-05:00,25.45,23.820219,1.629780960083007
2024-11-30 03:00:00-05:00,24.86,22.924698,1.935302124023437
2024-11-30 04:00:00-05:00,25.12,22.895597,2.224402542114259
2024-11-30 05:00:00-05:00,25.99,24.2594,1.7306005859374984
2024-11-30 06:00:00-05:00,31.24,26.347488,4.892511596679686
2024-11-30 07:00:00-05:00,38.12,29.361557,8.75844299316406
2024-11-30 08:00:00-05:00,37.33,27.421036,9.908964233398436
2024-11-30 09:00:00-05:00,34.33,26.862316,7.467683868408201
2024-11-30 10:00:00-05:00,28.44,27.616623,0.8233770751953138
2024-11-30 11:00:00-05:00,26.0,28.163263,-2.1632633209228516
2024-11-30 12:00:00-05:00,24.13,25.986525,-1.8565245819091807
2024-11-30 13:00:00-05:00,23.6,26.242105,-2.6421054840087876
2024-11-30 14:00:00-05:00,22.7,24.656218,-1.956217575073243
2024-11-30 15:00:00-05:00,22.8,25.91446,-3.1144592285156243
2024-11-30 16:00:00-05:00,31.47,28.750393,2.7196070861816395
2024-11-30 17:00:00-05:00,45.27,42.993977,2.276023406982425
2024-11-30 18:00:00-05:00,39.93,40.935875,-1.005874938964844
2024-11-30 19:00:00-05:00,38.73,31.81057,6.919430236816403
2024-11-30 20:00:00-05:00,35.87,31.688948,4.181052322387693
2024-11-30 21:00:00-05:00,35.07,30.3757,4.694300003051758
2024-11-30 22:00:00-05:00,32.05,29.912975,2.1370246887207003
2024-11-30 23:00:00-05:00,29.77,29.992222,-0.22222183227539105
2024-12-01 00:00:00-05:00,28.44,23.513401,4.926598968505861
2024-12-01 01:00:00-05:00,28.34,21.381989,6.958011474609375
2024-12-01 02:00:00-05:00,28.56,21.916647,6.643353042602538
2024-12-01 03:00:00-05:00,27.99,21.139475,6.850525131225584
2024-12-01 04:00:00-05:00,27.37,21.21484,6.155160064697267
2024-12-01 05:00:00-05:00,27.54,21.98861,5.551390686035155
2024-12-01 06:00:00-05:00,29.77,25.042711,4.727288742065429
2024-12-01 07:00:00-05:00,37.42,31.76172,5.658279342651369
2024-12-01 08:00:00-05:00,33.67,29.676157,3.9938430023193376
2024-12-01 09:00:00-05:00,30.64,28.167362,2.472637786865235
2024-12-01 10:00:00-05:00,30.23,25.136995,5.093004684448243
2024-12-01 11:00:00-05:00,30.83,23.418468,7.411531524658201
2024-12-01 12:00:00-05:00,30.82,22.235435,8.584564514160157
2024-12-01 13:00:00-05:00,29.69,21.487778,8.202222290039064
2024-12-01 14:00:00-05:00,28.25,21.700819,6.54918098449707
2024-12-01 15:00:00-05:00,28.89,21.305044,7.584955825805665
2024-12-01 16:00:00-05:00,38.89,27.040287,11.849712982177735
2024-12-01 17:00:00-05:00,53.33,42.358994,10.97100646972656
2024-12-01 18:00:00-05:00,53.82,39.478573,14.341427154541016
2024-12-01 19:00:00-05:00,45.56,33.201054,12.358946380615237
2024-12-01 20:00:00-05:00,44.31,30.763786,13.546213684082034
2024-12-01 21:00:00-05:00,44.31,29.277395,15.032604751586916
2024-12-01 22:00:00-05:00,38.43,26.490715,11.939284973144531
2024-12-01 23:00:00-05:00,37.14,25.07245,12.067549362182618
2024-12-02 00:00:00-05:00,39.55,27.072046,12.47795372009277
2024-12-02 01:00:00-05:00,30.44,26.781227,3.658772888183595
2024-12-02 02:00:00-05:00,29.12,26.781227,2.3387728881835947
2024-12-02 03:00:00-05:00,29.44,24.662315,4.7776846313476575
2024-12-02 04:00:00-05:00,30.75,26.035923,4.714076995849609
2024-12-02 05:00:00-05:00,37.28,29.193962,8.086037902832032
2024-12-02 06:00:00-05:00,50.78,35.959824,14.820176391601564
2024-12-02 07:00:00-05:00,67.75,39.064114,28.68588638305664
2024-12-02 08:00:00-05:00,55.36,35.43029,19.92970977783203
2024-12-02 09:00:00-05:00,46.37,34.35397,12.016030426025388
2024-12-02 10:00:00-05:00,42.9,33.705383,9.194616699218749
2024-12-02 11:00:00-05:00,43.1,33.856754,9.243245697021486
2024-12-02 12:00:00-05:00,41.56,32.606735,8.953264770507815
2024-12-02 13:00:00-05:00,38.22,31.450634,6.769365997314452
2024-12-02 14:00:00-05:00,36.45,27.860859,8.589141082763675
2024-12-02 15:00:00-05:00,35.98,28.506704,7.473295669555661
2024-12-02 16:00:00-05:00,47.17,38.2642,8.905801696777345
2024-12-02 17:00:00-05:00,64.81,54.02856,10.781439361572268
2024-12-02 18:00:00-05:00,64.55,54.491726,10.058274078369138
2024-12-02 19:00:00-05:00,55.1,46.0874,9.012601470947267
2024-12-02 20:00:00-05:00,56.53,43.974697,12.555302886962892
2024-12-02 21:00:00-05:00,54.97,43.09042,11.87958023071289
2024-12-02 22:00:00-05:00,53.56,37.57531,15.984690246582034
2024-12-02 23:00:00-05:00,46.72,34.05388,12.666121215820311
2024-12-03 00:00:00-05:00,43.36,34.33239,9.02761016845703
2024-12-03 01:00:00-05:00,40.58,27.402506,13.17749412536621
2024-12-03 02:00:00-05:00,43.84,26.586174,17.253825988769535
2024-12-03 03:00:00-05:00,40.95,26.542439,14.407561492919925
2024-12-03 04:00:00-05:00,40.39,24.967745,15.422255172729493
2024-12-03 05:00:00-05:00,44.12,28.30844,15.811560745239255
2024-12-03 06:00:00-05:00,58.29,41.95069,16.339308776855468
2024-12-03 07:00:00-05:00,83.84,62.185356,21.654643859863285
2024-12-03 08:00:00-05:00,54.91,46.279636,8.630363616943356
2024-12-03 09:00:00-05:00,45.6,42.540535,3.05946502685547
2024-12-03 10:00:00-05:00,41.29,40.23958,1.0504217529296866
2024-12-03 11:00:00-05:00,39.13,39.526443,-0.39644348144530994
2024-12-03 12:00:00-05:00,34.07,37.031258,-2.961257629394531
2024-12-03 13:00:00-05:00,29.98,34.384197,-4.4041972351074214
2024-12-03 14:00:00-05:00,27.81,31.885468,-4.075467529296876
2024-12-03 15:00:00-05:00,28.3,31.936016,-3.636016082763671
2024-12-03 16:00:00-05:00,36.76,42.053425,-5.29342483520508
2024-12-03 17:00:00-05:00,51.93,62.093555,-10.163555450439453
2024-12-03 18:00:00-05:00,48.34,62.439983,-14.099983367919918
2024-12-03 19:00:00-05:00,43.03,48.786728,-5.756727905273436
2024-12-03 20:00:00-05:00,37.74,49.771885,-12.031884918212889
2024-12-03 21:00:00-05:00,30.6,47.815365,-17.215364837646483
2024-12-03 22:00:00-05:00,26.53,44.94211,-18.412108154296874
2024-12-03 23:00:00-05:00,22.77,42.124283,-19.354282836914063
2024-12-04 00:00:00-05:00,25.34,39.722134,-14.38213363647461
2024-12-04 01:00:00-05:00,23.78,37.437374,-13.657374114990233
2024-12-04 02:00:00-05:00,22.3,38.613155,-16.313155364990234
2024-12-04 03:00:00-05:00,22.07,35.63468,-13.564681701660156
2024-12-04 04:00:00-05:00,22.49,35.353657,-12.86365676879883
2024-12-04 05:00:00-05:00,25.97,39.80405,-13.834050445556642
2024-12-04 06:00:00-05:00,31.99,54.48999,-22.499990234375
2024-12-04 07:00:00-05:00,40.51,71.48362,-30.97361968994141
2024-12-04 08:00:00-05:00,33.12,50.96161,-17.841608886718753
2024-12-04 09:00:00-05:00,27.27,43.913063,-16.643063049316407
2024-12-04 10:00:00-05:00,23.87,38.775482,-14.905482177734374
2024-12-04 11:00:00-05:00,21.95,35.720898,-13.770897674560548
2024-12-04 12:00:00-05:00,21.03,32.95484,-11.92484161376953
2024-12-04 13:00:00-05:00,20.17,29.262379,-9.092378692626951
2024-12-04 14:00:00-05:00,19.89,28.728685,-8.83868537902832
2024-12-04 15:00:00-05:00,20.02,29.94283,-9.922829132080079
2024-12-04 16:00:00-05:00,24.52,35.299877,-10.779877166748047
2024-12-04 17:00:00-05:00,32.27,47.406513,-15.136513214111325
2024-12-04 18:00:00-05:00,30.04,44.734142,-14.694142303466798
2024-12-04 19:00:00-05:00,27.55,40.00226,-12.45225830078125
2024-12-04 20:00:00-05:00,27.36,37.50391,-10.143910064697266
2024-12-04 21:00:00-05:00,23.69,33.65969,-9.969690856933592
2024-12-04 22:00:00-05:00,22.87,30.271368,-7.401368026733397
2024-12-04 23:00:00-05:00,19.1,28.532965,-9.432964706420897
2024-12-05 00:00:00-05:00,23.77,28.562433,-4.792433242797852
2024-12-05 01:00:00-05:00,23.11,25.95447,-2.8444696807861334
2024-12-05 02:00:00-05:00,22.43,23.180128,-0.75012809753418
2024-12-05 03:00:00-05:00,21.94,23.549126,-1.6091256713867175
2024-12-05 04:00:00-05:00,22.85,25.29769,-2.4476894378662095
2024-12-05 05:00:00-05:00,25.91,28.862183,-2.9521826171875
2024-12-05 06:00:00-05:00,32.28,32.71424,-0.4342410278320301
2024-12-05 07:00:00-05:00,46.43,46.643627,-0.21362716674804716
2024-12-05 08:00:00-05:00,41.11,36.801205,4.308795318603515
2024-12-05 09:00:00-05:00,33.7,33.637905,0.06209487915039347
2024-12-05 10:00:00-05:00,31.82,33.096027,-1.2760273742675778
2024-12-05 11:00:00-05:00,33.55,30.243855,3.306145477294919
2024-12-05 12:00:00-05:00,31.85,27.17317,4.676829910278322
2024-12-05 13:00:00-05:00,30.67,25.272362,5.397638244628908
2024-12-05 14:00:00-05:00,29.2,25.22463,3.9753696441650384
2024-12-05 15:00:00-05:00,30.85,25.333992,5.51600799560547
2024-12-05 16:00:00-05:00,41.11,29.770689,11.339310989379882
2024-12-05 17:00:00-05:00,57.35,35.47286,21.877141571044923
2024-12-05 18:00:00-05:00,57.44,35.253853,22.186147155761716
2024-12-05 19:00:00-05:00,50.41,31.790525,18.61947456359863
2024-12-05 20:00:00-05:00,47.81,30.549751,17.26024871826172
2024-12-05 21:00:00-05:00,46.32,30.380505,15.939495391845703
2024-12-05 22:00:00-05:00,42.6,30.965921,11.634078598022462
2024-12-05 23:00:00-05:00,42.47,25.581303,16.888697357177733
2024-12-06 00:00:00-05:00,39.71,28.583542,11.126458129882813
2024-12-06 01:00:00-05:00,34.83,27.461893,7.368106918334959
2024-12-06 02:00:00-05:00,34.59,27.264874,7.3251264953613315
2024-12-06 03:00:00-05:00,34.65,25.523382,9.12661781311035
2024-12-06 04:00:00-05:00,34.15,28.229614,5.920385742187499
2024-12-06 05:00:00-05:00,37.97,29.430542,8.539458007812499
2024-12-06 06:00:00-05:00,48.72,31.672329,17.04767105102539
2024-12-06 07:00:00-05:00,72.41,49.309902,23.100097808837887
2024-12-06 08:00:00-05:00,53.62,39.390022,14.229977722167966
2024-12-06 09:00:00-05:00,39.89,31.646494,8.243506088256837
2024-12-06 10:00:00-05:00,37.68,30.36948,7.310519866943359
2024-12-06 11:00:00-05:00,34.58,32.010433,2.569566802978514
2024-12-06 12:00:00-05:00,31.14,29.596874,1.5431257629394537
2024-12-06 13:00:00-05:00,29.62,30.30842,-0.6884201812744131
2024-12-06 14:00:00-05:00,29.03,28.887735,0.14226463317871207
2024-12-06 15:00:00-05:00,29.15,29.959976,-0.8099761962890639
2024-12-06 16:00:00-05:00,37.69,40.19988,-2.5098786926269554
2024-12-06 17:00:00-05:00,50.72,61.266502,-10.546502380371095
2024-12-06 18:00:00-05:00,44.86,62.365498,-17.50549758911133
2024-12-06 19:00:00-05:00,40.41,46.54475,-6.13475021362305
2024-12-06 20:00:00-05:00,39.55,44.36299,-4.812991333007815
2024-12-06 21:00:00-05:00,38.15,42.440205,-4.2902046203613295
2024-12-06 22:00:00-05:00,37.5,39.53471,-2.034709930419922
2024-12-06 23:00:00-05:00,31.77,38.838406,-7.06840560913086
2024-12-07 00:00:00-05:00,34.81,33.81757,0.9924302673339866
2024-12-07 01:00:00-05:00,32.38,28.45854,3.921460037231448
2024-12-07 02:00:00-05:00,29.54,28.413847,1.126153030395507
2024-12-07 03:00:00-05:00,28.71,27.568953,1.1410474395751962
2024-12-07 04:00:00-05:00,28.03,28.318598,-0.2885977935791004
2024-12-07 05:00:00-05:00,27.86,32.481804,-4.621803894042969
2024-12-07 06:00:00-05:00,29.17,43.404804,-14.234804229736326
2024-12-07 07:00:00-05:00,34.2,53.39817,-19.198170471191403
2024-12-07 08:00:00-05:00,29.56,45.502422,-15.942422332763673
2024-12-07 09:00:00-05:00,27.27,37.310257,-10.040256958007813
2024-12-07 10:00:00-05:00,25.71,32.769226,-7.059226074218749
2024-12-07 11:00:00-05:00,24.25,29.47965,-5.229650497436523
2024-12-07 12:00:00-05:00,21.98,26.356884,-4.3768840026855464
2024-12-07 13:00:00-05:00,20.34,24.711681,-4.371681365966797
2024-12-07 14:00:00-05:00,19.12,24.219913,-5.099913482666015
2024-12-07 15:00:00-05:00,18.71,24.225447,-5.515446701049804
2024-12-07 16:00:00-05:00,22.39,33.702396,-11.312396392822265
2024-12-07 17:00:00-05:00,31.18,50.84465,-19.664650268554688
2024-12-07 18:00:00-05:00,30.48,48.028553,-17.548553009033203
2024-12-07 19:00:00-05:00,25.91,41.821167,-15.9111669921875
2024-12-07 20:00:00-05:00,25.11,39.75965,-14.649651184082032
2024-12-07 21:00:00-05:00,24.05,38.02453,-13.974528503417968
2024-12-07 22:00:00-05:00,22.24,34.794968,-12.554967651367189
2024-12-07 23:00:00-05:00,19.52,30.277744,-10.757744293212891
2024-12-08 00:00:00-05:00,15.0,30.906052,-15.906051635742188
2024-12-08 01:00:00-05:00,12.86,25.776955,-12.916954650878907
2024-12-08 02:00:00-05:00,14.05,26.807755,-12.757754516601562
2024-12-08 03:00:00-05:00,14.14,25.2001,-11.060099945068359
2024-12-08 04:00:00-05:00,14.62,24.594744,-9.974743728637696
2024-12-08 05:00:00-05:00,16.78,23.720604,-6.940603942871093
2024-12-08 06:00:00-05:00,21.19,28.31952,-7.1295209503173815
2024-12-08 07:00:00-05:00,28.18,39.110733,-10.930733032226563
2024-12-08 08:00:00-05:00,24.77,32.35416,-7.584160308837891
2024-12-08 09:00:00-05:00,22.4,28.19618,-5.796180343627931
2024-12-08 10:00:00-05:00,21.87,28.147726,-6.27772605895996
2024-12-08 11:00:00-05:00,21.92,28.000319,-6.080318527221678
2024-12-08 12:00:00-05:00,21.51,27.261786,-5.751785507202147
2024-12-08 13:00:00-05:00,21.15,25.36365,-4.213649368286134
2024-12-08 14:00:00-05:00,19.26,23.89846,-4.638460388183592
2024-12-08 15:00:00-05:00,19.45,25.093714,-5.643713760375977
2024-12-08 16:00:00-05:00,23.78,29.27303,-5.493029327392577
2024-12-08 17:00:00-05:00,31.72,35.681904,-3.9619038391113293
2024-12-08 18:00:00-05:00,28.5,36.226322,-7.726322174072266
2024-12-08 19:00:00-05:00,23.85,33.64401,-9.794008636474608
2024-12-08 20:00:00-05:00,22.32,33.96746,-11.647460632324218
2024-12-08 21:00:00-05:00,20.58,31.815987,-11.235986633300783
2024-12-08 22:00:00-05:00,19.94,28.818577,-8.87857681274414
2024-12-08 23:00:00-05:00,16.73,28.520725,-11.79072525024414
2024-12-09 00:00:00-05:00,18.68,28.75435,-10.074350662231446
2024-12-09 01:00:00-05:00,17.59,24.727365,-7.137365493774414
2024-12-09 02:00:00-05:00,16.94,27.186808,-10.246807632446288
2024-12-09 03:00:00-05:00,17.15,27.37528,-10.225280380249025
2024-12-09 04:00:00-05:00,18.24,27.784695,-9.544694671630861
2024-12-09 05:00:00-05:00,20.11,31.368382,-11.258381500244141
2024-12-09 06:00:00-05:00,24.29,36.32678,-12.036778411865235
2024-12-09 07:00:00-05:00,35.15,46.659008,-11.509008026123048
2024-12-09 08:00:00-05:00,29.74,37.865032,-8.125032196044923
2024-12-09 09:00:00-05:00,28.99,32.45224,-3.4622399902343766
2024-12-09 10:00:00-05:00,28.0,31.601788,-3.601787567138672
2024-12-09 11:00:00-05:00,27.84,31.39506,-3.555059585571289
2024-12-09 12:00:00-05:00,27.28,31.09534,-3.8153407287597645
2024-12-09 13:00:00-05:00,27.05,29.65728,-2.607279968261718
2024-12-09 14:00:00-05:00,26.02,29.000454,-2.98045394897461
2024-12-09 15:00:00-05:00,26.0,28.625011,-2.625011444091797
2024-12-09 16:00:00-05:00,30.48,32.267803,-1.7878031921386714
2024-12-09 17:00:00-05:00,37.29,39.556507,-2.266507110595704
2024-12-09 18:00:00-05:00,33.69,39.99039,-6.300390777587893
2024-12-09 19:00:00-05:00,31.68,34.315628,-2.635628051757813
2024-12-09 20:00:00-05:00,30.13,33.79559,-3.6655894470214854
2024-12-09 21:00:00-05:00,27.3,33.110184,-5.810183715820312
2024-12-09 22:00:00-05:00,23.98,31.985239,-8.005239028930664
2024-12-09 23:00:00-05:00,22.29,29.684826,-7.394825897216798
2024-12-10 00:00:00-05:00,18.85,29.111343,-10.261343383789061
2024-12-10 01:00:00-05:00,17.9,27.856087,-9.956086730957033
2024-12-10 02:00:00-05:00,17.33,24.393667,-7.063667221069338
2024-12-10 03:00:00-05:00,16.88,24.084166,-7.204165573120118
2024-12-10 04:00:00-05:00,18.11,24.525696,-6.415695800781251
2024-12-10 05:00:00-05:00,20.23,26.142279,-5.912278671264648
2024-12-10 06:00:00-05:00,25.79,31.920048,-6.1300477600097665
2024-12-10 07:00:00-05:00,34.86,34.305485,0.5545152282714838
2024-12-10 08:00:00-05:00,34.51,31.427624,3.082376251220701
2024-12-10 09:00:00-05:00,32.86,30.148705,2.7112954711914057
2024-12-10 10:00:00-05:00,31.35,29.726822,1.623178100585939
2024-12-10 11:00:00-05:00,29.81,29.439116,0.37088447570800653
2024-12-10 12:00:00-05:00,27.61,28.203642,-0.5936418914794928
2024-12-10 13:00:00-05:00,26.82,26.782406,0.03759414672851591
2024-12-10 14:00:00-05:00,25.8,25.631039,0.16896133422851634
2024-12-10 15:00:00-05:00,24.9,25.816664,-0.9166637420654311
2024-12-10 16:00:00-05:00,31.2,30.500813,0.6991874694824212
2024-12-10 17:00:00-05:00,49.21,33.554184,15.655816040039063
2024-12-10 18:00:00-05:00,45.69,31.796516,13.893483581542966
2024-12-10 19:00:00-05:00,38.95,31.092712,7.857287597656253
2024-12-10 20:00:00-05:00,36.89,30.880068,6.009932174682618
2024-12-10 21:00:00-05:00,32.81,28.515955,4.294045028686526
2024-12-10 22:00:00-05:00,29.67,24.982944,4.687055511474611
2024-12-10 23:00:00-05:00,26.61,23.014885,3.5951150512695307
2024-12-11 00:00:00-05:00,27.33,20.583214,6.7467861938476545
2024-12-11 01:00:00-05:00,25.48,19.205185,6.274815063476563
2024-12-11 02:00:00-05:00,23.96,19.152605,4.8073949432373055
2024-12-11 03:00:00-05:00,24.02,18.972374,5.047626037597656
2024-12-11 04:00:00-05:00,24.38,19.738539,4.641461257934569
2024-12-11 05:00:00-05:00,26.47,22.662983,3.8070170593261707
2024-12-11 06:00:00-05:00,35.04,27.210028,7.829972305297851
2024-12-11 07:00:00-05:00,48.03,35.685867,12.344132690429689
2024-12-11 08:00:00-05:00,44.74,34.557827,10.182173004150393
2024-12-11 09:00:00-05:00,37.98,30.1601,7.819899063110348
2024-12-11 10:00:00-05:00,33.25,28.200418,5.049581527709961
2024-12-11 11:00:00-05:00,29.84,26.76793,3.0720709228515624
2024-12-11 12:00:00-05:00,26.74,25.033974,1.7060263061523422
2024-12-11 13:00:00-05:00,25.84,24.708225,1.1317747497558592
2024-12-11 14:00:00-05:00,24.72,23.701427,1.018572540283202
2024-12-11 15:00:00-05:00,24.12,23.269926,0.8500739288330088
2024-12-11 16:00:00-05:00,29.64,28.484396,1.1556040191650396
2024-12-11 17:00:00-05:00,41.18,41.915028,-0.7350276184082034
2024-12-11 18:00:00-05:00,45.31,41.0959,4.21409851074219
2024-12-11 19:00:00-05:00,39.4,34.79049,4.609510803222655
2024-12-11 20:00:00-05:00,38.8,32.675606,6.124394226074216
2024-12-11 21:00:00-05:00,36.9,27.92464,8.97535934448242
2024-12-11 22:00:00-05:00,32.48,26.768913,5.711086730957028
2024-12-11 23:00:00-05:00,30.23,24.392334,5.837666015625
2024-12-12 00:00:00-05:00,27.52,22.06181,5.458190460205078
2024-12-12 01:00:00-05:00,26.79,20.89149,5.898509063720702
2024-12-12 02:00:00-05:00,27.28,21.908302,5.371697692871095
2024-12-12 03:00:00-05:00,27.32,20.076565,7.243435211181641
2024-12-12 04:00:00-05:00,29.1,20.424738,8.67526206970215
2024-12-12 05:00:00-05:00,30.47,23.180082,7.289917678833007
2024-12-12 06:00:00-05:00,42.66,31.298841,11.361158523559567
2024-12-12 07:00:00-05:00,71.48,44.388668,27.09133193969727
2024-12-12 08:00:00-05:00,54.97,41.061066,13.908934326171874
2024-12-12 09:00:00-05:00,41.58,34.278652,7.301347808837889
2024-12-12 10:00:00-05:00,40.34,30.234118,10.105882492065433
2024-12-12 11:00:00-05:00,37.13,29.645216,7.484784011840823
2024-12-12 12:00:00-05:00,32.87,27.222767,5.647233123779294
2024-12-12 13:00:00-05:00,31.64,26.408112,5.231888427734376
2024-12-12 14:00:00-05:00,31.45,25.999556,5.450444412231445
2024-12-12 15:00:00-05:00,32.94,25.834187,7.10581344604492
2024-12-12 16:00:00-05:00,44.97,31.654446,13.31555435180664
2024-12-12 17:00:00-05:00,58.29,43.062885,15.227114715576171
2024-12-12 18:00:00-05:00,63.49,45.73822,17.751779785156252
2024-12-12 19:00:00-05:00,55.58,39.393757,16.18624313354492
2024-12-12 20:00:00-05:00,52.6,39.42274,13.177259063720705
2024-12-12 21:00:00-05:00,51.23,36.151936,15.078064422607419
2024-12-12 22:00:00-05:00,50.33,31.59402,18.73597915649414
2024-12-12 23:00:00-05:00,41.4,31.688938,9.711061859130858
2024-12-13 00:00:00-05:00,48.21,29.636717,18.573283157348634
2024-12-13 01:00:00-05:00,36.89,28.413843,8.476156845092774
2024-12-13 02:00:00-05:00,35.92,29.110516,6.80948440551758
2024-12-13 03:00:00-05:00,32.86,29.03589,3.8241094207763666
2024-12-13 04:00:00-05:00,34.27,30.022293,4.247706909179691
2024-12-13 05:00:00-05:00,38.67,33.54364,5.126359863281252
2024-12-13 06:00:00-05:00,53.42,45.51817,7.90183059692383
2024-12-13 07:00:00-05:00,79.39,74.71073,4.679268493652344
2024-12-13 08:00:00-05:00,54.11,60.54036,-6.430359497070313
2024-12-13 09:00:00-05:00,43.82,45.46542,-1.645419769287109
2024-12-13 10:00:00-05:00,40.18,44.397083,-4.217083282470703
2024-12-13 11:00:00-05:00,36.56,38.406784,-1.8467840576171852
2024-12-13 12:00:00-05:00,33.47,34.55287,-1.0828717041015636
2024-12-13 13:00:00-05:00,30.66,32.79621,-2.136211242675781
2024-12-13 14:00:00-05:00,29.99,32.481606,-2.491605529785158
2024-12-13 15:00:00-05:00,29.39,31.982096,-2.5920957183837885
2024-12-13 16:00:00-05:00,34.26,46.396576,-12.136575927734377
2024-12-13 17:00:00-05:00,52.18,68.98407,-16.80406982421875
2024-12-13 18:00:00-05:00,43.35,66.8443,-23.49429931640625
2024-12-13 19:00:00-05:00,39.3,54.05332,-14.753321838378909
2024-12-13 20:00:00-05:00,33.54,50.985653,-17.445652923583985
2024-12-13 21:00:00-05:00,30.2,48.26097,-18.060971069335938
2024-12-13 22:00:00-05:00,25.88,45.41278,-19.53278076171875
2024-12-13 23:00:00-05:00,23.02,38.335335,-15.315334777832032
2024-12-14 00:00:00-05:00,23.9,39.467075,-15.567075347900392
2024-12-14 01:00:00-05:00,23.95,32.46222,-8.51221923828125
2024-12-14 02:00:00-05:00,23.46,30.929342,-7.46934226989746
2024-12-14 03:00:00-05:00,22.57,27.821587,-5.2515866088867185
2024-12-14 04:00:00-05:00,22.0,29.062218,-7.062217712402344
2024-12-14 05:00:00-05:00,21.41,33.31398,-11.903980102539062
2024-12-14 06:00:00-05:00,22.95,42.033085,-19.083084869384766
2024-12-14 07:00:00-05:00,24.46,46.654213,-22.194212951660155
2024-12-14 08:00:00-05:00,23.97,41.281384,-17.311383514404298
2024-12-14 09:00:00-05:00,24.27,36.978905,-12.708904724121094
2024-12-14 10:00:00-05:00,24.74,33.507576,-8.767575988769533
2024-12-14 11:00:00-05:00,25.85,29.395975,-3.5459751129150376
2024-12-14 12:00:00-05:00,25.68,26.15893,-0.47892982482910185
2024-12-14 13:00:00-05:00,23.49,23.934196,-0.4441964721679703
2024-12-14 14:00:00-05:00,23.66,23.026787,0.6332131958007814
2024-12-14 15:00:00-05:00,20.61,23.638968,-3.0289675140380865
2024-12-14 16:00:00-05:00,24.05,28.56922,-4.519219589233398
2024-12-14 17:00:00-05:00,30.98,41.353485,-10.373485107421875
2024-12-14 18:00:00-05:00,28.5,38.9244,-10.424400329589844
2024-12-14 19:00:00-05:00,25.01,35.19236,-10.182359924316405
2024-12-14 20:00:00-05:00,23.86,30.510542,-6.650541915893555
2024-12-14 21:00:00-05:00,26.06,27.977951,-1.9179510498046888
2024-12-14 22:00:00-05:00,21.6,25.970224,-4.370224380493163
2024-12-14 23:00:00-05:00,22.15,23.718534,-1.5685344696044936
2024-12-15 00:00:00-05:00,23.81,22.064398,1.7456021881103503
2024-12-15 01:00:00-05:00,23.46,22.922426,0.537573776245118
2024-12-15 02:00:00-05:00,22.52,23.08994,-0.569939117431641
2024-12-15 03:00:00-05:00,21.13,21.9089,-0.7788993072509776
2024-12-15 04:00:00-05:00,20.37,20.917604,-0.5476044464111318
2024-12-15 05:00:00-05:00,21.13,22.26366,-1.1336604309082041
2024-12-15 06:00:00-05:00,21.25,26.249348,-4.999347686767578
2024-12-15 07:00:00-05:00,25.6,36.296303,-10.696302795410155
2024-12-15 08:00:00-05:00,27.43,28.646143,-1.2161429595947268
2024-12-15 09:00:00-05:00,27.97,26.725578,1.2444216918945301
2024-12-15 10:00:00-05:00,27.82,27.490759,0.32924110412597685
2024-12-15 11:00:00-05:00,27.66,26.23278,1.4272195434570314
2024-12-15 12:00:00-05:00,27.36,24.845371,2.514628753662109
2024-12-15 13:00:00-05:00,26.96,24.810375,2.149624786376954
2024-12-15 14:00:00-05:00,25.96,24.861322,1.0986775970458993
2024-12-15 15:00:00-05:00,25.22,22.682419,2.5375811767578114
2024-12-15 16:00:00-05:00,30.79,28.929554,1.860446014404296
2024-12-15 17:00:00-05:00,40.7,36.838825,3.8611747741699247
2024-12-15 18:00:00-05:00,35.5,37.04539,-1.5453910827636719
2024-12-15 19:00:00-05:00,31.06,32.294117,-1.2341169738769544
2024-12-15 20:00:00-05:00,29.77,31.907698,-2.137697677612305
2024-12-15 21:00:00-05:00,27.81,31.487165,-3.677165451049806
2024-12-15 22:00:00-05:00,24.24,28.370363,-4.130363235473634
2024-12-15 23:00:00-05:00,22.01,27.728989,-5.718988647460936
2024-12-16 00:00:00-05:00,21.23,31.481985,-10.251985092163086
2024-12-16 01:00:00-05:00,20.46,27.809248,-7.349247970581054
2024-12-16 02:00:00-05:00,19.76,26.940617,-7.180616607666014
2024-12-16 03:00:00-05:00,19.19,23.761475,-4.571474609374999
2024-12-16 04:00:00-05:00,19.9,24.255278,-4.355277633666994
2024-12-16 05:00:00-05:00,21.27,26.361393,-5.091392974853516
2024-12-16 06:00:00-05:00,26.12,30.257196,-4.137196426391601
2024-12-16 07:00:00-05:00,32.64,40.46854,-7.82854019165039
2024-12-16 08:00:00-05:00,30.44,33.98891,-3.548910675048827
2024-12-16 09:00:00-05:00,28.17,31.071123,-2.9011231231689436
2024-12-16 10:00:00-05:00,28.54,30.600393,-2.060393295288087
2024-12-16 11:00:00-05:00,26.52,30.985498,-4.465498428344727
2024-12-16 12:00:00-05:00,26.01,29.333757,-3.3237574005126937
2024-12-16 13:00:00-05:00,24.46,29.33859,-4.878590621948241
2024-12-16 14:00:00-05:00,24.25,28.056973,-3.8069725036621094
2024-12-16 15:00:00-05:00,24.36,27.542189,-3.1821886444091803
2024-12-16 16:00:00-05:00,25.72,30.96336,-5.243359832763673
2024-12-16 17:00:00-05:00,31.86,40.474113,-8.61411346435547
2024-12-16 18:00:00-05:00,30.33,37.228558,-6.898557586669924
2024-12-16 19:00:00-05:00,28.07,31.93594,-3.865939788818359
2024-12-16 20:00:00-05:00,27.55,29.50528,-1.9552795410156243
2024-12-16 21:00:00-05:00,26.19,27.084084,-0.894083557128905
2024-12-16 22:00:00-05:00,25.3,24.232883,1.06711654663086
2024-12-16 23:00:00-05:00,23.13,21.815853,1.3141468811035146
2024-12-17 00:00:00-05:00,20.5,20.195086,0.3049144744873047
2024-12-17 01:00:00-05:00,18.84,19.889757,-1.0497571563720705
2024-12-17 02:00:00-05:00,18.6,19.017073,-0.41707267761230327
2024-12-17 03:00:00-05:00,18.34,18.776766,-0.43676582336425795
2024-12-17 04:00:00-05:00,18.97,18.685701,0.28429862976074105
2024-12-17 05:00:00-05:00,21.29,21.01888,0.2711191558837882
2024-12-17 06:00:00-05:00,27.07,25.47822,1.5917800140380862
2024-12-17 07:00:00-05:00,35.15,31.01538,4.134619140624999
2024-12-17 08:00:00-05:00,32.06,30.796038,1.263962326049807
2024-12-17 09:00:00-05:00,28.93,28.460224,0.4697758483886716
2024-12-17 10:00:00-05:00,26.49,28.1155,-1.6254994964599625
2024-12-17 11:00:00-05:00,25.21,27.356567,-2.146567382812499
2024-12-17 12:00:00-05:00,25.5,26.132856,-0.6328563690185547
2024-12-17 13:00:00-05:00,24.69,24.894232,-0.20423179626464716
2024-12-17 14:00:00-05:00,24.31,24.63644,-0.32644027709961065
2024-12-17 15:00:00-05:00,26.41,24.604168,1.8058320617675783
2024-12-17 16:00:00-05:00,32.3,26.172342,6.127657699584958
2024-12-17 17:00:00-05:00,37.38,32.249916,5.130083923339846
2024-12-17 18:00:00-05:00,35.64,31.515285,4.124714508056641
2024-12-17 19:00:00-05:00,34.88,29.25315,5.626849060058596
2024-12-17 20:00:00-05:00,35.98,29.290592,6.689407806396481
2024-12-17 21:00:00-05:00,33.1,27.36165,5.738349533081056
2024-12-17 22:00:00-05:00,29.19,24.66042,4.529580535888673
2024-12-17 23:00:00-05:00,27.72,23.93469,3.7853095245361317
2024-12-18 00:00:00-05:00,28.95,21.310827,7.639172744750976
2024-12-18 01:00:00-05:00,26.26,20.590843,5.669156799316408
2024-12-18 02:00:00-05:00,24.97,20.123562,4.8464381408691395
2024-12-18 03:00:00-05:00,24.18,20.221779,3.9582211303710935
2024-12-18 04:00:00-05:00,24.07,20.452347,3.617653198242188
2024-12-18 05:00:00-05:00,26.83,22.902628,3.9273720550537092
2024-12-18 06:00:00-05:00,32.18,33.737778,-1.5577777099609378
2024-12-18 07:00:00-05:00,39.07,41.530334,-2.4603344726562497
2024-12-18 08:00:00-05:00,38.53,39.56452,-1.0345217895507801
2024-12-18 09:00:00-05:00,36.42,37.981407,-1.561407165527342
2024-12-18 10:00:00-05:00,35.92,35.074726,0.8452738952636736
2024-12-18 11:00:00-05:00,34.75,33.069668,1.6803321838378906
2024-12-18 12:00:00-05:00,31.88,32.163895,-0.2838946533203135
2024-12-18 13:00:00-05:00,30.5,31.303734,-0.8037338256835938
2024-12-18 14:00:00-05:00,28.15,30.227535,-2.077535247802736
2024-12-18 15:00:00-05:00,28.28,28.547527,-0.26752731323242074
2024-12-18 16:00:00-05:00,33.69,34.464077,-0.7740769958496116
2024-12-18 17:00:00-05:00,45.11,39.962772,5.147227630615234
2024-12-18 18:00:00-05:00,40.74,39.766834,0.9731657409667989
2024-12-18 19:00:00-05:00,37.55,36.92773,0.6222694396972628
2024-12-18 20:00:00-05:00,37.78,36.038284,1.7417156982421886
2024-12-18 21:00:00-05:00,36.92,34.90517,2.0148295593261736
2024-12-18 22:00:00-05:00,32.67,30.152695,2.517305297851564
2024-12-18 23:00:00-05:00,30.39,27.049873,3.3401266479492193
2024-12-19 00:00:00-05:00,33.4,27.170202,6.229797744750975
2024-12-19 01:00:00-05:00,35.97,25.023808,10.946192474365233
2024-12-19 02:00:00-05:00,34.81,23.896618,10.913382110595705
2024-12-19 03:00:00-05:00,35.13,23.850826,11.279173736572268
2024-12-19 04:00:00-05:00,35.51,24.222052,11.2879483795166
2024-12-19 05:00:00-05:00,38.46,27.552622,10.907378158569337
2024-12-19 06:00:00-05:00,49.39,33.74257,15.647431030273438
2024-12-19 07:00:00-05:00,62.05,40.09221,21.95779113769531
2024-12-19 08:00:00-05:00,55.38,39.533024,15.846976165771487
2024-12-19 09:00:00-05:00,46.69,36.703785,9.986215057373045
2024-12-19 10:00:00-05:00,39.25,36.641895,2.608104705810547
2024-12-19 11:00:00-05:00,36.39,35.595345,0.7946554565429693
2024-12-19 12:00:00-05:00,31.38,32.40685,-1.0268489074707041
2024-12-19 13:00:00-05:00,28.15,31.186037,-3.0360370635986342
2024-12-19 14:00:00-05:00,27.16,29.63175,-2.4717501068115233
2024-12-19 15:00:00-05:00,27.38,32.579754,-5.199753875732423
2024-12-19 16:00:00-05:00,32.01,37.685482,-5.675482025146486
2024-12-19 17:00:00-05:00,42.5,52.080788,-9.580787658691406
2024-12-19 18:00:00-05:00,41.9,48.121944,-6.221944427490236
2024-12-19 19:00:00-05:00,35.61,39.80227,-4.192268981933594
2024-12-19 20:00:00-05:00,32.84,40.072304,-7.232303771972653
2024-12-19 21:00:00-05:00,29.44,36.387966,-6.947966156005858
2024-12-19 22:00:00-05:00,24.22,32.916092,-8.696091918945314
2024-12-19 23:00:00-05:00,23.26,32.24414,-8.984140624999998
2024-12-20 00:00:00-05:00,23.58,29.750927,-6.170926971435549
2024-12-20 01:00:00-05:00,21.83,29.604416,-7.774415893554689
2024-12-20 02:00:00-05:00,22.13,28.21311,-6.083109970092774
2024-12-20 03:00:00-05:00,20.79,27.292864,-6.502863845825196
2024-12-20 04:00:00-05:00,20.95,27.398058,-6.448057937622071
2024-12-20 05:00:00-05:00,22.78,30.49448,-7.7144801330566395
2024-12-20 06:00:00-05:00,28.98,38.963688,-9.983687896728515
2024-12-20 07:00:00-05:00,40.08,51.67559,-11.59559051513672
2024-12-20 08:00:00-05:00,40.51,42.60799,-2.09799026489258
2024-12-20 09:00:00-05:00,34.11,38.506435,-4.39643539428711
2024-12-20 10:00:00-05:00,32.28,37.246414,-4.966414184570311
2024-12-20 11:00:00-05:00,33.81,34.541283,-0.7312826538085915
2024-12-20 12:00:00-05:00,33.91,30.421215,3.4887849426269497
2024-12-20 13:00:00-05:00,35.05,28.53612,6.513880538940427
2024-12-20 14:00:00-05:00,34.62,28.46783,6.152169342041013
2024-12-20 15:00:00-05:00,34.64,28.888624,5.751375808715821
2024-12-20 16:00:00-05:00,43.56,32.608795,10.951204833984377
2024-12-20 17:00:00-05:00,56.68,43.36131,13.318690948486328
2024-12-20 18:00:00-05:00,53.92,43.232693,10.687307281494142
2024-12-20 19:00:00-05:00,48.39,37.551086,10.83891357421875
2024-12-20 20:00:00-05:00,47.26,34.4642,12.795800933837889
2024-12-20 21:00:00-05:00,46.69,31.106403,15.58359664916992
2024-12-20 22:00:00-05:00,47.44,28.714722,18.725278320312498
2024-12-20 23:00:00-05:00,43.34,27.04741,16.292590942382816
2024-12-21 00:00:00-05:00,40.9,26.628048,14.271952056884764
2024-12-21 01:00:00-05:00,37.07,22.351309,14.718691177368164
2024-12-21 02:00:00-05:00,34.62,21.710184,12.909815902709958
2024-12-21 03:00:00-05:00,34.1,20.147926,13.952073669433595
2024-12-21 04:00:00-05:00,33.74,20.291521,13.448478927612307
2024-12-21 05:00:00-05:00,33.46,22.706331,10.753668746948243
2024-12-21 06:00:00-05:00,36.1,24.94867,11.151330566406251
2024-12-21 07:00:00-05:00,43.92,35.71752,8.202478332519533
2024-12-21 08:00:00-05:00,44.67,34.738647,9.931352539062502
2024-12-21 09:00:00-05:00,40.55,29.723722,10.826277542114255
2024-12-21 10:00:00-05:00,35.63,26.368532,9.26146781921387
2024-12-21 11:00:00-05:00,33.53,27.557417,5.9725830841064464
2024-12-21 12:00:00-05:00,32.17,27.428045,4.741954727172853
2024-12-21 13:00:00-05:00,30.31,28.688547,1.6214528656005847
2024-12-21 14:00:00-05:00,27.88,28.800846,-0.9208460998535166
2024-12-21 15:00:00-05:00,28.6,30.549015,-1.9490150451660142
2024-12-21 16:00:00-05:00,35.5,38.182808,-2.6828079223632812
2024-12-21 17:00:00-05:00,46.74,52.667202,-5.927201995849607
2024-12-21 18:00:00-05:00,49.56,44.44017,5.119829711914065
2024-12-21 19:00:00-05:00,43.84,41.30395,2.536048736572269
2024-12-21 20:00:00-05:00,41.08,41.25681,-0.17680923461914233
2024-12-21 21:00:00-05:00,38.05,41.13983,-3.089831542968753
2024-12-21 22:00:00-05:00,32.86,40.34206,-7.482060089111329
2024-12-21 23:00:00-05:00,29.9,38.311924,-8.411923980712892
2024-12-22 00:00:00-05:00,35.93,37.60937,-1.6793711853027347
2024-12-22 01:00:00-05:00,35.42,34.63134,0.788659973144533
2024-12-22 02:00:00-05:00,32.65,33.823936,-1.1739364624023452
2024-12-22 03:00:00-05:00,32.51,32.870544,-0.360544433593752
2024-12-22 04:00:00-05:00,30.83,31.813547,-0.9835471343994158
2024-12-22 05:00:00-05:00,29.3,31.445679,-2.1456787109374993
2024-12-22 06:00:00-05:00,30.71,34.908356,-4.198355712890624
2024-12-22 07:00:00-05:00,36.13,46.979652,-10.849652404785154
2024-12-22 08:00:00-05:00,34.29,43.46587,-9.175869903564454
2024-12-22 09:00:00-05:00,28.05,37.279522,-9.229521942138671
2024-12-22 10:00:00-05:00,26.56,33.05566,-6.495660247802736
2024-12-22 11:00:00-05:00,24.23,31.123896,-6.893895645141601
2024-12-22 12:00:00-05:00,23.56,28.769861,-5.209861221313478
2024-12-22 13:00:00-05:00,22.45,27.396812,-4.9468124389648445
2024-12-22 14:00:00-05:00,21.76,25.232372,-3.4723722839355453
2024-12-22 15:00:00-05:00,21.66,25.838081,-4.178081359863281
2024-12-22 16:00:00-05:00,25.81,33.14489,-7.33488983154297
2024-12-22 17:00:00-05:00,35.14,48.37372,-13.23371826171875
2024-12-22 18:00:00-05:00,32.57,44.226578,-11.656577758789062
2024-12-22 19:00:00-05:00,28.42,40.684147,-12.264146881103514
2024-12-22 20:00:00-05:00,27.31,38.165905,-10.855904998779298
2024-12-22 21:00:00-05:00,26.62,33.579185,-6.959185485839843
2024-12-22 22:00:00-05:00,24.93,28.8964,-3.9664004516601565
2024-12-22 23:00:00-05:00,22.6,26.398947,-3.7989467620849595
2024-12-23 00:00:00-05:00,22.24,30.464638,-8.224637756347658
2024-12-23 01:00:00-05:00,22.74,29.054462,-6.31446243286133
2024-12-23 02:00:00-05:00,22.63,26.054756,-3.4247561645507822
2024-12-23 03:00:00-05:00,22.44,25.719004,-3.279003677368163
2024-12-23 04:00:00-05:00,23.55,27.021326,-3.471326065063476
2024-12-23 05:00:00-05:00,24.53,28.689657,-4.15965721130371
2024-12-23 06:00:00-05:00,31.43,31.549644,-0.11964447021484403
2024-12-23 07:00:00-05:00,43.37,37.333897,6.036103363037107
2024-12-23 08:00:00-05:00,40.32,36.28169,4.038311309814453
2024-12-23 09:00:00-05:00,34.46,33.25032,1.2096795654296884
2024-12-23 10:00:00-05:00,34.6,33.278225,1.321775054931642
2024-12-23 11:00:00-05:00,33.75,31.961422,1.7885780334472656
2024-12-23 12:00:00-05:00,32.72,32.16429,0.5557086181640614
2024-12-23 13:00:00-05:00,30.9,31.268518,-0.368518447875978
2024-12-23 14:00:00-05:00,29.74,28.692163,1.0478365325927719
2024-12-23 15:00:00-05:00,31.25,29.17014,2.0798606872558594
2024-12-23 16:00:00-05:00,36.01,33.12614,2.883859405517576
2024-12-23 17:00:00-05:00,52.09,41.738316,10.351684417724613
2024-12-23 18:00:00-05:00,51.66,40.75623,10.903770599365231
2024-12-23 19:00:00-05:00,44.35,36.510033,7.839967346191408
2024-12-23 20:00:00-05:00,43.23,34.952698,8.277302246093747
2024-12-23 21:00:00-05:00,44.86,33.78644,11.073558197021484
2024-12-23 22:00:00-05:00,43.37,31.374735,11.995265121459958
2024-12-23 23:00:00-05:00,38.25,30.42452,7.825479507446289
2024-12-24 00:00:00-05:00,30.41,26.63036,3.779640350341797
2024-12-24 01:00:00-05:00,27.05,26.77341,0.2765892028808601
2024-12-24 02:00:00-05:00,25.39,26.473839,-1.0838388061523432
2024-12-24 03:00:00-05:00,25.07,26.536016,-1.4660164642333982
2024-12-24 04:00:00-05:00,25.45,27.236889,-1.7868888854980476
2024-12-24 05:00:00-05:00,26.77,28.675253,-1.9052529144287114
2024-12-24 06:00:00-05:00,30.85,33.774845,-2.924845123291014
2024-12-24 07:00:00-05:00,35.9,44.449257,-8.549256896972658
2024-12-24 08:00:00-05:00,37.52,42.249176,-4.729176025390622
2024-12-24 09:00:00-05:00,33.57,36.59939,-3.0293881225585935
2024-12-24 10:00:00-05:00,33.08,35.37855,-2.2985514831542986
2024-12-24 11:00:00-05:00,31.64,33.344406,-1.704406127929687
2024-12-24 12:00:00-05:00,30.33,31.826345,-1.4963454437255876
2024-12-24 13:00:00-05:00,29.65,31.258211,-1.6082111358642592
2024-12-24 14:00:00-05:00,32.02,31.57918,0.4408202362060578
2024-12-24 15:00:00-05:00,32.4,32.219257,0.18074264526367045
2024-12-24 16:00:00-05:00,37.11,36.22904,0.8809617614746088
2024-12-24 17:00:00-05:00,37.38,45.607143,-8.227143402099607
2024-12-24 18:00:00-05:00,35.56,44.84518,-9.285180511474607
2024-12-24 19:00:00-05:00,33.25,42.59672,-9.346721649169922
2024-12-24 20:00:00-05:00,30.73,40.990005,-10.260005493164062
2024-12-24 21:00:00-05:00,27.58,40.885887,-13.305887145996095
2024-12-24 22:00:00-05:00,27.18,39.263348,-12.083347625732422
2024-12-24 23:00:00-05:00,27.01,35.155228,-8.145227661132811
2024-12-25 00:00:00-05:00,25.75,30.33866,-4.588659286499023
2024-12-25 01:00:00-05:00,22.17,28.273956,-6.103956298828123
2024-12-25 02:00:00-05:00,21.48,26.821243,-5.341243286132812
2024-12-25 03:00:00-05:00,20.92,25.980335,-5.060335235595701
2024-12-25 04:00:00-05:00,21.83,25.524822,-3.6948222351074236
2024-12-25 05:00:00-05:00,22.97,26.299816,-3.329816131591798
2024-12-25 06:00:00-05:00,23.19,30.326244,-7.136244354248046
2024-12-25 07:00:00-05:00,25.39,34.582672,-9.192672119140624
2024-12-25 08:00:00-05:00,27.38,34.68219,-7.302189941406251
2024-12-25 09:00:00-05:00,28.6,31.90383,-3.3038295745849595
2024-12-25 10:00:00-05:00,28.4,31.45327,-3.053269958496095
2024-12-25 11:00:00-05:00,27.59,30.209879,-2.619878921508789
2024-12-25 12:00:00-05:00,26.16,30.008339,-3.848338928222656
2024-12-25 13:00:00-05:00,25.4,29.127975,-3.727975463867189
2024-12-25 14:00:00-05:00,24.2,29.921556,-5.721556472778321
2024-12-25 15:00:00-05:00,24.49,30.14667,-5.656669387817384
2024-12-25 16:00:00-05:00,26.27,33.72562,-7.455620269775391
2024-12-25 17:00:00-05:00,29.68,35.621548,-5.94154769897461
2024-12-25 18:00:00-05:00,27.39,35.51717,-8.127169952392578
2024-12-25 19:00:00-05:00,24.23,33.1604,-8.930400390625
2024-12-25 20:00:00-05:00,24.01,31.693352,-7.683351745605467
2024-12-25 21:00:00-05:00,22.83,29.743183,-6.91318313598633
2024-12-25 22:00:00-05:00,23.09,29.555376,-6.4653760528564455
2024-12-25 23:00:00-05:00,21.87,27.596268,-5.7262677001953115
2024-12-26 00:00:00-05:00,21.43,26.313616,-4.883615798950196
2024-12-26 01:00:00-05:00,21.01,24.99305,-3.9830496215820297
2024-12-26 02:00:00-05:00,20.63,24.602251,-3.9722510528564463
2024-12-26 03:00:00-05:00,20.44,22.864378,-2.424377975463866
2024-12-26 04:00:00-05:00,20.46,23.565437,-3.1054373168945304
2024-12-26 05:00:00-05:00,21.41,26.758404,-5.348403778076172
2024-12-26 06:00:00-05:00,23.01,30.572685,-7.562685241699217
2024-12-26 07:00:00-05:00,28.38,31.055616,-2.6756163787841807
2024-12-26 08:00:00-05:00,29.09,32.906994,-3.816993865966797
2024-12-26 09:00:00-05:00,30.41,31.665812,-1.255811538696289
2024-12-26 10:00:00-05:00,29.08,32.0387,-2.9587001037597673
2024-12-26 11:00:00-05:00,28.98,31.325802,-2.345801849365234
2024-12-26 12:00:00-05:00,28.71,29.270887,-0.5608873748779288
2024-12-26 13:00:00-05:00,31.46,29.19949,2.2605104064941415
2024-12-26 14:00:00-05:00,30.95,28.048895,2.901105117797851
2024-12-26 15:00:00-05:00,30.23,28.394691,1.8353085327148442
2024-12-26 16:00:00-05:00,31.02,30.559973,0.46002723693847614
2024-12-26 17:00:00-05:00,34.41,32.667587,1.742412719726559
2024-12-26 18:00:00-05:00,30.2,31.196547,-0.9965465545654304
2024-12-26 19:00:00-05:00,28.03,28.58502,-0.555020065307616
2024-12-26 20:00:00-05:00,26.52,27.690317,-1.1703171539306645
2024-12-26 21:00:00-05:00,25.29,28.543842,-3.253842315673829
2024-12-26 22:00:00-05:00,22.97,27.902811,-4.93281105041504
2024-12-26 23:00:00-05:00,21.26,25.834002,-4.574001541137694
2024-12-27 00:00:00-05:00,20.74,23.654299,-2.9142987823486344
2024-12-27 01:00:00-05:00,20.52,21.814184,-1.2941841888427739
2024-12-27 02:00:00-05:00,20.0,21.209398,-1.2093982696533203
2024-12-27 03:00:00-05:00,19.23,20.961515,-1.7315154266357418
2024-12-27 04:00:00-05:00,19.61,21.263288,-1.6532884979248053
2024-12-27 05:00:00-05:00,20.11,23.424465,-3.31446517944336
2024-12-27 06:00:00-05:00,21.89,28.851002,-6.961001739501953
2024-12-27 07:00:00-05:00,24.51,31.788591,-7.278591384887694
2024-12-27 08:00:00-05:00,28.23,32.084137,-3.8541369628906246
2024-12-27 09:00:00-05:00,28.25,30.768578,-2.5185775756835938
2024-12-27 10:00:00-05:00,28.08,29.849758,-1.769758148193361
2024-12-27 11:00:00-05:00,28.36,30.27124,-1.9112402343750006
2024-12-27 12:00:00-05:00,29.66,30.15847,-0.4984701538085936
2024-12-27 13:00:00-05:00,29.18,31.667995,-2.4879954528808597
2024-12-27 14:00:00-05:00,29.27,30.602568,-1.3325676727294926
2024-12-27 15:00:00-05:00,28.19,30.457706,-2.2677064514160143
2024-12-27 16:00:00-05:00,31.5,31.819115,-0.31911468505859375
2024-12-27 17:00:00-05:00,37.74,33.825348,3.914652099609377
2024-12-27 18:00:00-05:00,34.27,31.546528,2.723472137451175
2024-12-27 19:00:00-05:00,30.88,30.545822,0.3341778564453115
2024-12-27 20:00:00-05:00,27.63,29.509127,-1.8791266632080088
2024-12-27 21:00:00-05:00,27.54,27.679077,-0.13907714843750085
2024-12-27 22:00:00-05:00,25.3,27.148113,-1.8481132507324212
2024-12-27 23:00:00-05:00,23.19,26.10884,-2.918840942382811
2024-12-28 00:00:00-05:00,20.56,24.458296,-3.898295822143556
2024-12-28 01:00:00-05:00,18.89,23.927902,-5.037902221679687
2024-12-28 02:00:00-05:00,17.78,22.731644,-4.951643676757811
2024-12-28 03:00:00-05:00,17.45,22.264645,-4.814644622802735
2024-12-28 04:00:00-05:00,17.65,21.553682,-3.9036823272705092
2024-12-28 05:00:00-05:00,18.73,21.882504,-3.152503509521484
2024-12-28 06:00:00-05:00,20.06,23.229296,-3.1692957305908216
2024-12-28 07:00:00-05:00,21.4,25.662027,-4.2620273590087905
2024-12-28 08:00:00-05:00,22.39,27.773245,-5.383244857788085
2024-12-28 09:00:00-05:00,23.96,27.723074,-3.763073959350585
2024-12-28 10:00:00-05:00,25.44,27.077465,-1.6374650573730456
2024-12-28 11:00:00-05:00,25.67,27.345194,-1.6751938629150374
2024-12-28 12:00:00-05:00,24.77,26.744543,-1.9745430755615239
2024-12-28 13:00:00-05:00,23.89,26.31872,-2.428719863891601
2024-12-28 14:00:00-05:00,22.92,25.261425,-2.341425018310545
2024-12-28 15:00:00-05:00,24.06,25.345144,-1.2851442718505872
2024-12-28 16:00:00-05:00,26.91,28.644325,-1.734325256347656
2024-12-28 17:00:00-05:00,33.61,36.434856,-2.8248564147949224
2024-12-28 18:00:00-05:00,30.55,32.483974,-1.9339744567871087
2024-12-28 19:00:00-05:00,25.94,29.662336,-3.7223363494873034
2024-12-28 20:00:00-05:00,25.45,28.49502,-3.0450199127197273
2024-12-28 21:00:00-05:00,24.03,27.545385,-3.5153853607177723
2024-12-28 22:00:00-05:00,23.11,24.463251,-1.3532511138916021
2024-12-28 23:00:00-05:00,22.73,23.465494,-0.7354941558837886
2024-12-29 00:00:00-05:00,22.62,22.692059,-0.07205856323242088
2024-12-29 01:00:00-05:00,23.1,22.3908,0.7091995239257827
2024-12-29 02:00:00-05:00,22.86,21.295534,1.5644658660888666
2024-12-29 03:00:00-05:00,22.54,21.052313,1.4876871490478507
2024-12-29 04:00:00-05:00,21.81,20.896017,0.9139829254150378
2024-12-29 05:00:00-05:00,21.75,20.451065,1.2989349365234375
2024-12-29 06:00:00-05:00,22.23,21.901352,0.3286480712890629
2024-12-29 07:00:00-05:00,23.55,24.509615,-0.9596149444580071
2024-12-29 08:00:00-05:00,25.07,25.314074,-0.24407356262207003
2024-12-29 09:00:00-05:00,26.71,24.736277,1.9737233734130868
2024-12-29 10:00:00-05:00,26.15,24.420956,1.7290443420410142
2024-12-29 11:00:00-05:00,25.71,24.147697,1.562302551269532
2024-12-29 12:00:00-05:00,26.39,23.204641,3.1853586578369146
2024-12-29 13:00:00-05:00,25.5,22.756302,2.7436981201171875
2024-12-29 14:00:00-05:00,24.65,22.585861,2.064138793945311
2024-12-29 15:00:00-05:00,23.59,22.811646,0.7783544921874999
2024-12-29 16:00:00-05:00,27.63,26.19854,1.4314602661132803
2024-12-29 17:00:00-05:00,35.19,32.95234,2.2376608276367165
2024-12-29 18:00:00-05:00,33.22,30.367228,2.85277244567871
2024-12-29 19:00:00-05:00,32.98,26.511965,6.468035202026364
2024-12-29 20:00:00-05:00,32.9,25.455746,7.444254302978514
2024-12-29 21:00:00-05:00,30.65,24.615858,6.034141921997069
2024-12-29 22:00:00-05:00,29.32,24.321875,4.998125381469727
2024-12-29 23:00:00-05:00,27.3,23.270472,4.029528427124024
2024-12-30 00:00:00-05:00,23.55,22.32262,1.2273796081542976
2024-12-30 01:00:00-05:00,22.46,23.308361,-0.848361053466796
2024-12-30 02:00:00-05:00,21.7,23.141754,-1.4417541503906257
2024-12-30 03:00:00-05:00,21.33,22.40639,-1.076389236450197
2024-12-30 04:00:00-05:00,21.34,22.053564,-0.7135640716552736
2024-12-30 05:00:00-05:00,22.7,24.165146,-1.4651458740234382
2024-12-30 06:00:00-05:00,26.61,27.105078,-0.495077743530274
2024-12-30 07:00:00-05:00,34.41,30.902477,3.5075227355956997
2024-12-30 08:00:00-05:00,34.73,31.1292,3.6008000183105437
2024-12-30 09:00:00-05:00,32.48,31.829166,0.6508335876464812
2024-12-30 10:00:00-05:00,29.31,31.49412,-2.1841196441650403
2024-12-30 11:00:00-05:00,29.56,29.920425,-0.3604254150390638
2024-12-30 12:00:00-05:00,27.59,31.295559,-3.7055589294433595
2024-12-30 13:00:00-05:00,27.18,29.318258,-2.138258285522461
2024-12-30 14:00:00-05:00,25.86,28.27826,-2.4182592773437506
2024-12-30 15:00:00-05:00,26.25,28.163153,-1.9131526947021484
2024-12-30 16:00:00-05:00,27.21,33.92349,-6.7134886169433585
2024-12-30 17:00:00-05:00,32.84,37.201893,-4.3618928527832
2024-12-30 18:00:00-05:00,28.02,35.981956,-7.961956481933594
2024-12-30 19:00:00-05:00,27.17,35.383152,-8.213152008056639
2024-12-30 20:00:00-05:00,25.57,33.637955,-8.067954711914062
2024-12-30 21:00:00-05:00,23.72,33.42222,-9.702218322753907
2024-12-30 22:00:00-05:00,22.43,32.956787,-10.526787109375
2024-12-30 23:00:00-05:00,20.48,30.633644,-10.153644104003906
2024-12-31 00:00:00-05:00,19.17,23.244732,-4.07473190307617
2024-12-31 01:00:00-05:00,17.91,21.83712,-3.9271200561523436
2024-12-31 02:00:00-05:00,16.0,20.785023,-4.785022735595703
2024-12-31 03:00:00-05:00,15.08,20.496649,-5.416648788452148
2024-12-31 04:00:00-05:00,15.13,20.70822,-5.578219528198241
2024-12-31 05:00:00-05:00,16.43,23.234531,-6.804531402587891
2024-12-31 06:00:00-05:00,19.06,26.894117,-7.834117355346681
2024-12-31 07:00:00-05:00,22.84,31.894196,-9.054195556640625
2024-12-31 08:00:00-05:00,22.18,32.37207,-10.1920703125
2024-12-31 09:00:00-05:00,21.21,29.651787,-8.441786804199218
2024-12-31 10:00:00-05:00,21.4,28.669369,-7.269368743896486
2024-12-31 11:00:00-05:00,21.11,28.071823,-6.961823120117188
2024-12-31 12:00:00-05:00,20.67,26.330963,-5.660963134765623
2024-12-31 13:00:00-05:00,20.51,26.088825,-5.578825225830077
2024-12-31 14:00:00-05:00,20.37,25.160162,-4.790161972045897
2024-12-31 15:00:00-05:00,20.44,25.967733,-5.52773338317871
2024-12-31 16:00:00-05:00,24.06,28.423136,-4.36313575744629
2024-12-31 17:00:00-05:00,27.43,31.334883,-3.904882736206055
2024-12-31 18:00:00-05:00,27.07,28.16499,-1.0949894714355466
2024-12-31 19:00:00-05:00,26.96,25.815151,1.1448487854003915
2024-12-31 20:00:00-05:00,25.52,25.136314,0.3836856079101558
2024-12-31 21:00:00-05:00,24.26,23.562075,0.6979253387451188
2024-12-31 22:00:00-05:00,23.37,22.723986,0.6460143280029307
2024-12-31 23:00:00-05:00,22.29,22.085993,0.20400718688964758
